site,player,n_hands,m,sd,bb100,se,lo,hi
ONG,GC3wAb64nieD1ifuFCJk1g,8762,0.5448649442429222,11.578134266048814,54.48649442429222,12.369067431653813,30.243122258250747,78.72986659033369
PTY,DvIIkvFDAbYHlruNLbc4bg,26826,0.5215853432515123,9.612680571849877,52.15853432515123,5.869032992348274,40.65522966014861,63.661838990153846
PTY,EKNGmXlmV0Hwu1SULuOQuA,8117,0.508058289585258,10.405942400108659,50.8058289585258,11.55004415844659,28.167742407970483,73.44391550908112
PTY,shirY8xGfBJJeyhfh5r3lw,5646,0.49478643146989154,10.279691382880342,49.47864314698916,13.680741583388546,22.664389643547608,76.2928966504307
PTY,JgSSxWKK+SJOzPeJAUgBAg,5654,0.47631562195786153,9.746575500884713,47.63156219578615,12.962063636980146,22.225917467305067,73.03720692426724
PTY,4LAD8Gn+dSDRaswNeDi/3A,9158,0.47216798939489335,10.382136084833492,47.21679893948934,10.848917272622595,25.95292108514905,68.48067679382962
ABS,X+u4T/E5ANkyZLKm1YjqwQ,10032,0.447562826789568,16.96341206899068,44.7562826789568,16.93633557596228,11.561064950070737,77.95150040784287
PTY,Z8SMtbowaR83cWd6FAIhVQ,6497,0.4472523228421163,11.239084672993641,44.72523228421163,13.943586966607166,17.395801829661583,72.05466273876168
PTY,GmLeWhhd4zi1Crmcc6sOJg,7937,0.4320153393545063,9.528573799759148,43.201533935450634,10.695466008679581,22.238420558438655,64.16464731246262
PS,aWEBY561Na803Zn/YuCHVg,8380,0.42219958384487966,7.980677712740618,42.21995838448797,8.7180180436467,25.132643018940435,59.3072737500355
ONG,vpd3Q5U0oKbzwfELlaKuww,13341,0.4206892290558828,11.001825093713565,42.06892290558828,9.525121940133566,23.39968390292649,60.73816190825007
PTY,qbjs2JtMJf9AuonbWwISOw,7409,0.4201365545440306,7.772465777455785,42.01365545440306,9.029818501196935,24.315211192057063,59.71209971674905
ONG,rPD4nxZcCMMtDra6guHqqA,6345,0.41917493959714147,13.91745718269996,41.91749395971415,17.472058721990706,7.672258864612367,76.16272905481594
PTY,5MkrFJ5iDB7sK7cd7JMRnA,8890,0.4173620913207062,8.624026951334919,41.73620913207062,9.146590263608546,23.80889221539787,59.66352604874337
PTY,MLP9SyXoLNKkAnZkEUQtWQ,8806,0.4156057657896051,10.86499032566152,41.560576578960514,11.578172171562246,18.867359122698513,64.25379403522251
PS,GH9LYGHkTiNqQMmDTOgG2Q,13856,0.40926990228948157,9.058353125991147,40.926990228948156,7.6953842413727696,25.844037115857528,56.00994334203878
PTY,Vv3ekXMUoegwLZ4dzq9mYg,6960,0.3976174072544465,10.530802215679163,39.76174072544465,12.622832994047826,15.020988057110916,64.5024933937784
ONG,SDPBYa7Uf4G7foKyTzzU+w,6075,0.3935728744187473,10.2691523880513,39.357287441874725,13.175328656868237,13.53364327441298,65.18093160933647
PTY,02yWtiT4/p4FpY43GMkjmw,7762,0.3906640892128943,12.077271048169465,39.06640892128943,13.70824930128382,12.198240290773143,65.93457755180572
PTY,9haQ/qX2HFQ5Bf0D8Wknug,16954,0.38171160132917,10.103667654575979,38.171160132916995,7.759664831538828,22.962217063100894,53.380103202733096
FTP,njQNforFFxikcV0dFLy3pw,5380,0.37157667264979344,9.78455988710599,37.157667264979345,13.33982578655155,11.011608723338306,63.303725806620385
ONG,K2Pr0wL3zw8i5TlVS9F+cw,7429,0.3662250897569938,10.952517301254733,36.62250897569938,12.707167912132581,11.716459867919525,61.52855808347924
PS,fNti9YuyErjrrBIUhdVa/A,5316,0.365570129522531,7.7858515463197895,36.557012952253096,10.678583122863628,15.626990031440386,57.48703587306581
PS,bwxHnHrX5U30W1lnhAOqNA,9983,0.3620127133874339,7.632499460515406,36.20127133874339,7.638995368513864,21.228840416456215,51.17370226103056
PTY,cA+Iy1ZcVbiCrJ9zoUEMGQ,9289,0.3609339872900297,7.480553871618106,36.09339872900297,7.761564545389646,20.880732220039263,51.30606523796668
PS,h/U5Ea7Y+Jkemx4LN9SFWg,6452,0.3582544194041334,7.657103161151107,35.82544194041334,9.532730579149566,17.14129000528019,54.50959387554649
PTY,myJbOhTYv/R/XgZEHZSoEw,8610,0.3517516872496209,8.062606780299049,35.17516872496209,8.689082159422759,18.144567692493485,52.2057697574307
PTY,C8sK+WUl3Tw15iXMp/DcIA,5477,0.3510246630020063,7.574359791955568,35.10246630020063,10.234686879225025,15.042480016919583,55.16245258348168
ABS,9iP7+rPC/bWJQ9wOkbpE8w,5954,0.35021103687239025,15.96242062372323,35.02110368723903,20.68684857613323,-5.525119521982106,75.56732689646016
ONG,1uU/0Cf6DACEea9IL96S1w,8427,0.34857086706395973,11.254805785296265,34.857086706395975,12.260311603429727,10.82687596367371,58.887297449118236
PS,lwSPJc0+lIm7z4+ybvlVXQ,11003,0.34853366490358345,8.65197099157662,34.85336649035835,8.248205985022215,18.686882759714806,51.01985022100189
PTY,eGrc5f50Hr6lXG9UfRvEjg,14532,0.3420864022481738,8.516523187422388,34.20864022481738,7.064796206957838,20.361639659180018,48.055640790454746
FTP,l5gUGCovRUP56UHG7xQ8NA,6169,0.33979251398406785,7.631560219326788,33.97925139840679,9.716412642183528,14.935082619727073,53.02342017708651
ONG,2HBiQhFpe1uYFM7n3B1O0A,5435,0.3348050494298764,11.78791601166619,33.480504942987636,15.989587452346013,2.1409135363894514,64.82009634958582
PTY,9MFSCjySLjZOYpIqTBkijA,6531,0.33023143433578583,8.258204545037247,33.02314343357858,10.218703396633353,12.99448477617721,53.051802090979955
ABS,ZvUzSVOOKZwfU5rLMFTUFg,6467,0.32470012584636954,20.305646733817813,32.470012584636955,25.25023333981646,-17.02044476140331,81.96046993067722
PS,K4zNK4CwpTxdZKecGIin6w,5096,0.32464416572397203,11.408032027189053,32.464416572397205,15.980708219320999,1.142228462528049,63.78660468226636
PS,K9BiEdGF/r+JWL6h4ws/Hg,8935,0.3236500140302463,9.838244024731276,32.36500140302463,10.408072578874478,11.965179148430654,52.76482365761861
PTY,X/VpMy37bJjutP9nStPZDg,7303,0.3158511915475622,7.620894462695394,31.58511915475622,8.917750079568249,14.106328998802454,49.06390931070999
IPN,RdoxhIgdsPeeEDfQtPAazA,7054,0.312337326570851,4.682582128008396,31.2337326570851,5.575292738540202,20.306158889546303,42.161306424623895
PS,p/aReKdeU9LHD7evGw7GVQ,5258,0.3079564507126797,8.899478492905645,30.79564507126797,12.273099834465908,6.74036939571479,54.850920746821146
PS,0cD+QBSgg7iaTi47fEwvFQ,6342,0.3078577361932804,6.689279548060946,30.78577361932804,8.39974741628424,14.322268683410929,47.249278555245155
ONG,RPvcrPNAkzCQQMiF4CgJwQ,6351,0.3071668818890708,11.789094370884225,30.71668818890708,14.793106634974839,1.7221991843563984,59.711177193457765
ONG,Ba4WLBMcli6Io15AsUdHfQ,5978,0.2985393665939714,9.410902546658539,29.85393665939714,12.171758328502404,5.997290335532426,53.71058298326185
ABS,DkWRW5c+y44NWqhXlfqRNA,6140,0.2975454964781186,13.561600034625068,29.754549647811864,17.307197364608058,-4.167557186819927,63.676656482443654
PS,+8IRQMv2G9auUkEymAQt+A,5886,0.2975433250440451,10.45912461185742,29.754332504404513,13.632804550629599,3.0340355851705,56.474629423638525
ABS,sCsQGI0NrzNv63rboTnKiA,5758,0.289859933918714,9.195355229289664,28.9859933918714,12.118048351700823,5.234618622537788,52.73736816120501
ONG,1lYakO7Y0QZSzs+NZ4+Tcw,6041,0.28978066524884455,9.461285068766559,28.978066524884454,12.172946410842632,5.119091559632896,52.837041490136016
PS,bYlyZfBRCGzQ1GLogp5nlg,5203,0.28953560889288127,8.460184683422519,28.953560889288127,11.728782445197579,5.965147296700874,51.94197448187538
ABS,7UMWp9LYV/jRp2xl0e0gmA,6596,0.2863405450098126,10.039226925686423,28.63405450098126,12.361180485613778,4.406140749178256,52.861968252784266
IPN,FvjmXM8L0rWcIX/eKMbICQ,17536,0.2840043431161529,6.862618394949167,28.400434311615292,5.182324238103587,18.24307880493226,38.557789818298325
ABS,4mVkxlh9h189uiv0Cg1fFQ,5263,0.2838759290151059,10.722555533943112,28.38759290151059,14.78024452801739,-0.5816863734034925,57.35687217642467
ABS,L4t/lZDRnnvXVO2dchlKTA,7147,0.2812508745117673,12.614079906477127,28.12508745117673,14.920854202943666,-1.1197867865928544,57.36996168894631
PS,BaTYtqErxLXYwPz1hEgWHQ,10427,0.28088444175786925,7.995860761289192,28.088444175786925,7.830428637923649,12.740804045456573,43.43608430611728
FTP,/H3Z7hvoQlU4gvP+qPfT8Q,5762,0.2787371318191238,10.96526608676894,27.87371318191238,14.445498978529978,-0.4394648160063781,56.186891179831136
ONG,1g14Ciu2ZbbMmfkXLsO3qQ,10498,0.27847707157773244,11.420463586256492,27.847707157773243,11.146292849188596,6.000973173363597,49.69444114218289
FTP,rx3FfBI4UbUxiCnQPiaT0Q,7423,0.2770051378578602,9.728462881400853,27.70051378578602,11.291574282808241,5.569028191481866,49.83199938009017
ABS,uRZ/nkWHmb5GY/JoaUxtoA,5630,0.2767595041700396,14.760027998243947,27.675950417003957,19.67129647453989,-10.879790673094224,66.23169150710214
ABS,xazkCVVGS7KngvEkbnvMGQ,6632,0.2743248660634165,14.610461586627933,27.432486606341648,17.940794761330114,-7.731471125865376,62.59644433854867
PS,ydxhYTTrK2wGw9BYPL0sAg,6168,0.27315316893505814,7.093028771108928,27.315316893505816,9.03149277711276,9.613591050364807,45.01704273664683
IPN,shfwDmjQANEC5wMgZe1lDA,5486,0.27117663006951154,5.639385831552364,27.117663006951155,7.613842823876057,12.194531072154083,42.040794941748224
PS,1ScqYmNf7/uWx1XSBgPTBw,8440,0.2681270797834048,6.9519280058278925,26.812707978340477,7.5671796162015115,11.981035930585515,41.64438002609544
PTY,WcMjYK9+Bri6zRQ8S+vxtg,6245,0.26713088928841894,9.900387516916794,26.713088928841895,12.52812196013726,2.1579698869728645,51.268207970710925
IPN,a8JKkm9goRvXeDSL7Yveaw,11311,0.2667667765314262,5.116410469487021,26.676677653142622,4.810773142675292,17.24756229349905,36.105793012786194
ABS,/Xy8BjtcwvEreEmyTKbwnA,5153,0.26524613524177876,11.42574706323395,26.524613524177877,15.916755110652197,-4.672226492700428,57.72145354105618
FTP,qG7ZYjYAQasvXRlwyON8Gg,6537,0.2591947733721795,13.27573653501144,25.91947733721795,16.419857452190282,-6.263443269075005,58.1023979435109
PS,tHdgwz4Vd+UDV5ThrPEBVw,7038,0.2549505079414936,9.129053310547041,25.49505079414936,10.881809329892823,4.166704507559427,46.8233970807393
IPN,Ah+ZmORovN/Y5GFkfiCFDA,13329,0.25483157486450164,6.9751998120114,25.483157486450164,6.041682086795467,13.641460596331049,37.32485437656928
PTY,5M5I9/Ca3bbNphQNnrDceA,6956,0.24974492920590474,8.28179123309052,24.974492920590475,9.929891244191483,5.5119060819751695,44.43707975920578
PS,E4G7x4pJgm/G68SG+wJVFA,5057,0.2491412899882892,10.710757251518816,24.914128998828918,15.061689828710069,-4.606783065442816,54.435041063100655
PTY,iv3F5Nfys2jHNHLe8Jwmpw,7905,0.24854673890940077,11.236711004167422,24.854673890940077,12.638288771144722,0.08362789949642035,49.625719882383734
PTY,0slr4kMbm32op6MShNrmow,9142,0.2476432978865668,10.055255347422179,24.76432978865668,10.516530731158802,4.151929555585429,45.37673002172794
PTY,PhyZhFknE6GMR9/5z6Seyg,5553,0.24676373359382786,12.304068959900885,24.676373359382787,16.51143882426772,-7.686046736181943,57.038793454947516
PTY,8uA0Ih6ZK4CozfeCyMQpNA,6558,0.24582398934025668,8.303403250523964,24.58239893402567,10.253459575849373,4.485618165360897,44.67917970269044
PS,qkmUnVVXM/WHiYk+TaQ7xA,5485,0.24279762503360766,9.305706278623056,24.279762503360764,12.564957517573317,-0.34755423108293826,48.90707923780447
PS,81y7znxoJuwErnNB122kvg,5127,0.2427862345378883,9.61938126599837,24.278623453788832,13.434313531683136,-2.052631068310113,50.60987797588778
FTP,s5zEWaiZStt3RfJ99o03qw,8771,0.24233458164143679,13.438689294985824,24.233458164143677,14.349354256660254,-3.89127617891042,52.35819250719777
ONG,T876Xy4X1q/eHcZ1+/FE9A,8425,0.2409821951221288,13.143322611164312,24.09821951221288,14.31924808053346,-3.9675067256327026,52.16394575005846
PTY,Nf6/KCtr6t0CO12JmpjEiw,37989,0.2409583994758211,8.29964748519134,24.09583994758211,4.258245694515811,15.749678386331121,32.4420015088331
PTY,svH7x+Oa+CamROZNoG+gQg,5932,0.24067425336600837,12.839622684036067,24.067425336600838,16.670617625739716,-8.606985209849004,56.74183588305068
FTP,8k6Ovwn5WtYQdn7SxloQyw,7140,0.24003548803074018,8.4887040899173,24.00354880307402,10.045979527080153,4.31342892999692,43.69366867615112
PTY,oXE3Nb3qZWM3Eh9pVfaCBg,5209,0.2392150190168801,8.611508189912335,23.92150190168801,11.931692167914726,0.5353852525751499,47.30761855080087
PTY,06xC+7+D7J06HWvZGO4+0w,6129,0.23833931366011785,8.543364504018406,23.833931366011786,10.912747971044062,2.4449453427654255,45.22291738925814
PS,h6irVXIU+qSqOykx1h7Nkw,6940,0.23831472148318972,9.177027056517998,23.831472148318973,11.01595813862357,2.2401941966167733,45.422750100021176
IPN,VT2rW3a4gE6htzh0Vdb/3Q,10629,0.23789787399027487,5.401570950344348,23.78978739902749,5.239307416710384,13.520744862275137,34.05882993577984
FTP,6nQeypJWlYOI+hWEwpFQtA,7200,0.23758646489948862,11.751188941359972,23.758646489948863,13.848908979066671,-3.3852151090218108,50.90250808891953
ONG,i5/CS33dYqdtQJJXVeosSg,5675,0.23743413655440188,13.876644751981178,23.743413655440186,18.42050521736264,-12.360776570590588,59.84760388147096
PTY,Vk+YJ8/6R0eRD/lgiI0cvQ,9151,0.23564189594532509,7.4600776536925215,23.564189594532507,7.798463979001294,8.27920019568997,38.84917899337505
IPN,PL4YTMVIaUd/b4yWS4ljyw,6572,0.23459373186872415,6.62458031234115,23.459373186872416,8.171646897463562,7.442945267843836,39.475801105901
IPN,bvJLGCKzIBmrU6r77kRt9Q,9090,0.23059768921995846,4.517077876274397,23.059768921995847,4.737788139839747,13.773704167909942,32.34583367608175
PS,7SUIdtQak1SCtldWHjwnFA,5119,0.22987693012441873,7.306055104162363,22.987693012441873,10.211519680082302,2.973114439480561,43.002271585403186
PS,ZfGPuJkJxuxFoAGFI+5X8g,7684,0.22776179729181767,6.414073027672811,22.776179729181766,7.317120753563372,8.434623052197558,37.117736406165974
FTP,0kD+/HO16UDiRmi8co9P5g,7078,0.22705083948884536,6.535887887395231,22.705083948884536,7.768717243738965,7.478398151156165,37.93176974661291
FTP,zhyU7SArGB6jAs0azJKP+w,5492,0.22627321879249893,5.757983391914949,22.62732187924989,7.76971598061742,7.398678557239748,37.855965201260034
PTY,6Qr4Z289q2rED/mEU10BlQ,13703,0.2252880054659446,13.145026217841918,22.52880054659446,11.229324389329383,0.5193247435088715,44.53827634968005
ONG,GMm8v1zZrSUtLAVqrLcBFg,28759,0.22508200597566064,8.013599739467136,22.508200597566063,4.725423712055243,13.246370121937787,31.77003107319434
PTY,FwzUnOJPKOhd1Er3UqmrpA,5346,0.22307192659638947,11.559108332884817,22.307192659638947,15.809198656515791,-8.678836707132003,53.29322202640989
PS,YKibj0mN2R9ZSlJhn9G4fA,6589,0.22244915975596136,8.329639276012761,22.244915975596136,10.261632104170035,2.132117051422867,42.357714899769405
IPN,4sooIhPJQdbWColpEoUiPw,7531,0.22063138926271392,4.116039466459721,22.063138926271392,4.743000894126111,12.766857173784215,31.359420678758568
ONG,A/TGF4lBolxiRd8p3jWToA,7536,0.22017565870216618,9.62775152579743,22.017565870216618,11.090584332276451,0.2800205789547725,43.75511116147847
PTY,CkhjmDsHCoSdtYXXeor/Sw,6050,0.22015903821168853,9.729705765664358,22.015903821168852,12.508983501547485,-2.50170384186422,46.533511484201924
ABS,2/BS68DIlmXLv2unkYMPpw,10500,0.21642119156853074,11.068465818462329,21.642119156853074,10.801716599665731,0.47075462150824166,42.813483692197906
IPN,VKfX+Ykr5DM1GY03BzIxJQ,14973,0.21638115486735326,4.62227642394758,21.638115486735327,3.7774741542503336,14.234266144404673,29.041964829065982
PTY,3+mO7o1CuoVFTjkgmJ9uYQ,10384,0.21577522776251765,8.724835177463317,21.577522776251765,8.561993457506956,4.79601559953813,38.3590299529654
PTY,MUsS7pTGPan5F0l+LQP92A,12126,0.21576657564027973,7.391023706756647,21.576657564027972,6.711905192473181,8.421323386780537,34.73199174127541
PS,jHMZeL9i165iVMs/x+M3tg,5734,0.2157333479206041,9.514102006845294,21.57333479206041,12.564319139764903,-3.052730721878799,46.19940030599962
FTP,IuJFkLuimg7IxcYUOdBIig,12336,0.21464811572587617,12.158474004031332,21.464811572587617,10.946918637137472,0.008851043798173919,42.92077210137706
PS,mmKSbcnUp+O6DauIv+IhUA,6914,0.21440049323248214,7.369413858466466,21.440049323248214,8.862745106376039,4.069068914751178,38.81102973174525
PS,LVxf1UcSaxGPHDLpOo7cag,5055,0.21317334144452676,6.9882669509073745,21.317334144452676,9.828990304191459,2.0525131482374164,40.582155140667936
PTY,arOLidNrZBNe2JkayPbKlg,6086,0.21256671167360425,9.922892349671363,21.256671167360423,12.719566371831405,-3.673678921429129,46.187021256149976
IPN,Ua4hhREEU72pR1C4GW7vKg,7790,0.211958387819273,4.531170398182194,21.1958387819273,5.133832153162531,11.13352776172874,31.25814980212586
ABS,tJqKz8R9zTnPXdi85VHfKQ,5960,0.21177796635764257,12.721009875919648,21.177796635764256,16.4777708846674,-11.118634298183846,53.474227569712355
PTY,g+02Vc2r+65r0MtAglCNjQ,10369,0.21133131662660135,10.025269457696508,21.133131662660134,9.845269688000199,1.8364030741797421,40.429860251140525
PTY,u9HjaB9Ay09gj9LVRCCOWw,5666,0.20980574045970674,9.20783009438253,20.980574045970673,12.232606678927528,-2.9953350447272804,44.95648313666862
PS,HIB2XUh3SaI9715UZp2aOg,5034,0.2092848628675021,8.310023589101043,20.92848628675021,11.712393394242076,-2.027804765964259,43.88477733946468
PTY,pZmVTcS5aRnQ0/BoQ5xOkw,5266,0.209157302438013,8.92332619856193,20.9157302438013,12.29663669136292,-3.1856776712700245,45.017138158872626
ONG,kWbWcdfpdc5UO6yfRBgrHA,6494,0.20886998015596733,10.650377065324243,20.886998015596735,13.216268150094047,-5.016887558587598,46.79088358978107
IPN,AvTv+7Gw9qYMiRqxKp3g6Q,15409,0.20866418887456548,4.364229661354831,20.866418887456547,3.5157692962702862,13.975511066766785,27.75732670814631
ONG,gf5WVadTkOCAeOu00YrxGQ,7076,0.20762533985866458,8.312151063106635,20.762533985866458,9.881423556815724,1.3949438145076378,40.13012415722528
ABS,KvLqxGona8EuXZjCjHggng,5050,0.2076107246738554,12.444895410499576,20.761072467385542,17.512395710505558,-13.56322312520535,55.08536805997643
PTY,+kdenfZ/CrWN8J0adPzvYQ,6249,0.20674411984091093,9.270473277707858,20.674411984091094,11.72726243663857,-2.3110223917205026,43.65984635990269
PS,+TAzR0ZTILUBuyqnOz8ZhQ,5405,0.20612210915436852,7.966456768952039,20.61221091543685,10.835959036284882,-0.6262687956815185,41.85069062655522
ABS,T39pL39SjbaS2PMPefu2zQ,5787,0.20572377635893146,11.165775354486492,20.572377635893147,14.677839850012655,-8.196188470131656,49.340943741917954
ONG,BJPTkXJpX5tJ1YgHPRRufg,9913,0.20473603997680181,8.733133229460735,20.473603997680183,8.771372048991031,3.2817147816577616,37.665493213702604
ABS,zaeJugQlx6rfFr3i8iYbDQ,6159,0.2042745601813463,10.501628515715701,20.42745601813463,13.381399893062637,-5.800087772268139,46.6549998085374
PS,BSS/HTjAdqZ1Eisb/u7hCg,5376,0.203292409138244,4.6273221680281775,20.3292409138244,6.311028005933419,7.9596260221948985,32.6988558054539
PS,MlMfISlgBNMmkfnaI7C7AA,7805,0.20257527087120045,7.30599661975218,20.257527087120046,8.269762043959664,4.048793480959105,36.46626069328099
PS,6Az0LfAZpAEJQRgU9XuVug,15504,0.20143067881213145,5.790528332437577,20.143067881213145,4.650464259975451,11.02815793166126,29.25797783076503
PS,XMWZxh9y7C72HB35RKrO+g,5359,0.20134446621886562,6.409448525139251,20.13444662188656,8.755456315616145,2.9737522432789163,37.295141000494205
ABS,N2yoKn8LBJ/tszjmMAFCnQ,5925,0.2013337567970471,9.428370739777197,20.13337567970471,12.24876983794419,-3.874213202665903,44.140964562075325
ONG,a0oonxL4T7crPIcY3HPv4g,8727,0.20119137051642808,11.01967971205834,20.119137051642806,11.796046718318856,-3.001114516262149,43.23938861954776
IPN,nyPVSOFVqvujMSGG/8ZfNw,5755,0.20088036414543303,4.674048348384031,20.088036414543303,6.161274192496214,8.011938997250724,32.16413383183588
PS,pjhEz3nklpRh8Yiebg/gfg,5460,0.20070604548649693,7.659442327323518,20.070604548649694,10.365752356438453,-0.24627006996967182,40.38747916726906
PTY,cM7QlxZkWTKDZ2IVpBpk0w,5163,0.2004650420329436,8.946532709325071,20.04650420329436,12.450984473912008,-4.3574253655731745,44.4504337721619
FTP,JQh+mbiBCLC30fuUkIk39A,5686,0.19981972935976086,8.791931119170256,19.981972935976085,11.659524766060297,-2.870695605502096,42.83464147745427
PS,qJytObv8gRVPaomHTmS+8A,5010,0.19849700400170808,4.682794785992612,19.849700400170807,6.615859341445192,6.882616090938232,32.81678470940338
PS,5qYZnB4aJ1ySGSYp3XB2TA,8330,0.19817436870549765,5.85290171410104,19.817436870549766,6.412815282686085,7.24831891648504,32.38655482461449
PS,C96KoUU7UVs89E58ZedC7w,6523,0.19791047271054393,8.41184590297699,19.791047271054392,10.415200119228594,-0.6227449626336501,40.20483950474244
PS,pzn4+JjrnnorJNWFpSmLSw,11224,0.1975129217775512,7.998195498591145,19.75129217775512,7.549499945305369,4.954272284956595,34.54831207055364
PS,kxPhs4ePFqMy52CInAJ2aw,11277,0.19739159520649738,8.566651480487982,19.73915952064974,8.067041823009454,3.9277575475512094,35.55056149374827
PTY,BYSXJHnCRu4U3jLTX0n0hg,8874,0.19710828814800793,9.866817131296187,19.71082881480079,10.474115701685584,-0.8184379605029513,40.24009559010453
PTY,eKJRBYoZfoZJUThalwmNRA,9127,0.19693875497947247,11.600798591942791,19.693875497947246,12.142940348067516,-4.106287584265083,43.494038580159575
PTY,9EOP/c9I+u415Ycwyo5vlw,5569,0.19618371177132263,12.440926631489031,19.618371177132264,16.671094755334497,-13.056974543323353,52.293716897587885
PTY,bUNyuReOKSyepcCYVHyJsg,22378,0.19610166818433564,9.408636045760986,19.610166818433562,6.289498737592833,7.28274929275161,31.937584344115514
PTY,2fMT+41aXpBpzGPkfJ5nCw,12402,0.19540466451102775,9.778055650338636,19.540466451102777,8.780245135832754,2.3311859848705794,36.749746917334974
IPN,4GTwdZSEkHY6lT7Cg5WkZQ,7853,0.19508457451007571,4.867323184915873,19.508457451007573,5.4925293354219455,8.74309995358056,30.273814948434584
ABS,4JwUWe5XUi1dFZ1f6kw9Ug,6588,0.19480396080004422,9.149344384771792,19.48039608000442,11.27231664085348,-2.6133445360684,41.57413669607725
PTY,9WmMVl4E9AEvyu25enMigA,5456,0.19355278754336458,8.70795744979331,19.355278754336457,11.789058355006437,-3.751275621476161,42.461833130149074
ONG,X9pVudvQIgeyVW7rNfLhEA,10653,0.19316452443998353,10.793942423703065,19.31645244399835,10.457891545839722,-1.1810149858475043,39.813919873844206
IPN,s5tEuSAV68STbcSYOkyNww,5512,0.19309688044822787,6.693695184255335,19.30968804482279,9.015946526179203,1.6384328535115529,36.980943236134024
PS,QFRmkrcWDrhgsmoWbojuag,11280,0.19166508146647548,6.423173358351456,19.166508146647548,6.047767596411849,7.312883657680324,31.02013263561477
IPN,fVRsyMLqteGR0ssVXg3wyA,7623,0.19152893132461615,4.890115238727564,19.152893132461614,5.600878270181985,8.175171722904924,30.130614542018304
PTY,H8SL7jR8tsyNh+LVQYJztg,11995,0.1899692901795658,8.539407469223745,18.996929017956578,7.797001375564174,3.714806321850796,34.27905171406236
PTY,UsreJ3MiUAgMa8iRpckTqA,8510,0.18993936751112253,7.949937239985386,18.993936751112255,8.617849792191967,2.102951158416001,35.88492234380851
PS,bEWjsc4wH3LteN0/54Dy5g,28547,0.18978126612299587,6.856655861024811,18.978126612299587,4.0581875580773,11.024078998468077,26.932174226131096
PTY,qs6mSLIxjya3ULu/U1OJ2g,6874,0.1884511193942852,8.973558647888662,18.84511193942852,10.823306112450469,-2.3685680409743988,40.058791919831435
PS,u4oxO2gV6M9/j3v9n8pqug,5872,0.1883242559078091,10.899826887998012,18.83242559078091,14.224158304660046,-9.046924686352778,46.7117758679146
PTY,p+D5DyoiesAjUQyPuW9qHQ,6932,0.18766734189962764,7.882168858188224,18.766734189962765,9.467088945094678,0.2112398575771941,37.32222852234834
IPN,lTTzUUdY9M7eEqaYZhVobQ,7509,0.18700370612038422,2.09510019842329,18.700370612038423,2.417763104151795,13.961554927900906,23.43918629617594
FTP,6C0/bKTA5y9vb4dIT+ERZA,6095,0.18677563022660174,11.192956443258996,18.677563022660173,14.33698922200601,-9.422935852471603,46.77806189779195
PS,N4wVN5Rz4s4qHS7DZvO8Cg,6076,0.1866941664213409,6.3224896390963155,18.66941664213409,8.11109043707892,2.771679385459409,34.567153898808776
PS,huRGoXPzfJtQ4FV8urG9OA,5264,0.18653416774578188,9.139130414756503,18.653416774578186,12.596414246037035,-6.035555147654403,43.34238869681077
FTP,W2i1KYYmxnsMNzT5IZWJUA,7923,0.1861598065575987,24.928911751589677,18.61598065575987,28.00647770219483,-36.276715640541994,73.50867695206173
ONG,wtZ8L6RhxMAom3ZciXoB4w,8653,0.18571319145201176,7.464486839336882,18.571319145201176,8.02447456490445,2.843348997988455,34.299289292413896
PTY,lpSYBeNDckIAepugrmZCAA,11943,0.18472829348197373,7.929650066916228,18.472829348197372,7.256000538836588,4.25106829207766,32.69459040431708
PTY,qtbOcmrglYLnNuBONSr+Bg,6662,0.18348234147085052,9.163430202278974,18.34823414708505,11.226794210451548,-3.6562825053999823,40.35275079957009
PS,g5NkogAqgkyjD+0Ye9Bv4Q,8897,0.1825203739681967,7.717842707720123,18.25203739681967,8.182276059927304,2.214776319362155,34.28929847427719
PS,+6xZ7fon6/HmtBhNzxMV6A,15569,0.18233870275831152,11.565687127729454,18.23387027583115,9.269174973349777,0.06628732806558801,36.40145322359672
PS,QLlQpTIi738XaiH5P1EkmA,5688,0.18226001911050654,8.668797005099316,18.226001911050655,11.494207670745855,-4.302645123611221,40.75464894571253
PS,Ez6O74DhD7hxtWmbMr3wDw,8306,0.18063408103671716,7.44104829043417,18.063408103671716,8.164661042301569,2.060672460760639,34.066143746582796
PTY,1qopximbqsFH40KuL0zpqw,20231,0.18056352808445472,6.393865776451718,18.05635280844547,4.495260250654174,9.24564271716329,26.86706289972765
ABS,X2s52YuzwLCa+hRCnbNDJg,5259,0.17955647912467926,9.274684896163082,17.955647912467924,12.78932365786494,-7.11142645694736,43.022722281883205
PS,xheQI0fVCw4Vd2+u1ZUL9w,5452,0.17702035905871205,9.710933263980674,17.702035905871206,13.15173489315072,-8.075364484704206,43.47943629644662
ONG,carkqWcs+RqsswES+OKH1Q,10952,0.17641564812769717,14.39701262157704,17.641564812769715,13.757061153439784,-9.322275047972262,44.60540467351169
ONG,tqXxnWD/TyRPGsK+Pu03Lg,9887,0.17546951566601748,9.990612644606209,17.54695156660175,10.04754254386591,-2.146231819375437,37.240134952578934
PS,EE16Ua5b1HSsYej5zeXOlA,5607,0.17504547997665995,7.793214788608952,17.504547997665995,10.407618584322837,-2.894384427606763,37.903480422938756
ABS,jgG1QMRGlfI0W1sCYxFI7A,6187,0.1750378443338537,12.596144553744018,17.50378443338537,16.013917174327702,-13.883493228296924,48.89106209506767
PS,2R02WAJo7igXmcBLEYdEfA,9023,0.17502511909373364,5.69313478502062,17.502511909373364,5.993437587519846,5.7553742378344666,29.249649580912262
IPN,ve5KuRkewld4GeqrKt+hVQ,24224,0.17476650162094334,3.543780866679884,17.476650162094334,2.2768998584171967,13.013926439596627,21.93937388459204
PS,e8ssND00Zv8uucHh6yxugQ,7387,0.17475249240518068,7.921946412422878,17.475249240518067,9.21717537342603,-0.5904144913969525,35.54091297243309
ONG,8dHV1vie0qHLDbsCkhbcVA,8230,0.17439088759398402,9.400525178651066,17.439088759398402,10.36220546541497,-2.8708339528149374,37.74901147161174
PS,cQf+oFUAfaBE78ZF2hSPAg,7034,0.17395152155609675,7.166540660272586,17.395152155609676,8.544927597897644,0.6470940637302931,34.14321024748906
ONG,63R8Q6n+9RI/KP0UItc91g,14815,0.17269307644261406,11.904902745795994,17.269307644261406,9.78081453826665,-1.9010888507412282,36.43970413926404
ABS,DyoV5jGKmCXZhp0EOMVMKg,6188,0.17094173991020814,7.8540974648074515,17.094173991020813,9.984380738803313,-2.4752122570336823,36.66356023907531
PTY,+MerpCdC0rKb/PJUBygH6Q,9470,0.17083013773932187,8.204454958495806,17.083013773932187,8.430915676273198,0.5584190484367184,33.607608499427656
PS,ygyg+PZge8UddILVXaPLhA,23723,0.17044940696710378,6.44736806138186,17.044940696710377,4.185984916470089,8.840410260429003,25.24947113299175
PTY,DrwdXoRHW1cNr94Rhg5Umw,5216,0.17017925845636225,9.958954832201663,17.017925845636224,13.78938735071704,-10.009273361769175,44.04512505304162
PS,FGYtvjCbjGPVMx6K2LDhhg,8724,0.1694591313204269,4.963003189892958,16.94591313204269,5.313573910431054,6.531308267597826,27.360517996487555
ABS,/P+7Z0P/b7YiK60FW9dRAQ,21958,0.16933511437561324,11.013810618608964,16.933511437561325,7.432607755583337,2.3656002366179845,31.501422638504664
FTP,F3W8g7q3BoDNy7T6+buVIA,11621,0.16843279259978683,11.51684706587319,16.843279259978683,10.68345805435842,-4.096298526563821,37.78285704652119
PS,zOllRi07171UIhLeDfX4/A,5309,0.1683377275468996,8.93579527200118,16.83377275468996,12.2638504924108,-7.203374210435207,40.87091971981513
PS,LY0GTaOOvnfbb4TaNSnUjw,5964,0.16665412010318936,5.840266987763852,16.665412010318935,7.562473815394332,1.8429633321460432,31.48786068849183
IPN,a09awzxNlRgPPctLvCY0Iw,29926,0.1665698071099105,4.095723837088782,16.65698071099105,2.3675890893203775,12.01650609592311,21.29745532605899
PS,54yWzRRgS0oZ+S6LwZBxMQ,33503,0.1659086938687304,6.405010961831452,16.590869386873038,3.499274634612855,9.732291103031843,23.449447670714235
PTY,OjJsY/o2A1tUGfTREA9ygg,6304,0.1656093901409744,8.941387682610943,16.56093901409744,11.261515094567393,-5.511630571254653,38.63350859944953
PTY,wClkmJ8z7X8G68MdAxbo2Q,10243,0.1655167429338343,6.419366231853743,16.55167429338343,6.342764210761314,4.119856440291256,28.983492146475605
PTY,kK9rW5/tgL6Fs8XVMom1LQ,5102,0.16516836902680862,8.500728834026182,16.51683690268086,11.901067972003752,-6.80925632244649,39.842930127808216
PS,8uGbwL2ogNFuzEmeJmofLg,17681,0.1651395575199389,6.251779444594957,16.51395575199389,4.701649349163395,7.298723027633637,25.729188476354146
PS,kDZJhh4ZwKbV2nmNS6mPDg,5697,0.16471300433228492,6.171150085704361,16.471300433228492,8.176039841430498,0.4462623440247171,32.49633852243227
PTY,QD0yaz/ARxUbhVk/2Kj+dA,14655,0.16468282971812043,7.223836444297385,16.468282971812044,5.967260442158589,4.77245250518121,28.16411343844288
PS,zLwfVbcrAJDJio6VEQUgPQ,6561,0.16444292107636455,5.66688795834259,16.444292107636453,6.9961579732624575,2.7318224800420374,30.15676173523087
FTP,dSy7nl0elP5EaThAdKCRMw,5394,0.1643210066358801,6.0572981587802825,16.43210066358801,8.247521957289441,0.26695762730070527,32.597243699875314
PTY,vZZAHUtItL4J+8nEUAV3xw,5826,0.1642957413808877,8.924106210180776,16.42957413808877,11.691749187224458,-6.486254268871164,39.34540254504871
PS,H9KUl8cmpLgEpOVDA00bCg,18640,0.16420171435686556,4.647937851345579,16.420171435686555,3.4043747314618846,9.747596962021262,23.092745909351848
PS,8DCcxxuRXrZsb98IopGE0A,14614,0.1639505713631043,6.175541214538784,16.39505713631043,5.108465597002652,6.382464566185234,26.407649706435627
IPN,A/+qOQUTRJoyd5D2e4xKZA,9809,0.1637864892472306,6.043046821813394,16.37864892472306,6.1015980126781395,4.419516819873905,28.337781029572213
ABS,u0CkDvclhtrUnFu6YN41ZA,5187,0.16355152247020774,6.545689646798997,16.355152247020772,9.088606195880061,-1.4585158969041458,34.16882039094569
PTY,frhj90L5Nvvy6BRvm3B3Iw,6767,0.1631905885730657,10.301494471310082,16.31905885730657,12.522820212367323,-8.225668758933384,40.863786473546526
PS,IANvsIbPmFtyvtdvn49dpQ,5203,0.16318053555573359,5.317089854937473,16.318053555573357,7.371350920072373,1.8702057522315076,30.765901358915208
PS,qGHGf/553gQnDoklMRe3tg,5490,0.16302914429177787,7.854123652119311,16.302914429177786,10.600139046307667,-4.473358101585241,37.07918695994081
IPN,EfOkfN0T3KFXrV1RP4EUcQ,32982,0.16252577107856694,4.685175873999682,16.252577107856695,2.579808115259825,11.196153201947437,21.30900101376595
PS,fA/AThLz/ZLd//DpeVJWzQ,6902,0.16174586639345293,10.763035876905086,16.174586639345293,12.955295115374092,-9.217791786787927,41.56696506547851
PS,FuIC2ZEtBdeRoabSWXag9w,13806,0.1615858461222674,5.360961191688633,16.15858461222674,4.562561472167119,7.215964126779186,25.101205097674296
ONG,g6isBKlsczB6dq1VeQBtrg,13789,0.16133426110420193,10.871491369775368,16.133426110420192,9.258118593068087,-2.0124863319932587,34.27933855283364
FTP,0eTWxhmxlazmG8gsdDeb2g,7285,0.1612920376679917,8.328009807986987,16.12920376679917,9.757227922003871,-2.9949629603284187,35.25337049392675
PTY,j6C8yTphIFtSBw54/5KYqA,6700,0.16108543401778633,9.362166050209735,16.108543401778633,11.437706243255882,-6.309360835002895,38.52644763856016
PS,vnkHbYDX+TySZ04IMnsiyA,6094,0.16007507189880282,9.270197564164262,16.007507189880283,11.87511338129328,-7.267715037454547,39.28272941721511
PS,8C3BnAeoo0xWDUth70CiSQ,20864,0.15992201777140072,7.3868179403458,15.992201777140073,5.113975090001265,5.968810600737594,26.01559295354255
PS,UHzk2pgrOf4pmjA/6aP0yA,5837,0.15989292460958526,7.417791473307413,15.989292460958527,9.709117875408397,-3.0405785748419305,35.019163496758985
PS,Y2SWAlFPT5kMcip0KFG8dA,5506,0.1598211067511852,7.141341720970024,15.982110675118518,9.624135114826686,-2.881194149941786,34.845415500178824
PTY,eS9Jsc12+srUDxbRI7fwHw,6788,0.1597766644575479,5.984990085319821,15.97766644575479,7.264279044164788,1.7396795191918049,30.215653372317774
PTY,XHfla6MYiQtYsHCtrIn5uQ,12081,0.15970629191160382,12.124572046712945,15.970629191160382,11.031002331129258,-5.650135377852964,37.59139376017373
IPN,/gI+kUM7Rgq6ooSlkF3NPg,7239,0.15940047433518265,6.902225734660538,15.940047433518265,8.11240960000046,0.03972461751736489,31.840370249519165
PS,uld1tePa9dv75cdVPMqbgQ,5089,0.15934401168602347,6.389119736273681,15.934401168602347,8.95622100461557,-1.6197920004441695,33.48859433764886
IPN,l6YmchxhIroSoNX8H2ED9w,14191,0.1586562957834907,4.756066529802258,15.865629578349068,3.992467789833016,8.040392710276357,23.69086644642178
PS,dGVddl5x4GWum6U/35svjA,9057,0.1582926669415834,5.79446351584989,15.829266694158338,6.088650547736655,3.8955116205944957,27.76302176772218
PTY,Xl6pGmEhBffg/q/9ehjNXA,6539,0.15807866402304233,11.358186841867912,15.807866402304233,14.046021856074203,-11.722336435601205,43.33806924020967
PS,09BNF4quPDzanQzM8vc6WA,27043,0.15807085837718057,5.541822741702717,15.807085837718057,3.3699634951551314,9.201957387214,22.412214288222117
ONG,EaxveZmJS7ysnQSIj3XuSg,5067,0.1580027585989958,10.491452854791312,15.800275859899578,14.73873401121088,-13.087642802073745,44.6881945218729
PTY,AeVnhUV5eu4F0/nTH5vCHA,6957,0.15692956275585757,13.767452034754962,15.692956275585757,16.50602773104193,-16.658858077256426,48.04477062842794
PS,GsemnIie9puHmOPB4S2qaw,6167,0.15691786863541649,10.511949942119724,15.69178686354165,13.385860967968693,-10.544500633676988,41.928074360760284
IPN,Vy3ShOMP9VSPd5+zC69O+g,6610,0.15649394924088794,4.411426148173223,15.649394924088794,5.425981183296929,5.0144718048268135,26.284318043350773
PS,XqDhBhzbV6vG1W3JdSfBmg,20342,0.15530700155115118,7.124715589984238,15.530700155115118,4.995405038281901,5.739706280082592,25.321694030147647
PS,DrcHfFsymNEjyjXHl5pVFg,12413,0.15524935572415116,5.865096994412312,15.524935572415115,5.264253820472999,5.206998084288038,25.842873060542193
PS,3z+uqIRY0vlGQYdiaNyFGw,7650,0.15509314019111248,6.423848217116972,15.509314019111248,7.344539202705257,1.1140171818089435,29.90461085641355
PS,GM8gW4fFGfMXm+YQiN71nQ,8532,0.1546480888499718,8.377238185405545,15.464808884997181,9.069334922113185,-2.311087562344662,33.240705332339026
PTY,Pwi6H+s+xru/OZcSlKm1Sg,15206,0.15464449264638308,8.513667292163865,15.464449264638308,6.904133512362782,1.9323475804072547,28.996550948869363
PS,NnsoExCwyKsO96s3ub8rFQ,8970,0.1542173231741125,6.125526772521471,15.42173231741125,6.467660588681752,2.7451175635950165,28.098347071227483
PTY,ripRgXYc2N9RMfl6NTKURg,5171,0.15395183418485694,10.43074436147604,15.395183418485695,14.505344005156084,-13.035290831620229,43.82565766859162
ABS,b7/OpHNKxXiLL+GKgUIIBA,5884,0.15370963849089306,8.477240115740893,15.370963849089305,11.051421739648903,-6.289822760622544,37.031750458801156
PTY,cp5Gz3/iCTSMv6kiTmsyUw,5661,0.15370464397864467,10.555247057914531,15.370464397864467,14.028842048070251,-12.126066016353224,42.866994812082154
PS,2+Zsg42Y1uvIkNqWxVFfcw,7004,0.1536300702090734,7.8877545818868775,15.363007020907341,9.424977473555998,-3.109948827262416,33.8359628690771
ONG,PpNCYxwcFO9b/mLo2BdLBA,8216,0.1535924869759993,7.948282703420486,15.35924869759993,8.768859070767757,-1.8277150811048735,32.54621247630473
PS,JOv1WDGKpyO0ruchHN3JBg,14749,0.15352462171544398,6.057617495387592,15.352462171544397,4.98793239779848,5.576114671859376,25.12880967122942
PS,GbCVUNssQ7mqsPWr7J4d3w,15898,0.1528727923824414,4.836649535004703,15.287279238244139,3.8359538458443736,7.768809700389167,22.80574877609911
PTY,4p2cBfF6LZbhLFQEuGECgA,8070,0.1525939266874814,6.387131307510441,15.25939266874814,7.109991428666603,1.323809468561599,29.19497586893468
PS,FusDYZx5dLjbQov8ybBj3g,7446,0.15248388320251624,5.211906368403836,15.248388320251625,6.0399742775484375,3.4100387362566877,27.08673790424656
IPN,JtOxE+LvROlD5oTcYyTSGA,13854,0.15137365738757336,4.171479109984411,15.137365738757335,3.54407155233417,8.190985496182362,22.083745981332306
PS,1vdpjNvA4+wxhyWvLKoUQA,5740,0.15095557716353844,6.453304410539189,15.095557716353843,8.51777581909318,-1.5992828890687871,31.790398321776472
PS,6i2gxQrut57GTBpvAnZztw,5581,0.15062302122364157,9.590357010696536,15.062302122364157,12.837449945842678,-10.099099771487493,40.223704016215805
PTY,TtytLpw/Me8n9Brpr2zMqw,8073,0.15036789412905216,7.413747398293277,15.036789412905216,8.251260689588383,-1.1356815386880132,31.209260364498448
IPN,HiNJcPnmNKClCCQOsJ0/zA,5903,0.15009876279412498,4.985304828578112,15.009876279412499,6.488664614554355,2.2920936348859637,27.727658923939032
PS,RHqgdFvufLCYe54+qd2gcA,10519,0.14995072355865938,4.550877146675722,14.995072355865938,4.437188554738964,6.298182788577568,23.69196192315431
IPN,OMD5QQsKK/8+LJSQlJfQVg,5443,0.14912732037774304,6.584443762557793,14.912732037774305,8.92482944804121,-2.5799336803864676,32.40539775593508
PS,pe3lE9K9CUfhZMw9TIyn7w,5746,0.14909850217186738,4.924101901216923,14.909850217186737,6.495973147355693,2.1777428483695775,27.641957586003898
PS,19fNUsyXupZNCZWUdwXVZA,33857,0.1489262308902394,6.06702374604392,14.89262308902394,3.2972468193517264,8.430019323094557,21.355226854953322
PTY,Iov3+MQYa1j8EfRPg1ZAsg,12250,0.14889791431262786,6.8195150557150725,14.889791431262786,6.161485746819913,2.813279367495756,26.966303495029816
ABS,WOsH3zr6o926yHfXxhdkrQ,7066,0.14843367255827164,6.831029866867192,14.843367255827165,8.126421932840865,-1.0844197325409297,30.77115424419526
PS,mxKLJATvm7ydWKPuvwuGXw,29849,0.14836384079514334,6.582614073061346,14.836384079514334,3.810074791506068,7.368637488162441,22.304130670866225
PS,bKqhSTyixNVjK9T1DQAkHw,5291,0.14824804570719508,5.626429067614348,14.824804570719508,7.735064995926233,-0.33592282129590956,29.985531962734925
PS,U1VZo0BCa/NYQOSMO0EM9g,15274,0.14799037574538837,6.268751842084358,14.799037574538836,5.072297114842161,4.8573352294482,24.740739919629473
ABS,qnIMl/oVStJvdZUJ+6LHgQ,6364,0.1475478023617563,17.642625577863587,14.75478023617563,22.11556972786947,-28.59173643044853,58.10129690279979
PS,qdAFycDrc5E64+/LP+IWFQ,6869,0.1475201994175256,5.2776223871453976,14.75201994175256,6.367831385070945,2.271070427013507,27.23296945649161
ABS,X+kjpJrqnHqGTYXSo4psiw,7957,0.14751068164499784,13.008153997290838,14.751068164499785,14.58280238657211,-13.831224513181553,43.33336084218112
IPN,3mg6gKaqo17xVYrQpD/zOw,8633,0.14732209869487722,5.729212005724663,14.732209869487722,6.1661491133191335,2.6465576073822206,26.817862131593223
PS,YuHZXUNl3Gx1DTVx+QvwCw,6334,0.14728370609416508,6.833514842622649,14.728370609416508,8.586281299955049,-2.100740738495386,31.557481957328402
PTY,bAYibEaX9l1Xfn8DQE/KQg,12897,0.14718055982729628,8.13442379478921,14.718055982729627,7.162793733980265,0.6789802641283078,28.757131701330948
PTY,fvKJOkBi/sx/L0yTlMqvgg,16885,0.14670219584319907,11.54372673331417,14.670219584319907,8.883733155185329,-2.741897399843337,32.08233656848315
PS,/S1TooTtGHT5B30psA1AOQ,5082,0.14646595427366937,6.95708585664433,14.646595427366938,9.759105942310091,-4.481252219560842,33.774443074294716
PS,qanMEqjABjWxC/JgQ/0l7w,7572,0.14643191791393406,6.021899169410007,14.643191791393406,6.920351866092468,1.0793021338521687,28.207081448934645
IPN,CjhpvSjYR81BDa1HAuFTng,7036,0.1462798465240266,1.0099966400397105,14.62798465240266,1.2040846325281167,12.26797877264755,16.987990532157767
PTY,bHkvCsr4IhG0QrLaJ7KqQA,13969,0.14610828554895255,10.790121932910147,14.610828554895255,9.129430646041065,-3.2828555113452342,32.504512621135746
PS,6ZcBen4e2untCbHrjekuZA,5735,0.14575022124842055,8.257000139159214,14.575022124842056,10.903240225947382,-6.795328718014813,35.94537296769892
PS,LMKQuTqrRNzCSRb88F3aJA,13315,0.14563537619915665,11.322303561595115,14.563537619915664,9.812150687781028,-4.668277728135148,33.79535296796648
PS,iz/PjJ/osNECH5lIxoJuJw,6327,0.14562193850464253,7.477683531184125,14.562193850464253,9.400872527975729,-3.863516304368174,32.98790400529668
FTP,Bq4FfTBlqodWz9Fqq4pJTA,8492,0.1455433555820354,10.056351206648753,14.55433555820354,10.912780991471049,-6.834715185079716,35.9433863014868
PS,KKANA7CQvTomV2qSaFn+ew,7366,0.14552809816524448,5.225817618470098,14.552809816524448,6.088893689861091,2.6185781843967106,26.487041448652185
PS,9/HZAOwNSSr6Z2PLBUMGew,7316,0.14534274289922197,8.211200743558672,14.534274289922196,9.599968793448294,-4.2816645452364614,33.350213125080856
PTY,ogFwUt9+KWTLM9XScX6g1A,6079,0.14497713462960848,9.526555764263021,14.49771346296085,12.218554836767058,-9.450654017102586,38.446080943024285
PS,I5xGnbJM24lvPNCUTBuDog,6298,0.14486066780383433,7.223393278113221,14.486066780383434,9.102064999239628,-3.353980618126238,32.32611417889311
ABS,Ls2nv9Ik+badjCfyUCMSkg,5522,0.14469051101757366,8.633589060076478,14.469051101757366,11.618315672664039,-8.302847616664149,37.240949820178884
ONG,EMT4lndCbvIkGqL423mWUA,7493,0.1445992914299796,15.89269923746759,14.459929142997959,18.359878309134526,-21.525432342905717,50.44529062890163
ONG,2uTZXsVtR77OmWx/PDxuvA,8530,0.144399177997099,11.791696187332189,14.4399177997099,12.767379437284585,-10.584145897367886,39.46398149678768
PTY,3LhEkoU4bpsOPUM1vOhyHg,14460,0.14399615560979023,11.129258393013062,14.399615560979024,9.255120536222535,-3.740420690017144,32.53965181197519
ABS,jOQAf7oxN7s9pGdw7ZKSEw,5860,0.143709467426451,9.225520679819756,14.3709467426451,12.05152701679285,-9.250046210268888,37.99193969555908
IPN,nJgbY7u04DNo3bsHoDENNw,5904,0.14269901856497375,4.39879234744533,14.269901856497375,5.724799572227912,3.0492946949306674,25.49050901806408
IPN,38ZGajKtC2UkCagCoHHgvA,49440,0.14266926236330113,4.006389431183965,14.266926236330113,1.8018304852435787,10.735338485252699,17.798513987407528
PS,PcB2CPxHhNIx0sEfDBOQxA,7815,0.14256877889445554,5.746387487831936,14.256877889445555,6.500255338290217,1.5163774263967298,26.99737835249438
ONG,TcL2sglfhzjxctiDWEnlSA,20898,0.1424879169720664,8.761603561029826,14.24879169720664,6.060817908050225,2.369588597428198,26.12799479698508
PS,g687MpzWUWF8qPV8tXi7kw,5312,0.14213102109763906,4.167064502900429,14.213102109763906,5.717434393627156,3.0069306982546813,25.41927352127313
PS,S4pIeXgGQV2y3q20PkQ5zQ,7134,0.14211631888580617,6.075074668543594,14.211631888580618,7.1925860721157875,0.11416318723367525,28.30910058992756
PS,E5hs6+aFPb8LHxibr+ExWw,7324,0.14181554982065342,8.06738003599576,14.181554982065341,9.426670960791787,-4.294720101086559,32.65783006521724
PTY,kYXX77NhVj2Pi7mzOj/JRQ,6721,0.14163249275199388,7.166480020012537,14.163249275199389,8.741560078391881,-2.970208478448699,31.29670702884748
ONG,4vT23Zc/vw7+Vma3daofbA,9746,0.14152237453237834,9.548692090028668,14.152237453237834,9.672320653043109,-4.805511026726659,33.109985933202324
PS,ARWDvRI59GgpVk6FaHAoiQ,30106,0.14108786613864854,5.980666739278502,14.108786613864854,3.4468554767078476,7.352949879517473,20.864623348212234
ONG,hd7cflSB5j6y153gird4SA,5180,0.1406741041244227,12.85622868325739,14.06741041244227,17.862766000311172,-20.943610948167624,49.078431773052166
PS,8M8nJ/UBr9/QWlaauA08bg,5790,0.14037046674928516,6.383846843237769,14.037046674928517,8.389637135013443,-2.406642109697829,30.480735459554865
PS,sEaIrgLXRozAJvJv5TAGjQ,6276,0.13979405972992656,7.046776896811392,13.979405972992657,8.89506353252552,-3.4549185507573608,31.413730496742673
PTY,gn31E8PG4ls2WWo0UCemDw,6539,0.13901498527420617,8.104709576955237,13.901498527420616,10.022632083795319,-5.742860356818207,33.54585741165944
IPN,yGI5jOoAD9fqXdCUZ//rQg,5513,0.1388572488401106,4.522857528766703,13.885724884011061,6.091425139596711,1.9465316104015074,25.824918157620615
PS,P63PVCqhOUHTVCklIp4iCw,12483,0.13876191635592922,8.561726075737996,13.876191635592921,7.6630532531489015,-1.1433927405789266,28.895776011764767
PS,HQOd2gJtxWvb8iXKxBX1oA,8272,0.1384592625081478,8.853566381416012,13.845926250814781,9.734485105962998,-5.233664556872693,32.92551705850225
PS,gYngFgR/K5mUX1ZJRKB15w,6437,0.13829035291334515,7.01992507275185,13.829035291334515,8.749650831005642,-3.320280337436545,30.978350920105576
PS,YHPWIsJ9O9X69RByuAD41g,10053,0.13819548073668012,6.048052592744421,13.819548073668011,6.032088681966376,1.9966542570139154,25.642441890322107
PS,W/q8tI6mnEYKdmFkxG9y5g,7105,0.13777363323865432,6.906464472778635,13.777363323865433,8.193580803352985,-2.2820550507064183,29.836781698437285
PTY,eBvVEdEB7cnsmgAZ69ZsTg,19512,0.13770456640023085,6.631077947238289,13.770456640023085,4.747153111084679,4.466036542297113,23.074876737749058
FTP,Y1GN+C+4r+aVdNGaKnJMLQ,9703,0.13714718305923626,11.781881207107164,13.714718305923626,11.960838430495128,-9.728525017846824,37.15796162969407
IPN,HIGrY+l1L9lNTCeaSuDUzQ,13089,0.13710271905054883,1.885315299069899,13.710271905054883,1.6478996364421743,10.480388617628222,16.940155192481544
PS,B/UiJP5v1TEHEkykr462Ug,5452,0.1370350316990924,5.938049669595164,13.70350316990924,8.0420339543003,-2.0588833805193456,29.465889720337827
PTY,J40lRYCgCrBxCrvGzdFBlQ,5970,0.13652925736690485,8.349324892856112,13.652925736690486,10.805980892978122,-7.52679681354663,34.8326482869276
PS,Ph89P9uaDAmi3aBtatN+/A,19636,0.136479764706274,6.335603517982098,13.647976470627398,4.521280792498693,4.78626611732996,22.509686823924838
PS,mYjCgU7cxYsf+CMksuwW8w,7723,0.13631166913416987,6.661340586986532,13.631166913416987,7.579989810082576,-1.2256131143448634,28.487946941178837
PS,IV7PvSZLNL5/hVXd5moU0g,6705,0.1362125280486124,6.333924562383842,13.62125280486124,7.735234700491757,-1.539807208102605,28.782312817825083
PS,mvlt/JYZb7NHdBOhY676xg,7534,0.13615144812508148,4.286265854913659,13.615144812508149,4.938172955218358,3.9363258202801656,23.29396380473613
ONG,NUk18fEpyJVoHMACrMe5qA,13404,0.1360753630026002,8.73696274106637,13.607536300260021,7.546459994217919,-1.1835252884071004,28.398597888927142
PTY,4Ni3CvxdyivR7WZiBjTLPQ,16347,0.13604254178867367,11.333934067495703,13.604254178867366,8.864651172083882,-3.7704621184170417,30.978970476151773
PTY,DmeaDT1HPddOC0P3BlMEPQ,14557,0.13568808378056363,11.094433333439639,13.568808378056364,9.195369468792851,-4.454115780777624,31.59173253689035
FTP,2ARTzquPkaIcGuXPpecVww,7777,0.13558248820311922,5.4895596698196485,13.558248820311922,6.2248868350915245,1.3574706235325351,25.75902701709131
ONG,BwzYRoIMYVq0BP/kVskOZA,7447,0.13432998846935232,10.393282738626958,13.432998846935233,12.043759236425004,-10.172769256457775,37.03876695032824
PS,CfgJ50gwpK97pQR7emISTA,5246,0.1338190994489252,5.852715540306464,13.38190994489252,8.080593753987046,-2.4560538129220895,29.21987370270713
IPN,bpurD58ExOCNAEgt91qECQ,18672,0.1336841256562828,4.469315119056159,13.36841256562828,3.27073649833657,6.9577690288886025,19.779056102367957
PS,UHjbd6TfZiIwIz7LAnfyDQ,6165,0.13349635056480583,8.552420378025522,13.349635056480583,10.892372854944758,-7.999415739211145,34.69868585217231
FTP,5VbAULl2WgoJoO+kTjtShA,12011,0.13349318643004487,14.069983795500272,13.349318643004487,12.838196355388568,-11.813546213557107,38.51218349956608
ONG,Ddci9w9HNbsjrtPZRaYvyw,35727,0.13348726020137894,11.394405646521847,13.348726020137894,6.028279797296484,1.5332976174367854,25.164154422839005
PTY,t/7yr39rbBTuUMqomhN54A,12048,0.13338668137179022,5.494557560162614,13.338668137179022,5.005820216586586,3.5272605126693133,23.150075761688733
ONG,6x7dlyxNnbFixi9n6uw/4A,13990,0.1331651202796441,11.443636605704052,13.31651202796441,9.675094174909068,-5.646672554857364,32.27969661078619
PS,DHjgFS92bMi3P9xYGbuyNw,7117,0.13304289097723535,8.96403030862818,13.304289097723535,10.62563353037755,-7.521952621816462,34.13053081726353
PS,HZkVla4kK2SI42CVrPZ/ig,7139,0.1330275004702233,4.817408536400184,13.30275004702233,5.701574282760587,2.1276644528115796,24.47783564123308
PS,M+7+BTmX5vZatHVuoRB1nA,5124,0.13193647556768834,6.8180461061923285,13.193647556768834,9.524789210098454,-5.474939295024136,31.862234408561804
PS,02XXU43lhOIe6gHY9hErdQ,7547,0.13193288851320562,8.15033512985617,13.193288851320562,9.38184582286879,-5.195128961502268,31.58170666414339
PS,XPB3SezL7olBIH9WS+jy+A,5450,0.13191131636637066,5.774431938961608,13.191131636637065,7.821877601112718,-2.139748461543862,28.522011734817994
IPN,s43TwXvvycWQQrY8ZbPjSw,9308,0.1318124199456599,4.974070918882719,13.18124199456599,5.155654260015173,3.0761596449362507,23.28632434419573
PS,N3j09enG53vy+r9NvGey7A,5922,0.1316050294546391,8.769518975309756,13.160502945463909,11.395714773314044,-9.175098010231617,35.49610390115944
PS,0C248a4ZISSrg5MUujAA9Q,6275,0.13133276951740464,11.56000271955734,13.133276951740463,14.593218032759953,-15.469430392469047,41.735984295949976
PTY,a4IxwoiduVdCE+fHD6ewxA,20153,0.1311513228549062,11.513706318319283,13.115132285490619,8.11045642311881,-2.781362303822249,29.011626874803486
PS,BsOOMIF47tyYoW1VrzlIrA,6262,0.13091850081379566,8.69692176328612,13.091850081379567,10.990286945709174,-8.449112332210413,34.63281249496955
ABS,WtuwXxyxbK9O35PGqYc8Zg,10100,0.1308941133087962,11.00950017542668,13.089411330879619,10.954862120172947,-8.382118424659359,34.560941086418595
PS,hs4UAC8XA36VZs934UtMbQ,5071,0.13077302267611485,5.610909280542453,13.077302267611485,7.879278325240019,-2.366083249858953,28.520687785081922
ONG,NxnZ0ROIbdT2oG4Cgo9K/A,14695,0.13061685001527668,12.496240298726669,13.061685001527668,10.308478577900388,-7.142933011157094,33.266303014212426
PS,ZQbGGOKMRycwebmsmytY7g,11158,0.13028723855420604,4.446794258154223,13.028723855420605,4.209726271485228,4.777660363309558,21.279787347531652
PS,Q2OTrN1QuGzh8cR0NHygxQ,8550,0.1298169599721829,5.613222136564251,12.98169599721829,6.070565814107387,1.0833870015678126,24.88000499286877
PS,BBZ3vTb7dcHK1Vg3IGrb7g,15724,0.1294044314659644,7.211290020853697,12.94044314659644,5.7508421161659005,1.668792598911276,24.212093694281606
PS,UNrNMU4+48eEhNGrSNJz6w,12599,0.1291552905347522,6.917074853682449,12.91552905347522,6.162464599752818,0.8370984379596962,24.993959668990744
PS,kYA2jN5cgE7uwg2+Y0L5FQ,7438,0.12898101920773342,6.509129580008589,12.898101920773342,7.547355907223194,-1.8947156573841166,27.690919498930803
PS,fhRQGpdObwhP4fM+sUXKag,23813,0.1289423503865467,6.040808736189764,12.894235038654669,3.91460574700245,5.2216077745298675,20.56686230277947
PTY,55OSZngp2CuxYJ5xIMr9yg,5339,0.12891515198132814,6.895664559018897,12.891515198132813,9.437265353706223,-5.605524895131383,31.38855529139701
PS,J9T5HOxWm7Yt1lEu5IXocQ,9243,0.1287266018864017,6.884550277145556,12.87266018864017,7.160924574690816,-1.16275197775383,26.90807235503417
PS,Ya2ICZ9X6VcFt9jj4nhusQ,21326,0.1286378076053198,6.734363284937389,12.863780760531979,4.611496020997955,3.8252485593759875,21.90231296168797
PS,LC8prY9X/4NSmqdS+tg9bQ,10635,0.12846568118716048,4.4096259454621665,12.846568118716048,4.275953799123198,4.465698672434581,21.227437564997516
PTY,U4HhUUZkaQrjBonJr6Vzuw,5634,0.12831504961074372,7.7580459191260065,12.831504961074373,10.33579589359783,-7.426654990377372,33.08966491252612
ONG,mu/Va2DQWYQSrUqawt5FVA,20953,0.12822328344988793,12.937454023772403,12.822328344988792,8.937698760364398,-4.695561225325429,30.340217915303015
PTY,mzL6oDLLEU9hXs/C48LajQ,5359,0.1272179039473586,5.500476703357796,12.72179039473586,7.513779586874394,-2.0052175955379514,27.448798385009674
PS,75K2MXwN65Sjfp1yHd50Hg,5705,0.127165206397029,4.070713452428058,12.7165206397029,5.38942841783367,2.1532409407489066,23.27980033865689
PS,N2GLPygw+6NevY3s98c5Vg,10423,0.12698215371258517,7.04550194150193,12.698215371258517,6.901056293061194,-0.8278549631414229,26.224285705658456
IPN,LRYPGHJzz4ftbv4g8qfjxg,5214,0.1268475912840009,4.384304225470614,12.684759128400088,6.071767995632545,0.7840938569603004,24.585424399839876
IPN,AOB2/Mxrb5UT0dYOBXqBNw,6585,0.1263302956554323,4.058256639175783,12.63302956554323,5.0010548544706985,2.830962050780661,22.435097080305802
PS,Y7uDL3z+503FTTouxqNQ/Q,19150,0.1261436033542645,5.007018351413427,12.61436033542645,3.618218534534718,5.522652007738404,19.706068663114497
PS,T5frW2bW+2oe/vztvK8/Pg,9030,0.12612809123613708,5.361745548634103,12.612809123613708,5.642379913067363,1.553744494001677,23.67187375322574
IPN,7OfleF+BZ8g6poItoMhFUA,20763,0.1256408827822602,4.824833387105903,12.564088278226022,3.3483995026096625,6.001225253111083,19.12695130334096
ONG,UKqfjgQkGDHF4ejceX0ZNQ,5414,0.12549786593004342,15.350666705456543,12.549786593004342,20.862584880990536,-28.340879773737107,53.44045295974579
PS,n6iXPb7xPNq8vCVi5hu9cg,6018,0.12517281726371632,7.382408505823001,12.517281726371632,9.516384512452534,-6.134831918035335,31.1693953707786
FTP,xEgU06onyevbCFkxZ4VCSQ,9392,0.124976620491391,9.52250214648959,12.4976620491391,9.825893152565488,-6.761088529889255,31.756412628167453
FTP,f6C5L9x9JwDt/kLpW345xw,7611,0.12490507283981832,14.592866079786324,12.490507283981831,16.727064669227914,-20.294539467704883,45.27555403566855
IPN,xJVF+MFjnsrv3sFq12imFg,15121,0.12422898644910951,3.1779343958618984,12.422898644910951,2.5843698800688144,7.3575336799760755,17.488263609845827
IPN,qIw0tnT5NfOcYo1o4wWfYw,13716,0.1240870532818458,4.928443330513007,12.40870532818458,4.208196675975433,4.160639843272731,20.65677081309643
PTY,B13wnU8YlRkIHJ0XYuqkKw,7588,0.12399498818802579,8.946092022255414,12.399498818802579,10.269982416660254,-7.729666717851517,32.52866435545668
PTY,3VYDVdpMaqbrRN+9DogzqA,20512,0.12306280279263829,10.62096166205698,12.306280279263829,7.415831225339242,-2.228748922401085,26.841309480928743
PS,A8BqrTkc5bBfy/KzuDCr3g,23479,0.12294433359520805,5.973591786858679,12.294433359520806,3.898483884624058,4.653404945657652,19.93546177338396
PTY,0sJZXUZI5K/3h9HU9WdG7Q,8328,0.12292182762117647,9.513250699708287,12.292182762117648,10.424580406503532,-8.139994834629274,32.72436035886457
IPN,IKaa+8tzVDE43XFqCpotDA,32812,0.12273319770210649,4.0487679792835465,12.273319770210648,2.2351493019912145,7.892427138307868,16.65421240211343
PS,01j0+L/Dgg7xmF7vBvcGvA,7370,0.12254570961362471,5.696552938920212,12.254570961362472,6.635572425884555,-0.7511509933712563,25.260292916096198
PS,CiPLLrLCeUlaqpoEnNAYjg,9244,0.12247647344260079,8.64027553948044,12.247647344260079,8.986645784966544,-5.366178394274348,29.861473082794504
ONG,A5jaO4RrxdjfUiyJSkijJg,6775,0.12237724245914235,15.276460359062433,12.237724245914235,18.559577593408886,-24.139047837167176,48.61449632899565
ABS,igvhUfnIs8in/SlI6b2cug,20995,0.12235001988166015,10.524559556637499,12.235001988166015,7.263500831239398,-2.001459641063205,26.471463617395237
IPN,NW+gEaVeiMdJxqOfGQxKAA,5474,0.12218971613074552,3.8176062284484136,12.218971613074551,5.15986969164187,2.105627017456486,22.332316208692617
PTY,1E6W1g5f/zQsBw3bq4LWqw,6948,0.12209312001400867,10.949613428723751,12.209312001400868,13.13617368434129,-13.537588419908062,37.9562124227098
IPN,2/XIsvgzyB17ePb7x6G7FA,6434,0.12194824415147026,2.06052105857359,12.194824415147027,2.5688368886640967,7.159904113365397,17.229744716928657
ONG,8+66Pu+SH19JNyB3NP7Lqg,24238,0.12143803082900809,9.445909285611924,12.143803082900808,6.067298750806075,0.25189753132090154,24.035708634480713
PTY,B2Y9PXq2wTcXqgoDvt7S2A,5241,0.12133867490913686,8.290423077973196,12.133867490913685,11.451690822316444,-10.311446520826545,34.57918150265392
IPN,NKkOHvC5MMmJevEVymHLRQ,32767,0.12108870179382421,3.782242380189987,12.108870179382421,2.0894453475892885,8.013557298107415,16.204183060657428
PS,s3l4a+ogCKsnQu9uuIefzA,8156,0.12102072052986468,5.415410717853843,12.102072052986468,5.9964303222762885,0.34906862132494254,23.855075484647994
ONG,yxmnRm1ubGIa+/mScQZVVw,6302,0.12062479975899035,9.154490228483493,12.062479975899034,11.531743292729253,-10.539736877850302,34.66469682964837
PTY,wSIVHFoW/uDCnjPEF2gWvA,18853,0.12058120578608861,6.031659421798329,12.058120578608861,4.3928520572306935,3.448130546436701,20.66811061078102
PS,40BKSH0HkaM4mggstenCXw,11513,0.11981727333649932,4.739661865429281,11.981727333649932,4.417261471134909,3.3238948502255106,20.639559817074353
ABS,CDetvT4g6S8jOSWgtzSf7g,17397,0.11957730178423549,8.929991234743479,11.95773017842355,6.770392563926853,-1.312239246873082,25.227699603720183
IPN,kRxaO7e26vvJjaK3dfKLUg,37527,0.1194577214687814,4.596873584759802,11.94577214687814,2.3729611994668134,7.294768195923186,16.596776097833093
PTY,+BDVIc5cEEeaDvyv8PLDqA,6066,0.11913995924530114,8.675231853533683,11.913995924530115,11.138581516841743,-9.917623848479701,33.74561569753993
PTY,5iLUZ7WW3JIyPocKZ4oKeA,7908,0.11910596608099955,8.885875094999982,11.910596608099954,9.992332429913956,-7.674374954531398,31.495568170731307
PTY,VUWC3GLfa74tyjsSWDxavA,5170,0.11909051959112835,6.490146982941394,11.909051959112835,9.02628954874386,-5.782475556425128,29.6005794746508
IPN,g4yrHlje9Ytg8UguzYK00Q,5581,0.11901944133462583,3.544400026176539,11.901944133462584,4.744459238935059,2.602804025149867,21.2010842417753
PTY,U7AGCIWsyxBIL8ExxuzR5Q,8360,0.118956380361094,5.399118225939956,11.8956380361094,5.904997236717589,0.3218434521429252,23.469432620075874
ABS,yUJre1JsoGcxkZTXdzSXEQ,6850,0.11895428142734688,7.062779469617887,11.895428142734687,8.533562235829908,-4.830353839491934,28.62121012496131
PS,eItGXq45Hv4PNZazPf2B8Q,6869,0.11850414953259232,3.178282386073025,11.850414953259232,3.834826526799103,4.33415496073299,19.366674945785476
PS,QjidkiPhnFMUsLmMPdPoYg,6063,0.11836611592944613,5.282229635665075,11.836611592944612,6.783807150770585,-1.4596504225657334,25.132873608454958
IPN,tqjX8dnWhagn61ukyCKuFg,8343,0.11834298269819844,2.8132366102118236,11.834298269819845,3.0799604427170877,5.797575802094354,17.871020737545336
PS,3DGM8Yk4akFo3KmiyL/D9w,7957,0.11820676780472122,6.288831664471284,11.820676780472123,7.050100223636803,-1.9975196578560102,25.638873218800256
PS,7LMdrxGsEvqkvOfgKJgZ6g,16220,0.11812279199751877,5.517307199394167,11.812279199751877,4.332132596236271,3.3212993111287865,20.30325908837497
ABS,mzwwub9VQXatwGWV0YZIQQ,10758,0.11739928439968712,8.113589216766506,11.739928439968713,7.8225301560803535,-3.5922306659487795,27.072087545886205
PS,KLWvXcvAbH2jpBZCOZUyuQ,5781,0.11726200482067796,8.292412558448559,11.726200482067796,10.906349630931738,-9.65024479455841,33.102645758694
FTP,xsP9WLV5NqXTS3kbMI3Uog,6295,0.11717857740600493,9.111658501958692,11.717857740600493,11.484168794182459,-10.791113095997126,34.22682857719811
PS,jeKWRUkMaVn8rEUjnJKqpg,5973,0.1168586409622833,6.1349066758624415,11.685864096228329,7.938011125510715,-3.872637709772672,27.24436590222933
PS,mwB7ROwCLpFKJWAmYomBrA,6849,0.11648951284179446,4.842095845970339,11.648951284179446,5.850861242897266,0.18126324810080519,23.116639320258088
IPN,eel8vOLqX7JHSHHgEYVCrw,7880,0.11638219196179192,5.537960018746481,11.638219196179191,6.238593771453745,-0.589424595870149,23.865862988228532
PTY,b5+0U2c3Gy51fmxNmkQYxQ,19001,0.11628561417094457,10.513580247262205,11.628561417094458,7.62715206112746,-3.3206566227153633,26.57777945690428
PS,VhjwWfxHSx00WxzYih3KOA,6223,0.11611119523661209,9.58782327211287,11.611119523661209,12.15402484520094,-12.210769172932633,35.43300822025505
ONG,QIZv4e7cpQseomaPH5DtGg,6951,0.1158664234785395,8.800790470206211,11.58664234785395,10.555967322966652,-9.103053605160689,32.27633830086859
ONG,6iLKXWpu54z3UhQQ9v3oSw,6037,0.11576514121923143,7.788746441000511,11.576514121923143,10.024367455813872,-8.071246091472045,31.22427433531833
FTP,2z/LSvy19BHXff0xB1C9Gg,6951,0.11548697662426832,8.253614434221433,11.548697662426832,9.89966578104045,-7.8546472684124495,30.952042593266114
PS,VV0WF0iIhqyzYhM1dhVqFg,6027,0.11530777807553767,5.116240783725903,11.530777807553767,6.590227083332503,-1.3860672757779398,24.447622890885473
PS,cFNGNuwCx0iCKev2KyS/sw,9533,0.11521399231192062,6.717164254312273,11.521399231192062,6.879726472492678,-1.9628646548935862,25.00566311727771
IPN,Kqn5BsTzCWB2xTq5sozKeA,27809,0.11504279117401786,1.3928649301285494,11.504279117401786,0.8352496795874234,9.867189745410437,13.141368489393136
PS,WhufT37XOBSESV7BWADa2w,14505,0.11498345427590068,6.758930692559192,11.498345427590067,5.612018920546938,0.49878834331806843,22.497902511862065
ABS,fsUTvbhXkKj2KNHirvEvIg,6512,0.11486448527883546,9.031312293885097,11.486448527883546,11.191638254278025,-10.449162450501383,33.422059506268475
PS,TfbcvhgCWXgwF0S3PgH3jQ,7687,0.11471900151548436,9.094771231964906,11.471900151548436,10.373214031975001,-8.859599351122565,31.803399654219437
PTY,uG/9pRoz+maVitJAryK04A,7760,0.11466456098054756,8.393494669682708,11.466456098054756,9.528223997086211,-7.208862936234219,30.14177513234373
IPN,tGjv2RKQaGzKyISoXDdtzA,5431,0.11456545719321624,5.193366482718427,11.456545719321625,7.0470778517754376,-2.3557268701582323,25.26881830880148
PS,Nfq92mYaaYXhVxRiVQBGKg,6474,0.11444199883923105,5.978238321011303,11.444199883923105,7.429966858020855,-3.118535157797771,26.006934925643982
PTY,t95KNJmKCCEk503kPaC71Q,6799,0.1140933953965849,8.519428044822003,11.40933953965849,10.332083768989326,-8.841544647560589,31.660223726877568
ONG,ZrzuvppCFypvqJuF+9YnOA,13310,0.11401377376833696,8.782158756047936,11.401377376833697,7.61223620609756,-3.51860558711752,26.321360340784913
PTY,AhK53MZciO8e4AGFLbdXBg,20495,0.1139368588145287,11.992341795196987,11.39368588145287,8.376836454708783,-5.024913569776347,27.812285332682087
PS,jFg2c5pQwdZjHTZXnFf6EA,6155,0.11330869051315356,4.147794553631461,11.330869051315357,5.2869257157807015,0.9684946483851817,21.693243454245533
PTY,MVJd9rZohe/E+wAmu5oBpw,5463,0.11328383191053452,11.831547484417996,11.328383191053453,16.00758994629657,-20.046493103687823,42.70325948579473
PS,g5LBGXBFbHJQDAkkU0xWLw,6358,0.1127673771962425,5.114039281306445,11.276737719624249,6.413628460266266,-1.2939740624976324,23.84744950174613
PS,Ah5FmohxpL/fw4DrPlLd/w,16763,0.11250313145481261,4.894359148569202,11.250313145481261,3.7802451271696147,3.841032696228816,18.659593594733707
ONG,Kb8gYngKe9Gzs2jcjxQ3Tg,5567,0.11218714787525572,9.354097095158725,11.218714787525572,12.536931787378489,-13.353671515736265,35.79110109078741
PTY,uYYg5lWGz0h4qiddkmsklQ,11527,0.11198203968033008,9.005478915357601,11.198203968033008,8.387811600362587,-5.241906768677664,27.638314704743678
PS,VhAyXO8CPowr9derHdvvDA,11938,0.1117360009503666,5.294224997982125,11.17360009503666,4.845477787776991,1.6764636309937568,20.670736559079565
ONG,TDB8McPF5RXIB0QuNZuc/Q,11756,0.11170795692816027,10.782414966565964,11.170795692816027,9.944575588049265,-8.320572459760532,30.662163845392584
IPN,zwzBWlfZ2+XlphLUxiq/6g,5565,0.11169751279544744,3.6336396386809118,11.169751279544744,4.8709006352757624,1.6227860344042497,20.71671652468524
PS,Z27q3lSsdguD5jmZBc/wBQ,5158,0.11146567881716897,6.53641063124757,11.146567881716898,9.101200013370642,-6.69178414448956,28.984919907923356
PS,/PH6Ffnho4Ysm8S3V/oa+w,17683,0.11135440784874279,5.902181978966718,11.135440784874278,4.438483628269741,2.436012873465586,19.83486869628297
PS,xO1IYhoGFDIBLhL6U60qQQ,8351,0.1111564188905675,4.501428647234994,11.11564188905675,4.9258493862444075,1.4609770920177123,20.770306686095786
ABS,9cvXmmXeFlRXmmB2aW8pBQ,6104,0.11069233284278762,6.35798965710847,11.069233284278763,8.137903855480177,-4.8810582724623846,27.01952484101991
FTP,JgEnlxf0yJRNXuZlTOb0Og,6100,0.11050464572354418,5.475999469929418,11.050464572354418,7.0112988664395495,-2.6916812058670985,24.792610350575934
PS,7cv+9Zc9HIQHNvYsMfV3uA,5032,0.11020402697511669,6.390776545881021,11.020402697511669,9.009139598342916,-6.637510915240446,28.67831631026378
IPN,1Zs4PifQST0MXGIPbX2HtQ,9822,0.110071353309389,4.367588873828514,11.0071353309389,4.40698716925616,2.3694404791968253,19.644830182680973
IPN,xJDWR6GimyDUsEHgQeBoSg,6434,0.11002875256323466,1.8021770404397515,11.002875256323467,2.2467612462014457,6.599223213768633,15.4065272988783
IPN,SAHl0SD5gmmSi97dHFITFA,9243,0.10985340296183908,4.2231744330201355,10.985340296183908,4.392710106426674,2.375628487587628,19.595052104780187
PS,Evbijjx6feUSPZskzntBxw,18889,0.10959103179859776,7.276846972492614,10.959103179859776,5.294668313770768,0.5815532848690701,21.33665307485048
PS,4ep01L/J92FfEJQQsIwJ3w,8095,0.10947333983409692,4.542572974717075,10.947333983409692,5.048861836482676,1.0515647839036486,20.843103182915733
PS,1CCHjxVKdkTEyW7rCNw/lQ,6596,0.10931018891186878,7.982002793165267,10.931018891186877,9.828144925237149,-8.332145162277936,30.19418294465169
PTY,ERaNIMh34LfjdfxtilmgTg,6158,0.1092414747755436,7.534859506516681,10.92414747755436,9.601858833292308,-7.895495835698565,29.743790790807285
PS,bfvZ1WbMEPiMoh1fOjKpgQ,10300,0.1090699024813123,7.775192877692138,10.90699024813123,7.661125185764548,-4.108815115967284,25.92279561222974
PS,WneYQ68sAzZMZ2TKqmLjVg,8949,0.10881606924057953,9.484478267286267,10.881606924057953,10.025965173192457,-8.769284815399262,30.53249866351517
PS,cvmZcppIhXVPXfHRGCQsKQ,7444,0.10878089811775006,5.779302857565152,10.878089811775006,6.698418405425962,-2.250810262859881,24.00698988640989
PS,oGorayX59+FzGHZROp4lGA,5619,0.10855312237569416,5.444293020432089,10.855312237569416,7.2629319577885365,-3.3800343996961146,25.090658874834947
PS,gCGz1f+0H438lDVXM2asRw,7603,0.10845609024675656,7.89138807505537,10.845609024675657,9.050256873810232,-6.892894447992397,28.58411249734371
ONG,prIlb6Hdqcf1DKH0rVNzXg,23840,0.10816179028311401,9.025364665816019,10.816179028311401,5.845364973554734,-0.6407363198558773,22.27309437647868
PTY,B9o3bd8SCNhvW4o4xswKWg,22875,0.10788208880092277,10.54841049627047,10.788208880092277,6.974393884323982,-2.881603133182727,24.458020893367284
PS,TE/MviLOz2hkw/WfUDVcJw,5609,0.10764396687105157,6.5594230617367435,10.764396687105156,8.758362624063794,-6.401994056059879,27.930787430270193
PS,zb6GGXeSmPSOXVd31OgY/Q,8610,0.10749883947917774,7.485086796531477,10.749883947917773,8.066688097005292,-5.060824722212599,26.560592618048148
PS,0NNFKiQk4TX1KvTzOrqhRw,5092,0.10749263295908192,3.3309410754494837,10.749263295908191,4.667912994109312,1.6001538274539406,19.898372764362442
PS,husJLIrOuRtde58UNpI7LA,17064,0.10747538589004844,4.569748296181943,10.747538589004844,3.4982581804090693,3.890952555403068,17.60412462260662
IPN,DE3A+7nxYbVzPVHWPkJDJA,8692,0.10733001536890707,4.210311445549999,10.733001536890708,4.516004477778439,1.8816327604449672,19.58437031333645
PS,UlrPYpnL618u9YutS1jUoQ,6264,0.10713069234281246,10.789546292079756,10.713069234281246,13.632556558549457,-16.00674162047569,37.43288008903818
ONG,/iaDdCxj38D9d3aebK/MJw,12835,0.10683346278283398,8.942533215204243,10.683346278283398,7.893372993016389,-4.787664788028724,26.15435734459552
PS,acFLhhiQ5HNu8GfFnDiTBg,6991,0.1068323546155441,4.622122887094142,10.68323546155441,5.52804839892373,-0.15173940033609945,21.51821032344492
PS,5xmlcESUC0SPARXkwiZgMg,6340,0.10679337281486966,4.157857838249804,10.679337281486966,5.221857393888329,0.44449678946584115,20.91417777350809
PS,NYyjrNkDFuhf32Bs/a+JAQ,8726,0.10674879777388455,8.037932263849862,10.674879777388455,8.604719898761564,-6.1903712241842115,27.54013077896112
PTY,/DMiPPl1AVISxdhhIpJFUw,12857,0.10634183851838172,8.397422252443608,10.634183851838172,7.405871455166477,-3.881324200288123,25.149691903964467
IPN,ACa4nnUM5wYHMWcwPPEHPA,43461,0.10598433868304806,4.197893274836383,10.598433868304806,2.0136386368445156,6.651702140089555,14.545165596520057
PTY,X4Al/an/Ee4/ebwxJ5nAEQ,17129,0.10598324545656895,8.003048238137493,10.598324545656896,6.1149009957324,-1.3868814059786079,22.5835304972924
PTY,c5w9MJHAGlMkGytRzOn8WA,5178,0.10590652575807746,7.1393822323298375,10.590652575807747,9.921551957193746,-8.855589260291994,30.03689441190749
PS,Z0MT3tXAysX1jGiqxuHs2w,9831,0.10588495274330251,4.121595548023283,10.588495274330251,4.15687077901959,2.4410285474518556,18.735962001208648
PS,duqmG1V1Nl0pXniX9UAKJA,6033,0.10568650296433696,6.393356843140566,10.568650296433695,8.231183477582364,-5.56446931962774,26.70176991249513
PS,KQzlaxatYwf3wm94SQN8qw,5581,0.10540315400775008,5.5984499082863355,10.540315400775008,7.493967158029035,-4.1478602289619,25.228491030511915
ABS,bxzVxotPt/hlM5EQPXp/ug,7432,0.10529460281332147,6.615426391281382,10.529460281332147,7.673703080647814,-4.510997756737568,25.569918319401864
PTY,flNDVT7nr+gIydUtvxHV2w,8285,0.1049231135982775,7.7493332674338875,10.492311359827749,8.513694891869084,-6.194530628235658,27.179153347891155
PTY,ZEr7denWMC11Po3T7dhD5w,14404,0.1048947714716072,9.578055119084965,10.48947714716072,7.980604258942017,-5.152507200365633,26.131461494687073
PTY,r7zxInG0s9gy4rbRVgCxnw,8903,0.1047104331731167,7.246467919885045,10.47104331731167,7.679946368686752,-4.581651565314365,25.523738199937704
PS,Mmn4o6uWZe5r82UeaqQW5Q,14737,0.10451977633082891,5.4213435341112275,10.451977633082892,4.465832051274631,1.6989468125846159,19.20500845358117
PS,E8MSsqcO/wiq1rJ3gNntwA,11781,0.10451107708375666,7.3503360763258,10.451107708375666,6.771987044795291,-2.821986899423104,23.724202316174434
PS,owbtEnxJAnWdyZ3KXhFEag,5400,0.1040716063555468,6.026268732825828,10.40716063555468,8.200713026839916,-5.666236897051553,26.48055816816091
ONG,qvNJ56OxJrDpxquB/1dgGA,19381,0.10372901685110347,8.521003501922337,10.372901685110348,6.120721978803256,-1.6237133933440333,22.36951676356473
PS,NTHDFPAsVvlZkWo8EglX3Q,5521,0.10363913408897749,4.441048626268331,10.363913408897748,5.976909154176224,-1.3508285332876504,22.078655351083146
PTY,TkcflVlT/Dc/ZyNHPhpZYw,15234,0.1034390827576333,7.891057865848229,10.343908275763331,6.39334664677136,-2.187051151908534,22.874867703435196
PS,ZJQjLfc8R8qPoqzt3LZAfA,6256,0.10306266075371744,9.871745187840517,10.306266075371743,12.480890319508578,-14.15627895086507,34.768811101608556
IPN,Oa5aJjDHJYgBI6tZ1jB3Lw,6820,0.10301759664264243,5.427529493309293,10.301759664264242,6.572188403541509,-2.579729606677116,23.1832489352056
PTY,NEvL0Qbzx6/tigRK8yYoqQ,21538,0.10283709470656924,8.575899703269785,10.283709470656923,5.843553262955373,-1.1696549247356085,21.737073866049457
ABS,BcKvE53e6SEnbXhQc9uPRA,6110,0.10267757582988853,17.128379750073496,10.267757582988853,21.9126891495661,-32.6811131501607,53.21662831613841
IPN,7j3qX9OwmtUrnyGiT7qyFg,8071,0.10238570327165623,3.8207119494446133,10.238570327165624,4.252855462156674,1.9029736213385426,18.574167032992705
PS,85L4omfonYPm5LTutvF7bQ,9920,0.10232812206809139,9.908299276865883,10.23281220680914,9.94817186966166,-9.265604657727714,29.731229071345993
PS,/F5e5TKT/1B9kgJVuQttsg,19258,0.10223871657367757,7.382452368105965,10.223871657367757,5.319797026448814,-0.2029305144719178,20.650673829207435
PTY,MZwv3ec2Chf+ir52I+12RQ,23451,0.10210672166656945,8.28481523776174,10.210672166656945,5.410060778997404,-0.39304696017796736,20.81439129349186
ABS,rgOnpLfFy41kcunwSZiZIA,5704,0.10208837524824482,9.123936287697775,10.208837524824482,12.080710734380261,-13.469355514560831,33.887030564209795
PTY,w7mmS490AukEQdqTw8fLRw,6919,0.1015489810406311,9.108245545704486,10.154898104063111,10.949973415164557,-11.30704978965942,31.616845997785642
IPN,C7T++KXL31+BCoPKYcMqKA,7574,0.10112358091813706,3.6451884158243533,10.112358091813705,4.188488535481078,1.9029205622707934,18.321795621356618
PS,anYxn82k11XAdjSQ07Qt6w,5917,0.10109683826568261,7.951676514715822,10.109683826568261,10.337319023879392,-10.151461460235346,30.37082911337187
FTP,meC/BXRUCpBaP7kZMkvHiA,5269,0.1009736180759388,9.753890408907091,10.09736180759388,13.43735442855697,-16.23985287237778,36.43457648756554
PTY,omJRfU2eCp4vVAGS/3fTLw,8848,0.10023304487971815,7.010741268055867,10.023304487971815,7.453176101837208,-4.584920671629112,24.63152964757274
PS,gsZBHi2T2EZBHSUxyftyNA,8028,0.10021009723928269,9.881793910448227,10.02100972392827,11.028897749152007,-11.595629864409663,31.637649312266202
ONG,dXUSaymrZU40L4+WX5ekhw,5226,0.10019932536802505,7.8453585278481786,10.019932536802505,10.852457472863296,-11.250884110009556,31.290749183614565
IPN,UPJICtbObvzsVcqTHsw1cg,5691,0.10018010856690086,3.200903949481452,10.018010856690086,4.24305195412967,1.701629026595933,18.33439268678424
PS,Et3DXs+AC6DO1AeFXVV5yg,5533,0.09998667219674934,5.286703099755252,9.998667219674934,7.107298995745982,-3.93163881198719,23.928973251337055
PS,BedjMfrlRfPgSq7CXpPAmg,5027,0.09986373427562432,8.445141149719545,9.986373427562432,11.911116434904542,-13.35941478485047,33.33216163997533
PS,gRGU3eHFrdxHlVGOcW4k3w,5438,0.09974714566457848,11.411944434626797,9.974714566457848,15.47533455965897,-20.356941170473732,40.30637030338943
IPN,TErVR1fdNwaSHzHicBQaWw,13112,0.09972035779394414,4.222461321425487,9.972035779394414,3.6874930441123497,2.7445494129342087,17.19952214585462
IPN,7EkAJE3XZY6/I++ZMBEmdw,12944,0.09969709293251426,3.8914079829752097,9.969709293251427,3.4203654696380696,3.26579297276081,16.673625613742043
PS,ntTPeWOpSDMafD0XXahR3g,11949,0.09967612281643713,4.490050285532337,9.967612281643714,4.107574265404163,1.9167667214515536,18.018457841835875
PS,D75ymKWnOWiDbpvBKwYklg,72093,0.09966775160176661,5.845135038441316,9.966775160176661,2.1769477222430527,5.6999576245802785,14.233592695773044
PTY,81egq5qVt5vyJraR5v1o6A,6585,0.09956561501336622,10.721106873038934,9.956561501336623,13.211792239832304,-15.938551288734693,35.85167429140794
FTP,+a5S4OnLUtf++mfV6jBhvQ,16978,0.09951116563132435,7.4885083596098045,9.951116563132436,5.747143674437104,-1.3132850387642883,21.21551816502916
PS,VhSe8sJWSSiVxDxrjLnh2A,6238,0.09937800620492929,5.891104024203385,9.93780062049293,7.458886631311118,-4.681617176876861,24.55721841786272
PTY,sIxy7tOoNkdzQe+wy7yvDQ,8006,0.0992983360231563,12.209486326384615,9.929833602315629,13.645504592942656,-16.815355399851978,36.67502260448323
IPN,dadqjG+ogwk12SjyDkQY/Q,36163,0.09927821845682348,4.914655942358431,9.927821845682349,2.584406913401037,4.862384295416317,14.993259395948382
FTP,e5wdR9KDyp7gSFtdaVNAQA,6493,0.09916230934978577,6.1607541279832585,9.916230934978577,7.645592998087948,-5.069131341273801,24.901593211230953
ABS,gSGBr7I0ax5a1CqaVuc3BQ,5848,0.0991310684926739,9.166335760139663,9.91310684926739,11.986491432433725,-13.58041635830271,33.406630056837486
IPN,Kegq/5wsp0RqnEk9dy1CAg,8080,0.09862871178896121,4.656876410903556,9.862871178896121,5.180707010796913,-0.29131456226582664,20.017056920058067
PTY,KYwnSUBjiZzBTRBqrSHsnw,6475,0.09859691073650559,8.226973882610418,9.85969107365056,10.223985672671239,-10.179320844785067,29.898702992086186
PS,1l5qoNYTyN/vMc//npoaVw,7435,0.09858271799325222,6.0390916630700495,9.858271799325221,7.0037580569235995,-3.869093992245034,23.585637590895477
PTY,/gbbNE4oHT0bZFRPygxwnw,8864,0.09854226849913524,10.339134832975109,9.854226849913523,10.981693676298036,-11.669892755630627,31.378346455457674
PS,xZxXMLyVePEu0dKBuDkT3g,10427,0.09853649061554412,3.3699639878754715,9.853649061554412,3.30024037526847,3.385177926028211,16.322120197080615
PS,rNWRAyxFj/uIKgF6Y1QUHQ,10301,0.09851519210191216,8.115014043785292,9.851519210191215,7.995572804874171,-5.81980348736216,25.522841907744592
PS,E00scQZJzqg1TcJZb3w3/w,5479,0.09830576919262635,9.606790310684783,9.830576919262635,12.978594425318983,-15.60746815436257,35.26862199288784
PTY,Z4nwqgGi5zEEAR/R+NZFJQ,5361,0.0981839131206035,9.38135727256667,9.81839131206035,12.812762380826832,-15.294622954360243,34.93140557848094
PS,CkGcRl5mCScTTaG7IkGJhA,10726,0.0980962151706666,5.835491911753669,9.809621517066661,5.634541411664961,-1.2340796497966622,20.853322683929985
ONG,UcSwJKDoueN3Uu5+2Wl21A,11338,0.09775276386508747,8.457692353295302,9.775276386508747,7.942983445423971,-5.792971166522237,25.34352393953973
PS,n/7hzJghGrOyzNSu1pznMQ,9925,0.09773803419501566,5.840981591009364,9.773803419501565,5.863009255320177,-1.7176947209259819,21.265301559929114
IPN,vA1JGSDLgcsgxVD24wKorA,5471,0.09769969037933991,4.247725412813816,9.769969037933992,5.742791876051876,-1.4859030391276846,21.025841114995668
ABS,tUao2jl5aNKf6KdSnvt5ew,6044,0.09706154845539089,8.791365220999932,9.70615484553909,11.308215977421193,-12.45794847020645,31.870258161284628
PTY,d21hrlY10bqoPIyubx2ltw,6159,0.09703389507795351,9.140189278797706,9.703389507795352,11.646624869165866,-13.123995235769746,32.53077425136045
PS,OMs25WATmBZ1Mn3o4Xi9wQ,10030,0.0970175121947083,8.890591844887416,9.70175121947083,8.877285888049576,-7.697729121106336,27.101231560048
PTY,xKtKsRnMkUNTU8ttL+HXAA,5464,0.09696084597743884,8.621889030896817,9.696084597743884,11.663988521217542,-13.165332903842497,32.557502099330264
PS,YeafH4Pr1vuxUQAVceY24g,5125,0.09687902383106511,4.988188553001213,9.687902383106511,6.967804012854123,-3.968993482087569,23.34479824830059
PS,L16d+Km8s7Gi6wT0+JEgYQ,10249,0.09676505222950044,7.018796679209856,9.676505222950043,6.933011416849379,-3.9121971540747396,23.265207599974826
FTP,hgjCELuyuri0y5tG1e3/4w,5352,0.0967541747999354,5.384986234995816,9.67541747999354,7.360825888183709,-4.7518012608465305,24.10263622083361
PS,kNu6wigcNlVStIMiUhJtSg,5697,0.09654466947123777,3.741927722524565,9.654466947123778,4.957609151977412,-0.06244699075194937,19.371380884999503
PS,7E4RdrRF4nun2sBJ5M4qdw,5807,0.09648613595607894,8.091361141366516,9.648613595607895,10.618072159307376,-11.162807836634563,30.460035027850353
PS,z0hSTyurotHui8rIgijyXg,8792,0.09648543958564046,8.164431851499224,9.648543958564046,8.707272347868907,-7.41770984325901,26.7147977603871
FTP,IQnfwUM0NhaxcxIl7r7s8g,8650,0.09645251077077636,5.5773921400046556,9.645251077077637,5.996849180728132,-2.108573317149501,21.399075471304776
PTY,dsKG5yCAWOnMdOJ288oNhg,27192,0.09639167015118265,11.02888621039405,9.639167015118264,6.68822816152766,-3.46976018147595,22.748094211712477
PS,vwyOvmLDwyJlvqi0KmlhQw,11929,0.09632073296472132,9.083476708736107,9.632073296472132,8.316681841123161,-6.668623112129264,25.93276970507353
PTY,cdQOD63rsrgm17RMZGZ7BQ,13832,0.09601112044733631,8.933724600574587,9.60111204473363,7.5960894496390035,-5.287223276558816,24.489447366026077
PS,kjQ9v1oPvy0VzEHfnyofkA,13566,0.09587917472553714,5.835452009798536,9.587917472553714,5.010125392538788,-0.23192829682230887,19.407763241929736
IPN,D+KZXuczmnZ8ZiwxctW7SA,5165,0.09572241087042928,3.1294493915047075,9.572241087042928,4.354444601884303,1.037529667349693,18.106952506736164
PS,8imrw6g4vxrcqmR0FoHRFw,8723,0.09569815545804414,5.726223392367079,9.569815545804413,6.131056954753234,-2.4470560855119246,21.58668717712075
ABS,YRXyD5Gm275t27NjTtcPtQ,13038,0.09562732128980454,12.381922076313389,9.562732128980453,10.84382694613758,-11.691168685449206,30.816632943410113
PTY,uEkfgk/FofVYhwFBwYFbYA,14113,0.09554394257847426,7.4131020393869065,9.554394257847425,6.240082152663697,-2.6761667613734197,21.78495527706827
PS,GlB1Oj8L+if4+SxM94G1UQ,22623,0.0953545778959246,4.20470057009106,9.53545778959246,2.795503085936513,4.056271741156895,15.014643838028025
PTY,pOVlQ7Bk3Kzoshd6xsjQeA,19663,0.0951342559893925,6.498236844003762,9.51342559893925,4.634155970250992,0.43047989724730584,18.596371300631194
PS,axPpHZY364oDAq7kVkU+jg,5418,0.09503045461517709,5.45148422977279,9.50304546151771,7.406196998596886,-5.013100655732186,24.019191578767604
PS,HR9I5ZM8XZYw7XWVYuiD6Q,6411,0.09493292860350916,8.902863285689751,9.493292860350916,11.119027794918432,-12.300001617689212,31.286587338391044
PTY,Vrs/UKIOTH4iG538TtRh4A,5474,0.09474222819366114,6.358557300761427,9.474222819366114,8.59421457725924,-7.3704377520619975,26.318883390794227
PTY,Q3VOZih7ck0BJwQ2ar91xA,15566,0.09446562644437417,9.268820784881393,9.446562644437417,7.429096026931332,-5.114465568347994,24.00759085722283
PS,arWjZqR2sRy0E0TKPnv/Eg,14139,0.09414032188828621,9.437782419846174,9.414032188828621,7.93707736622533,-6.142639448973027,24.97070382663027
PS,To4tTA/LKlzfndEIhDB/Ug,6014,0.09396324995973299,3.498941855837223,9.396324995973298,4.511853749950294,0.5530916460707225,18.239558345875874
IPN,obnAPFBeqn5LxZpi0vEvhg,7365,0.09375569006252353,3.7064582617575983,9.375569006252354,4.3188959210801885,0.9105330009351853,17.840605011569522
FTP,QzWmwLgtXPmLe2fReYGtug,7156,0.09368945127420748,5.177433852773949,9.368945127420748,6.120394174076764,-2.62702745376971,21.364917708611205
ONG,g9e9UB5IIb5Td7c+PzsY5g,9791,0.09365037269034227,9.546149764461958,9.365037269034227,9.647498466586528,-9.54405972547537,28.27413426354382
ONG,Z6MhhiT730aPM6SuDec1tw,7046,0.09346733344049996,10.948667076675182,9.346733344049996,13.04337350267243,-16.218278721187964,34.91174540928796
IPN,BZwiSwEYcVFhowvD3ZhfPw,23813,0.09346625768657253,3.9391980947652976,9.346625768657253,2.552705800461371,4.3433223997529655,14.34992913756154
PS,mRMmasiNJhITa/JuHIrCbQ,6564,0.09333333509107558,8.423838650841894,9.333333509107558,10.397423977788176,-11.045617487357266,29.71228450557238
PS,anwaoqbgDf+q18dOg0mwEw,22220,0.09327655444500095,5.945573838429927,9.327655444500095,3.988611615958912,1.509976677220628,17.145334211779563
ONG,Q5CR+R72UMU2poQN13C8xQ,8755,0.0931115105884338,11.339991541759717,9.311151058843379,12.11949867153434,-14.443066337363927,33.06536845505069
IPN,gDsFkJMNojJrOWeo337Tbg,8390,0.09305870098209494,1.6163521282256137,9.305870098209494,1.7646354475406214,5.847184621029877,12.764555575389112
FTP,WOA0jkaFDzz8yJRJwsEsiQ,8843,0.0929590254747381,13.114459446730278,9.29590254747381,13.946029578895088,-18.038315427160562,36.63012052210818
PTY,Ne5//DabIdf0xdN/vmCSTg,5232,0.0928188134611382,13.232539233276668,9.28188134611382,18.294027291905113,-26.5744121460202,45.13817483824784
ONG,JNPjkwoenm41z8pR9gyaIw,12715,0.09264461467349466,11.302409737620726,9.264461467349467,10.023349298792429,-10.381303158283693,28.910226092982626
PS,svm6VBh6W0yodqG/HaEk3A,13174,0.09252685164749685,4.1528825164965015,9.252685164749685,3.618185390472507,2.1610417994235718,16.3443285300758
FTP,saj6JaozzVo1h7lszXKjAQ,7461,0.09246973220332348,9.195592316302081,9.246973220332348,10.645870739176157,-11.618933428452918,30.112879869117613
PS,UcFkfWngu95uR8Jhrj+HrQ,14590,0.09235060187446041,6.608921849780145,9.235060187446042,5.471456747712129,-1.4889950380697314,19.959115412961815
PS,KN1A5v6LvQ6VrPmZpJIl9A,18373,0.09207947723677382,5.270698712664666,9.207947723677382,3.8884646394584337,1.5865570303388523,16.82933841701591
IPN,EIl3IT6b34WBXyqrmS+gLQ,7061,0.09192529396267286,2.9054343696396114,9.192529396267286,3.4576255912393012,2.4155832374382555,15.969475555096317
FTP,vQ5cTd9JP6DWNcCopKr+EA,6013,0.0918666528085296,4.570659227323678,9.18666528085296,5.894313638170609,-2.3661894499614338,20.739520011667352
PS,B/mVRcHY3+jB/ztXjq5R5g,7630,0.09182568816285029,6.3804820995664535,9.182568816285029,7.304512315073395,-5.134275321258825,23.49941295382888
PS,/t1Ug9U+u3fKl4UnE07OCw,7783,0.09178144858531882,6.391110983785389,9.178144858531882,7.244407041954401,-5.020892943698744,23.377182660762507
PS,VJeb5WusWFrWmbPbNcZKdg,9806,0.09157607462177368,9.149548826339958,9.157607462177369,9.239612008570266,-8.95203207462035,27.26724699897509
PS,c7JiTmr9NIBOw3k2JD8ACA,34011,0.091333612002033,5.808925169804171,9.1333612002033,3.1498225023944824,2.9597090955101146,15.307013304896486
ONG,RD/b3PaaM0L/6oqbUMFrSg,6675,0.09092846529648992,12.345260138725912,9.092846529648991,15.110353019660028,-20.523445388884664,38.70913844818264
PS,Yvjq4KWmySqEtIXITXXrKA,9416,0.09082466162390652,7.9042660275400864,9.082466162390652,8.145698355143974,-6.883102613691538,25.048034938472842
PTY,dIuA1tBl8NHpNAnKAYLrGQ,10366,0.09054517239826701,5.386324036094905,9.054517239826701,5.29038007891023,-1.31462771483735,19.423662194490753
IPN,cGI35HfB93aJWdjC96KpMg,5683,0.09036057783687658,4.348677394920964,9.036057783687658,5.768572600943902,-2.270344514162389,20.342460081537705
IPN,bWybvQP53RohkekGMHaUFA,10408,0.09035424649898681,3.702709952627552,9.035424649898681,3.629410168591398,1.9217807194595409,16.149068580337822
PS,ePRDJkuf4s0HzaYP8rvLvw,5548,0.09026045294205921,3.6363623248727377,9.026045294205922,4.882012907807646,-0.5427000050970658,18.59479059350891
IPN,zzVR+i7yAe8+YSPamGqHAw,6104,0.0902019587991122,2.7268908006482224,9.02019587991122,3.490281733198171,2.179243682842805,15.861148076979635
PS,KHb8l1YqfeRam7N1w9wrZw,13022,0.09019726296217954,4.312733951618212,9.019726296217954,3.779321361906943,1.6122564268803456,16.42719616555556
PTY,twvUSTyQ+svbxdSSJvba7A,12867,0.09008792567984564,8.262748949331188,9.008792567984564,7.284267854205696,-5.268372426258601,23.28595756222773
PTY,73sfYCsiIGu8N1SirzdQVw,5377,0.08978286959883536,6.704306539666892,8.978286959883535,9.142897374296249,-8.941791893737113,26.898365813504185
PS,kem0o3a/3AcDZBJg3cdvpQ,12289,0.08957960612726945,5.13384718836905,8.957960612726945,4.631105401458843,-0.11900597413238678,18.034927199586278
IPN,z+E5Xr4Fqk2fgutUkZycfA,14311,0.08954562912463108,4.9046006872150985,8.954562912463109,4.099856572173791,0.9188440310024788,16.99028179392374
PTY,6/JdsKTyUxU0PehHsjxkwQ,10306,0.08939299774810733,12.170890493022878,8.939299774810733,11.988843356364177,-14.558833203663054,32.43743275328452
PS,XXCTe9/bI2nhIMsJsR8wGA,5323,0.08937535177277327,9.98906390321483,8.937535177277327,13.691359005155713,-17.897528472827865,35.772598827382524
PTY,t5LZ+ciB241DyRb4KTu5uw,6277,0.08929960050729785,15.057400137522697,8.929960050729784,19.005264897837492,-28.320359149031702,46.18027925049127
IPN,86tsg5M4q9aFoMpzwjtIyA,11956,0.08920834658934784,4.731874214252848,8.920834658934783,4.327531504484703,0.4388729101447648,17.4027964077248
PTY,riqQbW+VUVX/TGQukiXkVA,13275,0.08916489840521988,7.306663867493369,8.916489840521988,6.341644078745976,-3.513132553820123,21.3461122348641
PTY,fl1ZXoD/buUf0RgYDxtlGA,9737,0.08915856890697933,7.586040457781551,8.915856890697933,7.6878087272447635,-6.152248214701803,23.98396199609767
ONG,sP2xpKyBOtk3GQIWD/ou6A,6056,0.08908506673287055,10.865911712814402,8.908506673287055,13.96282319434721,-18.458626787633477,36.275640134207585
IPN,aahhwUkQ10emPd7LdPUmyA,5389,0.08897291373003169,6.459063682696546,8.897291373003169,8.798638499529705,-8.348040086075054,26.142622832081393
IPN,SQhMIkcJyDoP7+aqkCr+tQ,15724,0.08885541510503124,4.79525620575633,8.885541510503124,3.8241093155486166,1.3902872520278358,16.380795768978412
PS,OaecF17XbGCnRgAzPOqrSw,9774,0.08879527269098592,7.472663158325107,8.879527269098592,7.558563028381121,-5.935256266528405,23.69431080472559
PS,ivQ+d0Nc4QvVp22kjitj1Q,11430,0.08874737503722453,4.007917162884577,8.874737503722454,3.748828920035255,1.5270328204533534,16.222442186991554
IPN,qVVq1HPPReIFJWh+V0awHQ,18733,0.08866723519346995,4.187876815292378,8.866723519346994,3.059780214634038,2.86955429866428,14.863892740029709
IPN,MtLJESd3xXWu0dT3H5gWZQ,10542,0.08862289053012831,3.819633156425134,8.862289053012832,3.7201474066299856,1.5708001360180601,16.153777970007603
PS,znJYDezLaduNKCbXf5pgVA,5621,0.08843889344915061,9.670974243836127,8.84388934491506,12.899219529929141,-16.438580933746053,34.12635962357618
PS,cnllodAuHHWF+cHPMe4AdA,9108,0.08836682106429186,5.826761510995064,8.836682106429187,6.10542262648317,-3.1299462414778265,20.8033104543362
PTY,8f/OvHtvI6Ow04kxT2n3AA,16572,0.08829784794478364,11.194283599728001,8.829784794478364,8.695785991424394,-8.213955748713449,25.873525337670177
PS,Pv2ReEOTGz5Mc1UeA4IYGA,21237,0.08814816087903252,9.022058364791267,8.814816087903251,6.190974978247562,-3.3194948694619697,20.949127045268472
PS,68rhGjOGYLx4apOHaevGog,7581,0.08814008668008069,3.8802688684670428,8.81400866800807,4.456547821185682,0.07917493848413315,17.548842397532006
PS,VvVj6q29EpKe+TjH096N3g,10651,0.08793164836509487,5.522611951515269,8.793164836509487,5.351177243757915,-1.6951425612560271,19.281472234275
PS,nfyJYHUcSB3kM9OXV/xK/Q,10245,0.08753989671369249,4.828794903891134,8.753989671369249,4.770707371823336,-0.5965967774044909,18.104576120142987
ABS,uUr5VW+nLr7e9CueUrQ47g,18190,0.08730250369386729,9.438454321750001,8.730250369386729,6.998170654852395,-4.986164114123966,22.446664852897424
PS,QINV/ESzBoh9N5g31uEO1g,8875,0.08716506908980894,5.568500991191166,8.716506908980893,5.910906919179822,-2.868870652611557,20.30188447057334
ONG,yIcIOHaBsoF53Tkyx7nVSw,9894,0.08712898594127151,13.060017642516588,8.712898594127152,13.129790926224532,-17.02149162127293,34.44728880952724
PS,YIbEvNhNyAw2AYWS6dGNmQ,15168,0.08702630574917146,4.7929902230817145,8.702630574917146,3.891727140509647,1.074845379518238,16.330415770316055
PS,3PmVnC/15cl4oyI1TKIt4g,17986,0.08679222572686222,4.077657382623157,8.679222572686223,3.0404890078946836,2.7198641172126434,14.638581028159802
PS,Kj7/Z3URbLHj8XfDyp+Rfg,8203,0.08673008377708637,8.942639755549818,8.673008377708637,9.873687556239307,-10.679419232520406,28.02543598793768
ABS,h3sZ/TSude02gD1QMh1enw,5350,0.08672495219055737,8.113368639923687,8.672495219055737,11.092369246030128,-13.068548503163314,30.413538941274787
PS,DdPXdieucQ+n99u1n3A+rQ,5840,0.08666181194768223,5.3493882878198065,8.666181194768223,6.999994502671976,-5.053808030468851,22.386170420005296
IPN,PpZ28/UcbIIOQWxqEA61cw,5564,0.08663371415295934,4.055569737634419,8.663371415295934,5.436987231218893,-1.993123557893096,19.319866388484964
ABS,YTl1HrDTF18WWtXqWXBsGg,8516,0.08661402150386653,8.417790945955279,8.661402150386653,9.121795036086604,-9.217316120343092,26.5401204211164
PS,a4IoVeRA8jeQR01dNic1PQ,5927,0.08651678614608752,3.942278644966009,8.651678614608752,5.12070614003824,-1.3849054198661985,18.688262649083704
PTY,yCs6hKdQYQI9DTMsS8ZRuA,30916,0.08650204995007232,9.526234235357025,8.650204995007233,5.417882806379647,-1.9688453054968758,19.269255295511343
IPN,toiQcZSa9yVGp/sIDUQ9jg,13164,0.08650051271506118,4.797958245839639,8.650051271506118,4.181792962335582,0.45373706532837943,16.846365477683857
PS,eQlY4dWQyqhv8/n5ePiVAg,12292,0.08643914479413789,4.511313092843663,8.64391447941379,4.069037507759831,0.6686009642045203,16.61922799462306
PS,yDuB4qrhzsiUu1lvgEcLhg,10354,0.0864360815477902,4.3933445304941765,8.64360815477902,4.317587841693431,0.18113598505989614,17.106080324498144
IPN,QJ4jkbJiCiTeTXLw3Y5wAQ,6039,0.08634597391734003,4.013586775781029,8.634597391734003,5.164759965264446,-1.488332140184312,18.757526923652318
PS,K0b5wNInj6hUGRr6yzKFtw,8240,0.08629813851806724,5.774049436017445,8.629813851806723,6.3608754520484485,-3.837502034208235,21.09712973782168
PS,QEbIGci+itdw+re8RM5fZA,9568,0.08595125964121662,4.5318776391661375,8.595125964121662,4.633056453255576,-0.485664684259266,17.67591661250259
PTY,J18gerda7LxNBIokT1yJoA,11589,0.08590675019608071,8.309090934529186,8.59067501960807,7.718457736730839,-6.537502144384373,23.718852183600514
FTP,6cp8OHm09T2mtctZdaeCfg,8194,0.08583354021401879,5.729647550763442,8.58335402140188,6.3296533796279615,-3.822766602668924,20.989474645472683
PS,pVIRUIWqslZfN13NNQvzQQ,6322,0.08572682351750763,4.141840672948763,8.572682351750762,5.20914135781408,-1.6372347095648347,18.782599413066357
PS,CyHVL0gPNuYo+3t0+FPWlA,10562,0.08566953941648503,6.769707664826007,8.566953941648503,6.587139084108623,-4.343838663204398,21.477746546501404
PS,R1lDieF50PRt2HjSG9UcPA,32409,0.08552911083112746,5.970908193221022,8.552911083112747,3.3167105961920886,2.0521583145762534,15.05366385164924
PS,6sIO+N4N1znegIQzm2VLFw,5684,0.08543543125988416,4.044147438167395,8.543543125988416,5.3641380440596595,-1.9701674403685168,19.05725369234535
ABS,ouQv0Sc4aPg8AuwhCk+lmw,6858,0.08468819734607555,8.837346828155459,8.468819734607555,10.671443249266865,-12.4472090339555,29.38484850317061
PS,dtZ84flFEi4Q+SGrHMJRDQ,8091,0.08458719205398109,5.207319687151134,8.45871920539811,5.7891278395149195,-2.8879713600511323,19.80540977084735
PTY,OdJkoJ6da9PpdGWQnsxHMA,6257,0.08437334447896708,8.14936656190644,8.437334447896708,10.30245616836281,-11.755479642094398,28.630148537887813
ONG,jqBGB1GxLPks+/4k4fJyVQ,14023,0.08430827992435555,9.471378965939898,8.430827992435555,7.998208970003164,-7.245661588770647,24.107317573641758
PTY,HNzM1J50SxbJDR2dKQNrGw,7272,0.08374202424482052,10.497095858978495,8.374202424482052,12.309551455292974,-15.752518427892175,32.50092327685628
PS,bPYEHTe0zBqOEQfvZaQ9uQ,5363,0.08372412801188985,4.4490113860584035,8.372412801188984,6.0751865559725875,-3.534952848517287,20.279778450895257
PS,L5tZAoJvXL9AMcv1Ur6/VA,18093,0.08360972732942983,4.174594904056394,8.360972732942983,3.103552147566811,2.278010523712034,14.443934942173932
PTY,jV8LonUYgOYV40v7HauNHw,5315,0.08358664010613737,4.610721613579675,8.358664010613737,6.324369953699152,-4.037101098636601,20.754429119864074
PS,9ixVegaaCrUIzRQT4gqUHQ,5524,0.08333997113615339,4.747256280095502,8.33399711361534,6.387278351894518,-4.185068456097916,20.853062683328595
IPN,6ZYQhNYsdk4WRAmQgowAEQ,10359,0.08318121128991852,4.129243339458971,8.318121128991853,4.0570612130367385,0.3662811514398463,16.26996110654386
PS,5jIfIcvjxTyUldOGeGjDSQ,5470,0.082956123508009,3.9124900686733968,8.2956123508009,5.2900476626633886,-2.072881068019342,18.66410576962114
PS,xZO0Qn/ojjOuLxL1qGwUFg,19804,0.08288056381766097,6.446982388274504,8.288056381766097,4.581208153444199,-0.6911115989845324,17.26722436251673
ABS,X9NiemjD3yKVKrsB+ReJuQ,6627,0.08265874684317917,6.0092013104477955,8.265874684317916,7.38173190255678,-6.202319844693372,22.734069213329207
PS,zuQA+Q3QBj0dQiOGNFvaKQ,49072,0.08262173388932807,4.7624446676730905,8.262173388932807,2.1498742775250017,4.048419804983803,12.47592697288181
FTP,ti7JpXpjOpbzPRffOedf5Q,8482,0.08242808077620521,9.920515438777468,8.242808077620522,10.771721176017872,-12.869765427374505,29.35538158261555
ONG,HJETXi7hsKrVeEx+24PGnA,15138,0.08241860248528156,10.09870354134729,8.241860248528155,8.207887075033645,-7.8455984185377865,24.329318915594097
PS,CYwqB+ImiCDsnNdaSS6NYw,32606,0.0823953539137185,4.274290994986041,8.239535391371849,2.3670930136004618,3.600033084714944,12.879037698028753
ONG,VUPbOkEFxp7J4kQulg69Ng,10319,0.08218625634302175,13.102313557038682,8.218625634302175,12.898202240464133,-17.061850757007527,33.499102025611876
ONG,lPoxHHMj5fY2Oj8ANFXoVQ,9886,0.082110223386549,7.196904944268836,8.2110223386549,7.238281409236396,-5.976009223448436,22.398053900758235
PTY,JSbcKfq+h48JAH2c9IQexQ,5509,0.08210429719421539,10.73410586990571,8.210429719421539,14.462037662686086,-20.135164099443188,36.55602353828627
PS,9nF8CwVQwdD43e4w1dWUbg,5971,0.08197956989618965,4.509107897938668,8.197956989618966,5.835352448083663,-3.2393338086250125,19.635247787862944
PS,XwxYzmxk5ugXGER4nzdo+Q,5144,0.08195405714011071,6.184186209678381,8.195405714011072,8.62247766394745,-8.704650507325931,25.095461935348077
PS,blYAoClyuYYyDF2gG96ijQ,5585,0.08186660801713341,4.950877010422219,8.18666080171334,6.62476609574447,-4.79788074594582,21.1712023493725
PS,X7GlkHF+lkbarCLuZ4Uf0w,101706,0.08173679377197593,4.888124188481605,8.173679377197592,1.5327415975021632,5.169505846093353,11.177852908301832
PS,iWSdfFa3ivVb2ogGfVDHLw,12262,0.08155424224981095,4.553373519446317,8.155424224981095,4.111995414121562,0.09591321330283265,16.214935236659358
ONG,vkvhoH9z8i5BJAZhvUwKAA,48178,0.08134780183211486,9.506577055894962,8.134780183211486,4.331115735991091,-0.35420665933105155,16.623767025754024
PTY,O1IaNMEIKg+r7kFI6/S4uA,15797,0.08131134147203564,11.30300838767905,8.131134147203564,8.993044466492636,-9.495233007122003,25.757501301529132
PS,juRNTxD88Br0qG+YRSy+Og,17687,0.08085514728702126,6.713388560380774,8.085514728702126,5.0479459518180905,-1.8084593368613309,17.979488794265585
PTY,nWK+KSuoLivtDZdhs1+zAA,7409,0.08079772634500353,7.480624468685717,8.079772634500353,8.690765988802585,-8.954128703552714,25.11367397255342
PTY,m01yuNg4YMRJW7xkUGyoAg,7624,0.08073507091235702,10.374967956650476,8.073507091235701,11.882157924520165,-15.215522440823822,31.362536623295224
PS,9XmC0Ht9i8/VLU8WMfMhTg,8131,0.08069138844154913,5.548271090253605,8.069138844154914,6.15298267369067,-3.9907071962788,20.128984884588625
PS,2jNCmeh7IYLeB2cq5E/qsA,9045,0.08066680376011737,3.681632076719781,8.066680376011737,3.871115235387827,0.47929451465159634,15.654066237371879
PS,Yg8Sb/YHDM2f++9MHemGnw,8971,0.08045647059538308,3.903514303518052,8.045647059538307,4.121310606132129,-0.0321217284806643,16.12341584755728
PTY,loJ3wrfF1AZLNgA0ivBcrQ,8173,0.08038790529110901,8.648939407865896,8.038790529110901,9.566919179788473,-10.712371063274503,26.789952121496306
PTY,z/Ak5aaoDpQMU6DLgAn+Uw,19092,0.08003692633195113,8.97665984328592,8.003692633195113,6.4966437991213475,-4.729729213082727,20.737114479472954
PS,SEsQRKrGnsOUz0WmrDPdKA,14614,0.07998426160065832,7.345934542966111,7.998426160065832,6.076625932352135,-3.9117606673443523,19.908612987476015
PS,rXVsWU2B5/WtB6cIlVUN4w,8986,0.0799314704516995,5.7928396586789175,7.99314704516995,6.110943953411755,-3.984303103517089,19.97059719385699
IPN,LnCXUjs3VnUfZwLlRoqnyA,6383,0.07988602413235461,3.8262075102240365,7.988602413235461,4.789124172747464,-1.3980809653495667,17.375285791820488
PS,C+5fQ6GKOBl/tNn8QNjs2g,11295,0.07981420695623395,5.964892928473205,7.981420695623395,5.612541105510444,-3.0191598711770755,18.982001262423864
PS,J6jNYUqSDDfMFxgGb9+9/A,6316,0.07977043307563873,9.14411917658219,7.977043307563873,11.505905876430047,-14.574532210239019,30.528618825366763
ONG,mIj0XDXNP/nUTAG7hmBWAg,7540,0.07949348013126724,12.309296011855135,7.949348013126724,14.175798870516534,-19.83521777308568,35.73391379933913
IPN,SuAxxnb40cgvY7PzA80lRw,32062,0.07942294040834842,1.8876550702820996,7.942294040834843,1.0542104915892836,5.876041477319847,10.008546604349839
FTP,ZaYCGtNHUeItoUEheoYDMw,8269,0.07896430731046761,4.502352336679146,7.8964307310467605,4.9512286445710965,-1.8079774123125878,17.600838874406108
ONG,taO9pfadiS5/ToFtkkjR6w,8782,0.07892706543521073,12.132195242513774,7.892706543521073,12.94621080383232,-17.481866631990275,33.26727971903242
PTY,7o6LOyOh6An142vULsqDSA,15775,0.078799315788761,11.050208939257239,7.8799315788761,8.798037441481231,-9.364221806427114,25.124084964179314
PS,UgBUE0pOJDwUdQ53XJt8MQ,18531,0.0787591965944757,4.023283010114816,7.875919659447569,2.955501303507869,2.0831371045721463,13.668702214322991
PS,+hDs7Ei5JknOSC1wdoTz/w,6620,0.078630664262054,6.19659510047392,7.863066426205401,7.615950708558482,-7.064196962569224,22.790329814980026
PTY,45eOIoud8DoywFPczcekVA,7131,0.07853555120658347,4.090303961064866,7.8535551206583465,4.843734883921994,-1.640165251828761,17.347275493145453
PS,h6FuL5+uT/kmRDg1y+l6QA,7036,0.07807205997528154,6.097191988338634,7.807205997528153,7.268870888960038,-6.43978094483352,22.054192939889827
PS,nXDI8Y/S6POzRwANu3d8hQ,28562,0.0779478860582472,7.2570431979795815,7.794788605824721,4.2940332288096865,-0.6215165226422652,16.21109373429171
PS,DYOB4Z6bBQpcmrCQgJEaMg,9288,0.07785959991295144,4.194978040240516,7.785959991295144,4.352798751917978,-0.745525562464092,16.31744554505438
PTY,glaxkz3JJu9JUZbr1PX/aA,8940,0.07756124910683906,6.506112412911809,7.756124910683907,6.881019734259736,-5.730673768465175,21.24292358983299
PS,GXeeaPyQLx+kT4QgmPDMjQ,11149,0.07742858030044324,9.44270572915704,7.7428580300443235,8.942902541329321,-9.785230950961143,25.270947011049792
PS,j8cchuW+1kblo9oD1PQ1DQ,25756,0.07736998911840559,7.292436926492248,7.736998911840559,4.543949261388305,-1.169141640480519,16.64313946416164
PS,TTblK3vapLyk1scqcWVBeg,6206,0.0773267821449927,7.088633913712486,7.73267821449927,8.99822114789102,-9.90383523536713,25.36919166436567
PS,5XR7pUq68rf90Z/MolFX7g,9469,0.07731052485885458,5.889314217697632,7.731052485885457,6.0521915931620685,-4.131243036712196,19.59334800848311
PS,NiuqjGNtZDYc7r6foa4sFQ,6264,0.07730603357598585,4.708610622162608,7.730603357598585,5.949314167727194,-3.9300524111467157,19.391259126343886
IPN,rmOIPNUnsDBnnpWI7q0f3Q,6760,0.0772318777600689,4.561509792109808,7.72318777600689,5.547984812395444,-3.150862456288179,18.597238008301957
PS,vUnQ4lvJ8LN0HAZkqXIS5g,7782,0.07721729763761734,12.202970749413826,7.721729763761734,13.8331140323959,-19.391173739734228,34.83463326725769
PS,r0y7jtHmfcJx9BfnngeJxQ,6823,0.07709707432401533,4.2294184953121325,7.709707432401533,5.120271318956438,-2.3260243527530857,17.745439217556154
PS,9uQp2HjXW0Dc+NHYIA2GgQ,5662,0.0770611090882323,4.576610278137886,7.70611090882323,6.082176222784998,-4.214954487835366,19.627176305481825
PS,jQt5ovYYz+NMUWF3aZC8cQ,6737,0.07688214559247918,6.8147407942281815,7.688214559247918,8.302637333354113,-8.584954614126143,23.96138373262198
PS,HaKojsz0NZHMAAN10jgHFg,7228,0.07668511122341438,5.234957283767906,7.668511122341439,6.157495035024937,-4.400179146307437,19.737201390990315
PTY,uRin1HgBAaGpoLePFI0FzQ,27854,0.07623088103399743,8.21264058918533,7.623088103399743,4.920837589447972,-2.021753571918282,17.267929778717768
PS,s7Q6uNouhe7aE8JdFb9E+A,19002,0.07615479057348512,6.461018419110118,7.615479057348512,4.6870687332511025,-1.5711756598236484,16.802133774520673
IPN,Pnjs/0+uWwv1rRs3ARiWPg,5756,0.0761257817630887,1.1130575135299585,7.612578176308871,1.4670915408870757,4.737078756170202,10.488077596447539
PS,r8V63AYQdXr1fBhkje19/g,8281,0.07610151598533885,6.59089369605074,7.610151598533885,7.242740325330484,-6.585619439113864,21.805922636181634
PS,ufydNKjP/sPKMIpRttP0cw,8471,0.07591961263306812,9.556438830355628,7.591961263306812,10.383140803065666,-12.758994710701893,27.94291723731552
PS,2TKat8pQHaAbIU81Vdvzaw,9592,0.07537222928907396,5.395127245042344,7.537222928907396,5.508674445960912,-3.2597789851759904,18.334224842990782
PTY,cR2ljGi80KPpF9QjcGKNvA,5310,0.07533577645474628,7.587685647226142,7.533577645474628,10.412669152151562,-12.875253892742434,27.942409183691687
IPN,sF52AsBUBwv67XDijGNRZQ,9795,0.0753174246179017,4.15193303700034,7.53174246179017,4.1951560515456,-0.6907633992392057,15.754248322819546
IPN,SIJ3hceuxqWqwpwim6Z8bA,9000,0.07527287020948198,1.4511565283691423,7.527287020948198,1.5296532903564133,4.529166571849628,10.525407470046769
PTY,P5NHr0VNWpvzgd5YVZ5zkQ,11548,0.07523747716179027,7.123487967111506,7.523747716179027,6.628867029089578,-5.468831660836546,20.5163270931946
PS,TqkmuCIWwylrWv5Ct9zsig,11722,0.0751680578954481,5.198409962976165,7.51680578954481,4.801419675665538,-1.8939767747596434,16.927588353849263
PS,W3ingbA178eb7J5rt1PuIQ,8322,0.0750712930777452,5.288737913215534,7.50712930777452,5.797465729584317,-3.855903522210742,18.87016213775978
PS,V610Sqhiz7vWaExWnevTXQ,21489,0.07491739827388383,4.5847375695269985,7.491739827388383,3.127565247567142,1.3617119421567843,13.621767712619981
PS,Pcg6QGowPuVllM6S1W67TA,14350,0.07487050174135157,7.357921913611751,7.487050174135157,6.142274538514736,-4.551807921353727,19.52590826962404
PS,6DwBRH+xZ12AAZmeAg+aXw,6247,0.07477776344960377,10.648548249405398,7.477776344960377,13.472700333114787,-18.928716307944605,33.88426899786536
IPN,y1FrCTlI21wGBR7x9CPQKg,11003,0.07475537185743485,6.306306941708615,7.475537185743485,6.012007981837845,-4.307998458658692,19.259072830145662
PS,u0SVbYc8SaXpFLd9ndDVig,6690,0.07451644474626568,5.351234088888609,7.451644474626567,6.54245720651488,-5.371571650142597,20.27486059939573
PS,+d30VMQCgVopi1ad8lbxTQ,13350,0.07443932633721427,5.578298215148982,7.443932633721427,4.827931449415001,-2.018813007131974,16.906678274574826
PTY,bqfkhWgf88pjU14gKJzzZw,6295,0.07429133906362784,7.965766232084176,7.429133906362784,10.039907000968967,-12.24908381553639,27.10735162826196
PS,o6maLymEbmkcWo7KCppumA,8815,0.0740380026281759,3.273673446368231,7.40380026281759,3.4867771995519465,0.5697169516957752,14.237883573939406
IPN,imU9BwzAwocvFzUyYGZlxQ,24098,0.07394965851650227,4.067454039605511,7.394965851650228,2.620186195867358,2.259400907750207,12.530530795550249
PS,O+/uyn9sKhmWOI5A2y58ZQ,7186,0.07382630479993543,7.610731268805928,7.382630479993543,8.978065738862018,-10.21437836817601,24.9796393281631
PTY,UvcTsZb3B8vS6eX1PPuNDg,5095,0.07362482553609337,13.569251029268688,7.362482553609337,19.010072919763846,-29.897260369127803,44.62222547634648
IPN,rCuyYNq2pV1Qz9fsCRUfPw,8229,0.07353308359028604,2.980739176036748,7.353308359028604,3.2858705077950234,0.9130021637503587,13.79361455430685
PS,m2nBN5LE48kYqUI0a2i08Q,11512,0.07342425485764831,5.637838129957525,7.342425485764831,5.254570364098324,-2.9565324278678853,17.641383399397547
IPN,BMkcYRLW+rdBk7Ql9Rw+/g,24785,0.07334678235591745,3.35025965470253,7.334678235591745,2.128060672232692,3.163679318015669,11.50567715316782
ONG,qHrh3pdJrnp7JC/N3xL+OQ,18797,0.07331770516949054,10.23096388681661,7.331770516949055,7.462292721279084,-7.294323216757951,21.95786425065606
FTP,Z7OyvrYk0y0oRmZJa66EiA,5535,0.07330743748536493,4.5407357311007805,7.330743748536493,6.10333789637422,-4.631798528356978,19.293286025429964
PS,LNaEnXGcRsXtfv+mvgLU2Q,5327,0.07315186466039156,3.472997483908525,7.3151864660391555,4.758423813641333,-2.0113242086978564,16.641697140776166
PS,qSuFn5uYAyp3jezFzbxKBg,6464,0.07303682095941737,7.454796203672414,7.303682095941737,9.272249335112866,-10.869926600879479,25.47729079276295
ABS,e9PO+IxcpNTfFpPGMhS90A,6779,0.07303105336139293,9.79596167873052,7.303105336139293,11.897734149998984,-16.016453597858714,30.6226642701373
PS,hlUC2/5LekCifn5A32cmtg,9671,0.07298365954539668,3.4824760315518737,7.298365954539668,3.541216216899683,0.35758216941628973,14.239149739663047
PTY,Woo4q45TFC2Cn375kqAq7A,6183,0.07284020713120627,8.373611126201386,7.284020713120627,10.649106367609683,-13.588227767394352,28.15626919363561
PS,+xAw2JHaJ0s+/zpMFNmu9w,14035,0.07281593514833962,3.646022659413021,7.281593514833961,3.077606956123988,1.2494838808309456,13.313703148836977
PS,cVh3jHPNcYQt8fvXBf5g/Q,5019,0.07270472359656693,5.4679964636146625,7.270472359656694,7.718263961384709,-7.857325004657335,22.39826972397072
PS,JyXgtDLyNVIRrnaP/JV/Qg,19362,0.07247499470523863,4.541582091054347,7.247499470523863,3.263864050053317,0.8503259324193619,13.644673008628363
PS,f7FYrxtpmKOfUMHjsvHlrg,8059,0.07240972949952564,7.5286500036594575,7.240972949952564,8.386418483862862,-9.196407278418643,23.67835317832377
PS,Z2abgFQ1E4TnaKQwdoUovQ,12618,0.0723109848943168,8.238652983783796,7.231098489431679,7.334338483572117,-7.144204938369669,21.60640191723303
ONG,b1qGaA6Ytp84CyLJ2DS/bQ,22566,0.07230062271449109,10.566346310716037,7.230062271449109,7.033922009162234,-6.55642486650887,21.016549409407087
PS,YEFgjHztbJMTIG5+HqS3/g,14175,0.07222680875193821,5.794078004903983,7.222680875193821,4.866568088217529,-2.3157925777125365,16.76115432810018
PS,N45yKUum6XByM42YNP9M4g,14262,0.07217267164972258,8.566833707941429,7.217267164972258,7.173483781897735,-6.842761047547302,21.277295377491818
PS,TOJ1uEt1d99/pBa23NZRfQ,5338,0.07211783742507709,5.317922556974685,7.211783742507709,7.278681631875507,-7.054432255968285,21.477999740983705
PS,P/zDZJTVpUjPsgFXg0x3YQ,7152,0.07206375612012658,10.507547342259846,7.206375612012658,12.424748384296398,-17.146131221208282,31.558882445233596
PS,xtSxrEne+JFTHUTGcdXYMg,7956,0.07181288990720755,8.144944549416534,7.181288990720755,9.131471011668427,-10.716394192149362,25.078972173590873
IPN,5zFhmpTA7dAJQeQ1B8cdzA,15021,0.07121529882959389,1.503692273803673,7.121529882959389,1.2269010699596978,4.716803785838382,9.526255980080396
PTY,cyvc9Y3Yc/f7vjG5Ou90eg,12262,0.07113515770011461,9.328241851957408,7.113515770011461,8.424015195162362,-9.397554012506767,23.624585552529688
PS,FMcGO9ryXPgVrfxShHp/5Q,9389,0.07103152217303574,5.7723994814798205,7.103152217303574,5.957262119512615,-4.573081536941151,18.7793859715483
ONG,N75jFdkObBgLJ2u3i5B2TQ,7205,0.07096784701525627,7.1734955193714915,7.0967847015256265,8.451111639771037,-9.467394112425607,23.66096351547686
IPN,eUJdaG38rnNnl3uDqY61ZA,5922,0.07092057919832388,2.8010817053099193,7.0920579198323885,3.6399177948448935,-0.04218095806360278,14.22629679772838
PS,IyuQ4mkBbat1ZWrI5ru8tw,8898,0.07090638063565001,4.542731916871912,7.090638063565001,4.815827335919029,-2.3483835148362964,16.529659641966298
IPN,GgRFWiv5UhWG4LITcY+V7g,28263,0.07089281612337933,3.874393687693345,7.089281612337933,2.304595020693186,2.5722753717792886,11.606287852896578
PTY,zSEAp6CC2jahUz6oBplF1w,7258,0.07083535111042448,6.559791697234635,7.083535111042448,7.6998376258327115,-8.008146635589666,22.175216857674563
IPN,BKQrsc6wxbi/G/PXuKQGFg,5090,0.07068644415418854,3.423306929057501,7.068644415418854,4.798295033340545,-2.336013849928614,16.473302680766324
IPN,k6uqk7zqXb386DfJjp7++Q,8530,0.07061254359074243,4.375754413505404,7.061254359074242,4.737818549091687,-2.224869997145463,16.34737871529395
ABS,yUeimp2fnuxrgQmbF+/RPQ,11801,0.07057774055497584,11.571662709283245,7.0577740554975845,10.652127625268983,-13.820396090029622,27.935944201024792
PS,1csmyVBflKrufqOzo3SMLw,20234,0.07054533801580343,4.323240006988911,7.054533801580343,3.0392643328771323,1.0975757091411635,13.011491894019521
FTP,vHgOi6G0c76X6CoKuG3v+w,7628,0.07053553080064155,4.851874053708044,7.053553080064155,5.55525727288257,-3.8347511747856817,17.94185733491399
ABS,jQhUIIL4AzG7Op//3dPuRA,7175,0.07046654895207607,9.52282469542566,7.046654895207608,11.24229136934206,-14.98823618870283,29.081545979118047
PS,6TJ/THsueFmxMTye1c1ySg,7011,0.07039865722124986,3.252509719805268,7.039865722124985,3.8844418059134798,-0.5736402174654351,14.653371661715406
IPN,LhM3PoYkBLLkX/9SwLycGw,5991,0.0702341570915473,3.1808845603386535,7.0234157091547305,4.109587656898517,-1.031376098366363,15.078207516675825
PTY,TB3x8gMzaKpObb26aejBHg,5853,0.0702231345921322,11.569082603548793,7.02231345921322,15.122014839293776,-22.61683562580258,36.66146254422902
PS,PU4d8bTFMelAhhWpYV913A,9352,0.0701698162808052,5.0429439981871464,7.0169816280805195,5.214730830192884,-3.2038907990975316,17.23785405525857
PS,vxyFcINpmBOPXxDk3XEW6A,5665,0.07015651650874755,5.686509467259901,7.015651650874755,7.555197286587055,-7.792535030835873,21.82383833258538
PS,PQcwSc9YskG2dH14vmk+Yw,12728,0.07011627758362013,2.9523242987696636,7.011627758362013,2.6168810219574805,1.882540955325351,12.140714561398674
ONG,GagCjEkK+OIlG7d8vUhRjQ,7560,0.0700319088911687,9.25187921005786,7.00319088911687,10.64067200342746,-13.852526237600951,27.85890801583469
PS,aw8E6SEHLCbqhg1oikD8fQ,10863,0.07002439451038091,3.6805091939477483,7.002439451038091,3.531287012595585,0.08111690635074531,13.923761995725437
PTY,nlnB7LvmM8C67vdL6APflQ,9756,0.0697317543124926,6.71151482886017,6.97317543124926,6.794924855397454,-6.3448772853297495,20.29122814782827
PTY,Gc1HGLnh+vl31aCASX6DUQ,5067,0.0696260087193529,4.662155835844187,6.96260087193529,6.54954806873493,-5.874513342785173,19.799715086655752
PS,L3sOWBdkCqH+byCmdaj63A,12918,0.06955178575666673,3.493833546666807,6.9551785756666735,3.0740050056723836,0.9301287645488019,12.980228386784546
PTY,KjKoouRhFj1LvAMeOcAilQ,21900,0.06952884629011562,10.923805745632732,6.952884629011562,7.381623856699105,-7.515098130118684,21.420867388141808
ABS,PhjRfhwCqcfj3zNn89Ii7w,12310,0.06948411878959482,7.144795065418833,6.948411878959481,6.439627553475776,-5.673258125853039,19.570081883772
PTY,mdju+NZYBH1itd6rlAjdSQ,8343,0.06944240832123756,11.812300290546359,6.944240832123756,12.932228131937682,-18.4029263064741,32.291407970721615
PS,zlf3yDbJ/NKqgIckyADYDQ,6941,0.0693113344527342,4.919090072398631,6.93113344527342,5.904372552887781,-4.641436758386631,18.50370364893347
ABS,18s11q1bNKhkyxaWhsoZtg,5310,0.06924632460215671,7.703978903966948,6.924632460215671,10.572259739238008,-13.796996628690826,27.646261549122165
IPN,igCKOHo9e2BkIFN40JIWHQ,5315,0.06922953992325073,2.419163718462675,6.922953992325073,3.3182845585522296,0.41911625756270343,13.426791727087444
PS,7zB+vy5cDRtbU2XQ+VZiGA,6908,0.0692211949057795,6.9180572302427175,6.922119490577951,8.323538371763604,-9.39201571807871,23.236254699234614
PS,OUOTrSz7e7EAwD3dG68XqQ,5728,0.06920071227239268,8.4005897204179,6.9200712272392675,11.099624066529469,-14.83519194315849,28.675334397637023
ONG,gF6tiWUAP4CjfbLVVhr2Aw,22037,0.06911905562015651,7.453906459486751,6.911905562015651,5.021202109124223,-2.9296505718678265,16.753461695899126
ONG,dziV8lME2OeXfk3nhRRmRA,8343,0.06909684595566752,10.141247492886704,6.909684595566752,11.102742302057225,-14.851690316465408,28.671059507598912
PS,EhFSWOMgHHvVHNw/5zk1ww,12552,0.06907783669432645,5.364580348399235,6.907783669432645,4.788277251741018,-2.4772397439797516,16.29280708284504
PS,/iVClCRWSNBohhrRyyu5tg,9734,0.06889356927054881,6.555635277068448,6.889356927054881,6.64460414276409,-6.134067192762735,19.912781046872496
ONG,YFiSqOVuxkfhelwNOO7vMA,10119,0.06888649929787923,10.086967781658133,6.888649929787922,10.02748072197682,-12.765212285286646,26.542512144862492
ABS,LHL0KpCbye/c3Hx/Cy7yaQ,11368,0.06888395660169512,13.107303746865465,6.888395660169512,12.293380710069858,-17.20663053156741,30.98342185190643
PS,jU/B1zHLBGuyigV6ITEVgQ,6600,0.06884545532478528,7.328319663845907,6.884545532478528,9.020537937959551,-10.795708825922192,24.56479989087925
PS,ljemhp25Zg+nlA9DLCIiUw,14917,0.06882416066228085,5.179261623825594,6.882416066228085,4.24059800349579,-1.4291560206236618,15.193988153079832
PS,q3jQxStSxOJAqSVluUVfhQ,5144,0.06875388655510281,4.753471686827785,6.875388655510281,6.6276632132671125,-6.114831242493259,19.86560855351382
PS,rsEhPxF90uwMcE3D/q4L+Q,5033,0.0686538850619557,7.364389587802635,6.86538850619557,10.380619924635592,-13.48062654609019,27.21140355848133
IPN,pa0lz21NE7YXU83PeWo0GQ,7568,0.06864587749978705,4.442800856278346,6.864587749978705,5.107005025298011,-3.145142099605396,16.874317599562808
FTP,vb4AgDDj6/G3acfT/x2v1g,6026,0.06839445552584977,8.085259447952703,6.839445552584977,10.41548257959891,-13.574900303428887,27.25379140859884
ABS,ZCFXFTyB7iaD+iR1+46yPw,5230,0.06838967471773492,5.504871276434899,6.8389674717734925,7.611956953490573,-8.08046815706803,21.758403100615016
IPN,BB1mewFmi9dZSYF+0nMclA,10107,0.06823449057217366,3.9090267173079005,6.823449057217366,3.8882797709464607,-0.7975792938376971,14.44447740827243
PS,U2O6lNObTF2jz/+JzDsx2Q,8745,0.06816885742061202,5.493400804439401,6.816885742061202,5.874371116855195,-4.696881646974981,18.330653131097385
PS,IweulAYOZGdfw2Gs+vMxVA,8775,0.06804881408407308,6.44981504996604,6.804881408407308,6.885313175568853,-6.690332415707644,20.30009523252226
PS,tYsOBqdU1+x+yFI7zHO7hQ,21620,0.06803360962658728,5.762350934160908,6.8033609626587275,3.9189692787022667,-0.8778188235977149,14.484540748915169
ABS,YN5NYx4GrQv8JpsIhC4+6g,8901,0.06803297314806683,12.570357497993742,6.8032973148066835,13.323803791517417,-19.31135811656745,32.917952746180816
PS,+ODtz+rkqJvKcyEd9noghQ,5024,0.06799097497692438,4.991518968396329,6.799097497692438,7.042192792232433,-7.003600375083131,20.601795370468007
IPN,oKvokvtY30CyyS3MUxG/oQ,15393,0.06793889020189846,3.657945014430921,6.793889020189845,2.9483262440790687,1.0151695817948712,12.57260845858482
PS,Z5x6b1Kitn/dHkXVYG0nvw,27985,0.06783157354465351,3.672946155279463,6.7831573544653505,2.1955933468133595,2.479794394711166,11.086520314219534
IPN,0hpwED5MiZPTil0AMrh8JA,5100,0.06778366135615929,3.2834295820795916,6.778366135615929,4.597721051094464,-2.233167124529219,15.789899395761077
PS,UC47+jmeBGq6Renlm/GyaA,8730,0.06772050538355269,8.784067349015702,6.772050538355269,9.401313499906934,-11.65452392146232,25.19862499817286
PTY,NqOag1gCVSiByQUgQ23m5g,6559,0.06771906414402205,4.937287496436036,6.771906414402205,6.096345912468354,-5.176931574035767,18.72074440284018
PS,rW/MyplHylMSBRaoRUzWrg,59656,0.06771378818732912,5.1547102981730335,6.771378818732912,2.1104603499975103,2.634876532737792,10.907881104728032
IPN,sRl84M+sTvF5wQrLUVnLUQ,8579,0.06719562370664021,3.5968959065776693,6.719562370664021,3.8833768354436544,-0.8918562268055412,14.330980968133584
PS,+bMb1umDJpJNH3xkUHJgNA,19540,0.06717434499027664,5.577018023036748,6.7174344990276635,3.989695659843796,-1.1023689942661763,14.537237992321504
PTY,QV85duIXIbHH98vddSNj3g,10621,0.067164781946812,10.647625227907438,6.7164781946811996,10.33165872510432,-13.53357290652327,26.96652929588567
PS,kW9n+sZtLdGNet+JCOF4NQ,8393,0.06704813427868048,4.487695513015581,6.704813427868047,4.898518709217026,-2.896283242197323,16.305910097933417
IPN,WLQs9mbVlrVQBcARzFnw0g,8009,0.06704488769871329,3.8823498007347617,6.704488769871329,4.338159504641096,-1.7983038592252196,15.207281398967877
ABS,GowQkoCux2V0h0osstPr7g,5006,0.06703439186417576,8.338943791786885,6.703439186417576,11.785977939652241,-16.397077575300816,29.803955948135968
ABS,qhL/8QUdfC6NwhFyP8m2og,6417,0.06682826489824334,8.199716059005498,6.682826489824334,10.236059323272494,-13.379849783789753,26.745502763438424
PS,YqTYyVD6PMrQe0OAdvRTRQ,23490,0.06670088498369843,4.2465338890346755,6.670088498369843,2.7707228472172996,1.2394717178239363,12.10070527891575
ONG,6rXHvc2masn6g9BRpH3niQ,15849,0.06648802777970993,8.813913427199298,6.648802777970992,7.001125257806061,-7.073402727328887,20.37100828327087
PS,jsjO22blA7o21tdVC+Jxcw,7844,0.0664221061555567,6.3728644111085355,6.64221061555567,7.195581326067985,-7.461128783537579,20.74555001464892
FTP,5yHfGnlGaCz4ktkGJMf2hQ,8241,0.06624347806842983,11.683330642501225,6.624347806842983,12.86994557928267,-18.600745528551048,31.849441142237016
PS,YuNTiW4GFcTdWaKu5Ur65w,9787,0.06623582507219024,8.859026084398216,6.623582507219024,8.954909193029719,-10.928039511119227,24.175204525557273
IPN,FCaq0c1QKnxyn364tSI/Mw,7496,0.06620075144151995,3.3777721025239,6.620075144151995,3.9013557655961306,-1.0265821564164206,14.266732444720411
PS,DdJUzpyUuJr2IZ5l6r76qA,14334,0.06616576007145411,6.219861193741388,6.616576007145411,5.19513685651008,-3.565892231614346,16.79904424590517
IPN,HMJ/NAEnZyY8mM+bddMIqg,9345,0.06608079080596972,3.201569517876444,6.608079080596972,3.3118700178747353,0.11681384556249075,13.099344315631452
ABS,45Ja+raHYIIixGWkOWawPw,6570,0.06606025420429817,10.113110981709019,6.606025420429818,12.476767678458538,-17.84843922934892,31.06049007020855
PTY,hsSXIG5gGE04OleDMZki+g,16345,0.06599952059533845,9.465713679006383,6.5999520595338454,7.403906083956499,-7.911703865020892,21.111607984088582
PTY,W677/PoJFR97rGMtbx5c6w,5906,0.06593769186615056,6.1927441016965705,6.593769186615056,8.05816977254338,-9.200243567569968,22.38778194080008
PS,P26VdWggBWcpky7Ixui0hA,5907,0.06575440139395747,3.841779231791215,6.575440139395747,4.998606148331989,-3.2218279113349517,16.372708190126446
ONG,WLjMo7UzrmHHKcUhbiKYaA,5529,0.06542202061135508,10.830254156916348,6.542202061135508,14.56516314354528,-22.00551770021324,35.08992182248426
PTY,/4BSDcwrd17O35gGhkLokA,5728,0.065306910467152,4.188799239287123,6.5306910467152,5.534622972152336,-4.3171699787033795,17.37855207213378
PTY,fOi0OLCsQplkyBjqZSS1nA,5625,0.06515377637445927,9.28438616562807,6.515377637445926,12.37918155417076,-17.747818208728763,30.778573483620615
PS,I/bRJwSiqRxaD+JVLkAw9w,11917,0.06503311178692388,5.183373949504384,6.503311178692388,4.748200747494631,-2.8031622863970886,15.809784643781864
PTY,fJo8N0MLRfYi0QOiRN1nBw,6282,0.06498646936582479,8.777389725857919,6.498646936582479,11.07430335695045,-15.206987643040403,28.20428151620536
PS,sZ85nXhXTPa5Gpl4U74b3g,5410,0.0649810522959986,3.5010569177206907,6.49810522959986,4.7599297011537764,-2.831356984661541,15.82756744386126
PTY,mk8k/65OiO73rBChX1ueHg,8867,0.06497236925890551,7.984114757028511,6.497236925890551,8.47887858377185,-10.121365098302274,23.115838950083376
PTY,bwGzMKj7WFK4I5iQanw8SQ,6828,0.06489007987407176,8.887805863583994,6.489007987407176,10.755925947260407,-14.592606869223218,27.570622844037572
PS,9cj2gYcD83jO1rjy+HlygQ,37956,0.06487190063131212,4.586673777336292,6.487190063131212,2.3542773992987014,1.8728063605057574,11.101573765756667
PS,9BDwJ8G8n41ynMJ+3sGycg,5968,0.06462382648175148,3.5468295096581564,6.462382648175148,4.591196766891563,-2.5363630149323155,15.46112831128261
PTY,w5v7qz2tS6rQMpin7JNKyw,9543,0.06446840204661539,12.128883186582925,6.446840204661538,12.415904157540178,-17.888331944117212,30.782012353440287
IPN,Ci52ui7QSgjw9qHf+l4agg,9061,0.06445554195814951,5.348584642631468,6.445554195814951,5.618893593304903,-4.567477247062659,17.45858563869256
PS,ygTTt5ehT4aF86q1a8/R+w,15707,0.06442438247093901,7.900381629817424,6.442438247093901,6.303785815083077,-5.91298195046893,18.797858444656733
FTP,rVYvkTek+C5kjytptQN5YA,5743,0.06438730930708103,6.051389958232826,6.438730930708103,7.985198786708074,-9.212258691239722,22.08972055265593
PTY,H18LqhaOY5XDm00Uv8uLFw,30429,0.06434401023249421,9.822192915600542,6.434401023249421,5.630728920559856,-4.601827661047897,17.470629707546742
PS,+LLrwYIe86V10PRQOs5EuQ,5784,0.06425397502023979,7.48149468611597,6.425397502023979,9.837261804510428,-12.855635634816458,25.70643063886442
PS,9HJloui7Vaaybyxi5P6+Yw,7971,0.06414492046426626,8.658404704526685,6.414492046426626,9.697984303197398,-12.593557187840272,25.422541280693526
ABS,9kGpt+XUpavowCzDUv23cw,21741,0.0641317763309046,9.663580969005995,6.413177633090459,6.55387768436318,-6.432422628261374,19.258777894442293
PTY,WTgFXgOi2Wg8DcCt8/mLBQ,8434,0.06403228506191466,13.054832789033883,6.403228506191466,14.21525043649586,-21.458662349340415,34.26511936172335
PS,YiavxvMWkX5cgOWtAUTHGg,9396,0.06375922186743418,5.640044132886904,6.375922186743418,5.818499458832949,-5.02833675256916,17.780181126055997
PS,wapFycJEKBEUlMOBNAX7OQ,7300,0.06352123269632663,5.097663914354162,6.3521232696326635,5.966364325563286,-5.341950808471378,18.046197347736705
PTY,zaBesdZqcYF6lkVNVoKlzA,9221,0.06349777772040122,14.850428050004478,6.349777772040122,15.465001304177314,-23.96162478414741,36.66118032822766
ABS,UrTwrEAaR1YxYmHKX0Mpyw,5989,0.06349365247731058,8.778931694190105,6.349365247731058,11.343955479296998,-15.884787491691057,28.583517987153172
ONG,6yJIwbix7iuKJOhobmCVZQ,9092,0.06343452338034224,11.066887163934306,6.343452338034224,11.606352818956017,-16.40499918711957,29.091903863188016
ONG,tYMl3Qw6BjEY6ECFHVmGWg,12360,0.06321359345580913,8.93379880706094,6.3213593455809125,8.035759536654972,-9.428729346262832,22.07144803742466
PS,0gsGqB8CQsuHFaezLknguQ,8197,0.06308852709358068,3.547893175968202,6.308852709358067,3.9187094804034652,-1.3718178722327243,13.98952329094886
IPN,VbANeSsk1JlIkI0IXmnPuQ,18246,0.06307294738406376,3.9118991560177174,6.307294738406376,2.896035061325895,0.6310660182076218,11.98352345860513
PS,FWx6fmGwXnLkvnRRhFSG4A,5057,0.06305517330625758,5.891476959056009,6.305517330625758,8.284717551386075,-9.93252907009095,22.543563731342466
ABS,oIFTPiICrEO4RDtnVvlUbQ,10530,0.06284202447148696,10.14985231929129,6.2842024471486955,9.891121523796084,-13.102395739491628,25.67080063378902
ONG,sRshgHMfybtf+ZIUovle6w,5053,0.06264619900891621,7.482160716519863,6.2646199008916215,10.525733827436547,-14.36581840088401,26.89505820266725
PTY,v7JGtmYqH9IJkSEPfVdLKQ,9728,0.062486385915881806,8.938471086235452,6.248638591588181,9.062571764658411,-11.514002067142306,24.011279250318665
PS,tiYWZj/jwffwpFZCO2LP5w,5538,0.06239075734659776,6.151201723924951,6.239075734659776,8.265773374409605,-9.96184007918305,22.439991548502604
PTY,+wpzNbxFTWHuKP25f4fGTg,12033,0.06229028697547043,7.489384983188824,6.229028697547043,6.827460515570664,-7.152793912971458,19.610851308065545
PS,MdeOMOPfEkdwqZ28V5W2CA,23531,0.06218010136805148,4.244823633898649,6.218010136805148,2.7671930531877167,0.7943117525572232,11.641708521053072
PTY,VH15W0hvJ6DIJBoDE7vwog,6605,0.06216956436137734,12.209600127790026,6.2169564361377345,15.023289277398106,-23.228690547562554,35.66260341983802
IPN,ZtxWUuzsNXp1kJrN5BnyLQ,13264,0.0621505955771169,1.4506841243590576,6.21505955771169,1.2596085553882015,3.7462267891508154,8.683892326272565
ONG,ESJvv/fD5fUvgDSa5LZA/A,8943,0.06209139442693033,8.2195787693793,6.209139442693033,8.691764411528906,-10.826718803903624,23.24499768928969
PS,opJMdoq0E6TRbAQiweyQuA,21725,0.062038991676581334,4.80915800747542,6.203899167658133,3.2627902339669257,-0.1911696909170404,12.598968026233308
PS,1K6QGyJP9P9xmRac2fH4OQ,17078,0.062038292841784484,6.502773258983568,6.203829284178449,4.975996961933031,-3.549124761210292,15.95678332956719
PS,OFn0bkUWc4Uwkd8WCRgD+w,10771,0.06193807465752767,7.6682336915494895,6.193807465752767,7.388687976000765,-8.28802096720873,20.675635898714265
PS,0RSFUjQBEf1GimHdW3u/sA,8248,0.06188409188202249,4.038761182945337,6.188409188202249,4.447068789735842,-2.5278456396799998,14.9046640160845
PS,bfk3A3KTLZ7gXduwCuturQ,5040,0.06186573843929976,10.059437565748045,6.186573843929976,14.169627431446386,-21.58589592170494,33.959043609564894
PS,8Sa5U4Aj9qxOHYBlxvuuxg,6428,0.06182327599617622,15.265199625723886,6.182327599617622,19.03989521642704,-31.135867024579376,43.50052222381462
IPN,x4RwJn+1PZ0G7Ja+/Ty9HA,15472,0.061805868577192835,4.614624140870917,6.180586857719284,3.7099077046169935,-1.0908322433300235,13.452005958768591
FTP,age/3Vy2IZZf0APVrE7WPw,6920,0.061575463295758116,5.814104439052032,6.157546329575812,6.9892372284089515,-7.5413586381057325,19.856451297257358
PS,gjIGkv3KApoznABdBb4l9g,5425,0.061474960766355016,5.090436304080434,6.147496076635502,6.911226660033628,-7.398508177030408,19.69350033030141
IPN,ib9tJI9iTyUN6Q4uXVFdaQ,16081,0.06139315542360198,3.9243782457648497,6.1393155423601975,3.0946699200328047,0.07376249909590005,12.204868585624496
ONG,3myN4qGBW5CWoSD8pDX2cA,18872,0.061360876542769116,9.641448720193344,6.136087654276912,7.0183226795641005,-7.619824797668725,19.892000106222547
IPN,lPqorQMJMbf6iyDPFaBbAg,5922,0.06135624278763266,4.2943757395273465,6.135624278763266,5.580406541667199,-4.801972542904445,17.073221100430978
PS,urtZrSNZ3Z+Y/hOIe8+N8A,10983,0.06128607769670148,3.669669100735231,6.128607769670149,3.5015990297540194,-0.7345263286477293,12.991741867988026
PS,rD6g2Yo12H+mY84cQRzDaA,14366,0.06113218747664901,4.8118686996759745,6.113218747664901,4.014632881142134,-1.7554616993736811,13.981899194703484
PS,FBDL3Dr3XB9371udDKrwpg,7121,0.06105778594783159,4.934036218365695,6.105778594783159,5.846983122380331,-5.35430832508229,17.565865514648607
PS,v1MEIHEEc4Jwg8nS2Y3cOg,15959,0.060937714926444224,4.950909439042955,6.093771492644422,3.919062098361431,-1.5875902201439818,13.775133205432827
IPN,yVfCSfLMUtvcvOfObJkpgA,6696,0.060868428029751974,1.7973943732934379,6.086842802975197,2.1965224949924664,1.7816587127899632,10.39202689316043
IPN,wIzBvgDhioFqn3T1AsEaGw,5469,0.06083872756828968,4.52205576178495,6.083872756828968,6.114795702345833,-5.901126819768865,18.0688723334268
PS,uHzusW6PfIoe9f/rEEPp5Q,18216,0.0608272941134376,4.033823291843412,6.0827294113437596,2.9887553086202785,0.2247690064480139,11.940689816239505
IPN,Y+Iym7l1s36OTJH9mWSRQw,10995,0.060782158651260854,4.285407459091347,6.078215865126086,4.0869046394553425,-1.932117228206386,14.088548958458556
PTY,BIpVAdJrXGFawvLJMKhCug,16971,0.060731937502462606,9.838700440275744,6.0731937502462605,7.55238326167086,-8.729477442628625,20.875864943121147
FTP,6AVJ9EHHlDkicZDH7Dn2QQ,8311,0.060713916633292925,7.613133184003605,6.071391663329292,8.350967360164429,-10.296504362592989,22.43928768925157
PS,Th3FldXKQW6hWVVPahaoOQ,28495,0.06071258059539885,6.752155709953905,6.071258059539885,3.9999827483161545,-1.768708127159777,13.911224246239549
PTY,ac7PaAW+crFdl7sgGegcxA,9925,0.06058780621371281,12.077158895188912,6.058780621371281,12.122704596339734,-17.701720387454596,29.819281630197157
PS,x2eehkf3C77EaHezLKV/zw,6496,0.06054571830653792,3.9517578660030703,6.054571830653792,4.90306124710397,-3.5554282136699893,15.664571874977574
PTY,DJ60fj27EcumCFDx8u6GXg,9702,0.06050154568569497,8.115533968245261,6.050154568569497,8.239226931610379,-10.098730217386844,22.199039354525837
PS,5dVCpVEyAXRl4U+JmN88JQ,7165,0.06048801904810698,6.819554043119196,6.0488019048106985,8.056527206611854,-9.741991420148535,21.839595229769934
ONG,gmHVIfKtU4OeuXDx1EFU7Q,18571,0.06036593927504089,11.389482664400328,6.036593927504089,8.357691818100568,-10.344482035973023,22.4176698909812
PS,sX6vE23rCrEpKOTHdsPkHg,5398,0.06004538738764698,4.983614376412896,6.0045387387646985,6.7830964103003035,-7.290330225423896,19.299407702953292
PS,TqFbGwrK0IW0WZG4atshtA,5522,0.059904928124863595,5.888169830169952,5.99049281248636,7.923774845564067,-9.540105884819212,21.52109150979193
PTY,a4yL3LsILhBjGDlYxa8Swg,6591,0.059878014942014765,8.154941749996933,5.987801494201476,10.04489051396181,-13.70018391316367,25.675786901566624
PS,Ad6lcRKiPZDM8ef+q/fh0g,7622,0.05987033016375593,3.642780943936721,5.987033016375594,4.172521506192455,-2.191109135761617,14.165175168512803
FTP,OWPsZqU2gPoL2EXpql8A/A,6710,0.059830976731731,5.100988951639679,5.9830976731731,6.227204424138894,-6.222222998139133,18.188418344485335
IPN,qkckw7KxIcAOD3j79NCaJQ,15236,0.05958427397652103,3.5787137663265387,5.958427397652103,2.899288827132281,0.2758212964728317,11.641033498831373
PS,OnO+tCjEm7Afqj6L5Ojfvg,22979,0.059571130805958064,3.9256098399389305,5.957113080595806,2.5896529774878903,0.8813932447195416,11.03283291647207
PS,4hqaUo8CjHwDeJ8GZSwFNw,6509,0.05956713731986877,7.809393480200173,5.956713731986877,9.679661490162305,-13.01542278873124,24.928850252704994
ONG,8mwwtrU8BcOTaJXkwzdspQ,11801,0.05940033094517892,11.325381591679523,5.940033094517892,10.425417085710642,-14.493784393474966,26.373850582510748
PS,YIRWgb5KKkoaoHCKyUq8GA,5222,0.05937427969892698,7.369100231728767,5.937427969892698,10.197554379844373,-14.049778614602271,25.92463455438767
PS,xjbg96zoQOfe5iZ0h1z+9g,9113,0.05926807993988423,6.4805994493077375,5.926807993988422,6.788666818417136,-7.378978970109165,19.23259495808601
PS,HxcbFacpVPurPR7ad2AEZg,5602,0.05921575420471929,6.580023425167429,5.921575420471929,8.791356417184247,-11.309483157209193,23.15263399815305
IPN,eh2XERn/IykjQWvvvdI6Fg,5640,0.059201388304115185,4.367369674556161,5.920138830411519,5.815410847318338,-5.478066430332424,17.31834409115546
PS,ZZ68Uh0hVG87+DVO+CvqXg,7419,0.059075345216696315,5.526761495669642,5.907534521669631,6.41649762286192,-6.668800819139732,18.483869862478993
PTY,ZSuBB7VrHIHLFt8Qf3C9kQ,16499,0.059059339895299406,8.628319787778285,5.905933989529941,6.71734140355775,-7.2600551614432485,19.07192314050313
PS,W55zWy9qBgoslioAoNIlqA,8197,0.0590423308371974,5.039878145008937,5.90423308371974,5.566632727473574,-5.006367062128465,16.814833229567945
IPN,R96TrGX/nh8E6Nbq+gmLGQ,14817,0.05891695387524182,1.3309555356481468,5.891695387524182,1.0934109187843775,3.748609986706802,8.034780788341562
PS,DDxo5AH+2zLNLk030UOn0Q,12246,0.058894261664256306,8.308949687009049,5.889426166425631,7.508427672884315,-8.827092072427625,20.605944405278887
IPN,/YmO5WieVmYH/yoIPMxCcg,10880,0.05880539204706164,3.303427573478482,5.880539204706164,3.1670166150637744,-0.32681336081883394,12.087891770231161
PS,xPmLuwsMJD6NXwSRGQFyHw,6284,0.0586791844282093,4.942803360449765,5.86791844282093,6.235269727467571,-6.353210223015509,18.08904710865737
ONG,6TMYBbR0OC3856wjNsINig,6755,0.05856220846613807,10.942503480446558,5.856220846613807,13.313860946143388,-20.23894660782723,31.95138830105485
ONG,8wKYmKNwhiJ2TLqkGcq0/A,6493,0.058418682171239814,7.203543798627626,5.841868217123982,8.939711419101272,-11.67996616431451,23.363702598562472
IPN,8EvpR6MIONbM46XSOu/TXA,13777,0.05837791225790259,1.1456240021675232,5.8377912257902596,0.9760336141674906,3.924765342021978,7.750817109558541
IPN,WrnVv8cNnI/t0rCgSXOt4Q,9001,0.05835684874682622,1.587699813469452,5.835684874682622,1.6734895813349784,2.555645295266064,9.11572445409918
PS,t/5ymUVBy9ukpIj9meWmdg,8169,0.058253151022945746,6.735152719879794,5.825315102294574,7.451831048237921,-8.78027375225175,20.4309039568409
IPN,HNqVJje5LVZQTCQqxloR3g,16933,0.058248489252091695,3.595184765518016,5.824848925209169,2.762830620039519,0.40970090993171215,11.239996940486627
PS,5ouu5AWu2GYFHUuN6MKnFA,7536,0.05822850214371818,11.45724429244573,5.822850214371818,13.198048755245361,-20.045325345909088,31.691025774652726
PTY,jxDYJkCo76GtqGy0xMolrQ,19653,0.05821492464989553,12.719695398476995,5.821492464989553,9.073237607427178,-11.962053245567713,23.60503817554682
PTY,dq6OE/33QiDWa6FVt/SyHQ,9622,0.058197565049217984,4.581360070217539,5.8197565049217985,4.670482509631583,-3.334389213956104,14.973902223799701
PS,CC7eqBfKnle3hEnBY3Gxgg,5527,0.058189797483590856,7.600311524440442,5.8189797483590855,10.223195392090663,-14.218483220138614,25.856442716856783
IPN,QZfZlLJcV5GLhBoZzL9uJA,6260,0.05804712393413337,4.091394791097798,5.804712393413337,5.1711152999216115,-4.330673594433022,15.940098381259695
PS,DPXRnqdgHeNYYgmUvQshyg,16415,0.0580340106061799,4.085345227415949,5.80340106061799,3.188660768170337,-0.44637404499587063,12.05317616623185
IPN,NQtsXY47FQFQOtzLAX6aqw,9274,0.05778698568228943,3.778795364315032,5.778698568228943,3.923917141534762,-1.9121790291791898,13.469576165637076
ABS,KudvYuFL+Bw8nkX+zV2kMA,10711,0.05777408715242565,7.668419511189005,5.777408715242565,7.40953329451968,-8.745276542016008,20.300093972501138
IPN,BQFn9Bc4zgk5/5yiIqYkog,9150,0.05769323402415208,3.317916610947824,5.769323402415208,3.4686055901634463,-1.029143554305147,12.567790359135563
PS,Xk0vQjt0dKqYKcohcMt+EA,5188,0.05740747922915124,5.049490077057007,5.740747922915124,7.010476524956929,-7.999786066000458,19.481281911830706
IPN,6iZ4WpNQLJVpHlmitA9avg,6081,0.05733103549043279,4.619661998922205,5.733103549043279,5.924104346452422,-5.878140970003469,17.344348068090028
FTP,bfk5Cnrr0OnsZcBxjoD5vw,8484,0.0572940299523672,5.239805112202719,5.72940299523672,5.6887232237463055,-5.420494523306038,16.879300513779476
IPN,TFCMPVNGBDtwNqrubwJwqQ,9861,0.05722482522860609,5.314718773189434,5.722482522860609,5.352045655314853,-4.767526961556504,16.212492007277724
PS,XGMcz0rzod8mj+/PpWmQeQ,9014,0.057169864678663244,4.660004977167657,5.716986467866325,4.908260492695228,-3.903204097816322,15.337177033548972
IPN,YXH+SA+xS0uDRnTTS21OZw,7076,0.05696368022043197,3.5739030045960347,5.696368022043197,4.248629394638409,-2.6309455914480857,14.02368163553448
PTY,Xecz0LGoNDfpKGbvkqYPeQ,5611,0.05695098724214231,9.701168682380121,5.695098724214231,12.951018440199062,-19.688897418575934,31.079094867004393
PS,QWa8rXqSDrOXeZ1kD4Vckw,14753,0.05688843050571272,5.704651895113387,5.688843050571272,4.696658434500336,-3.5166074810493875,14.894293582191931
ONG,9thoYTtcMWhcxKbdYEtdAA,8592,0.05687374227291781,10.01491310933341,5.687374227291781,10.804385004276968,-15.489220381091076,26.863968835674637
PTY,GvoehymqJq3xIY6VY6dH9A,5074,0.05686623211928038,8.93798802007603,5.686623211928038,12.54771184795379,-18.90689201006139,30.280138433917465
IPN,Y/n/g5WeZPjacq9FC0X8gg,5138,0.0567861993798211,2.178242754601948,5.67861993798211,3.038849752803937,-0.2775255775136065,11.634765453477826
IPN,HcwQD0ZlpS8tcB1H3a5LmQ,24277,0.05654168436848096,1.4672051613859372,5.654168436848097,0.9416582961268661,3.8085181764394394,7.499818697256754
IPN,qJPxEil/UYSpiU/cGlFGqQ,32774,0.056424315448443695,5.257268951889774,5.64243154484437,2.903992367479681,-0.04939349541580462,11.334256585104544
IPN,v6ingAaTOOzm/pXuEp1TWg,17151,0.05633110335169155,3.406455980548499,5.633110335169155,2.601106041056903,0.5349424946976251,10.731278175640686
PS,vfYoc1vvfUWG9auXVAntBw,5068,0.05632497976227548,8.583071875220321,5.632497976227548,12.056588718277697,-17.998415911596737,29.263411864051832
ONG,X1ahoF++4r2ZITRNP+YI/Q,6180,0.05628559750152155,9.09586583597184,5.628559750152156,11.570438234925225,-17.049499190301283,28.306618690605596
PS,9VuapMDTTWOhZJ4WRyV1Zw,18164,0.05619054307155779,5.696456957385085,5.619054307155779,4.226677126369777,-2.6652328605289837,13.903341474840541
ABS,PRAAWc6k6cCZQQYiDIFxAA,6121,0.05618505730307233,4.46435736051098,5.618505730307232,5.706210147427773,-5.565666158651203,16.802677619265665
PS,ENugm6cfKqsaDv6+kbem0w,5412,0.056178861524130534,7.775444637081568,5.617886152413053,10.569302782879637,-15.097947302031034,26.33371960685714
PS,OiV1PWZ3IkN29JlmCcnTwQ,13581,0.05616743834074138,3.6063901032970906,5.616743834074138,3.094616437062994,-0.4487043825693302,11.682192050717607
PS,+7pwmX6a5uwUVEv3A63uuA,6776,0.05616366486268507,4.005812006078963,5.616366486268507,4.86635587096529,-3.9216910208234594,15.154423993360474
PS,WOcciQg0so0Aza5CYOTLLQ,10599,0.0560650328176518,4.620060851090909,5.60650328176518,4.487611472674,-3.1892152046758593,14.40222176820622
FTP,2BWJS9CicmEgrQum6GwapQ,9265,0.05605701182220539,9.312492627485991,5.605701182220539,9.674827493758137,-13.356960705545408,24.568363069986486
PS,AdEUdPCON7AjYpJKlit09g,10971,0.05597028786218212,11.224842941499066,5.597028786218212,10.71660356975134,-15.407514210494414,26.60157178293084
PS,UGzdpWOcd49gXP7WIaSKgw,8025,0.05579376924632123,3.745598981581078,5.579376924632123,4.181178973507346,-2.6157338634422755,13.77448771270652
PS,8aXlsyLIiBuSAKWyG4ZM7Q,6054,0.055656589715343756,4.004330985780007,5.565658971534376,5.146461869879799,-4.521406293430029,15.65272423649878
PS,t/pqWby3f+T+GNBvVSJhlw,12944,0.05542876984943073,4.281873653345537,5.542876984943073,3.7635665171398154,-1.8337133886509651,12.91946735853711
IPN,NrV/MWfNHMmndkn85z9gKg,14445,0.05538917840579341,3.6991079466134815,5.538917840579341,3.0777846681696146,-0.49354010903310375,11.571375790191786
FTP,gymBSY0vL1cxogze+gEYXg,5330,0.05535303469167194,5.221040023691418,5.535303469167194,7.151438660414627,-8.481516305245474,19.55212324357986
FTP,IO7312rohRuzVb2taATS3w,5032,0.055211234386175256,5.691203730512792,5.521123438617526,8.022945024395518,-10.20384880919769,21.246095686432742
PS,80IuAS7RweimOYh643WA4A,63534,0.0552104396853333,3.776882207084679,5.52104396853333,1.4984088898188146,2.584162544488453,8.457925392578206
IPN,IGl4ftZKUqrTWYGjFRm//Q,6799,0.05518090931838673,4.139618079299981,5.518090931838673,5.020393451523508,-4.321880233147402,15.358062096824748
IPN,OMKq0tJ8IxQ70O64njgKlg,19713,0.05512476570922019,3.728640605348018,5.5124765709220185,2.6556703440629503,0.307362696558636,10.717590445285401
IPN,p3nTnttup7Qmb5D0Fdb+7Q,9871,0.05508492917060949,3.35016772629129,5.508492917060949,3.3719876442485672,-1.100602865666242,12.11758869978814
IPN,G1Q9UbvXUJQ7dYhGYEiFEQ,36142,0.05479210441004728,5.215974943615067,5.479210441004728,2.743654402626645,0.10164781185650362,10.856773070152952
IPN,oYVATqJ0I0yJ6QAfmC3krw,6107,0.0547520064362844,2.6626989769287785,5.47520064362844,3.407282254588334,-1.2030725753646943,12.153473862621574
PS,6lZq8YEWJc6oQZR5ZK8yAw,10580,0.054727314484247586,8.142499579768366,5.472731448424758,7.916166333532842,-10.042954565299612,20.98841746214913
PS,BxHhN4YmYd22ztOIuPPgAw,8374,0.054557557683660496,6.113405452486732,5.45575576836605,6.680619266484866,-7.638257993944288,18.549769530676386
PS,w7m9+rPQ1XVjuS4RiJXsYg,6379,0.05452284859973709,3.5189241366090545,5.452284859973709,4.405889522564578,-3.183258604252865,14.087828324200283
PTY,NllXKWeCfWPQgbfWcOjz8g,7675,0.054501367778265516,6.6552041230342525,5.450136777826551,7.596651235413596,-9.439299643584096,20.339573199237197
PS,o/RHFofvhB6qEnM6YDxyRg,6232,0.05438944114167697,7.928440350554711,5.438944114167697,10.043244620325506,-14.245815341670294,25.123703570005688
PS,qwr38jl5txoR36M7G5qi4A,13863,0.054263146783481264,4.578426064793037,5.426314678348127,3.888549159327569,-2.195241673933909,13.047871030630162
PTY,WID/A+g9yWa+WwtBKiKlBA,13599,0.05419523520920437,8.103775436104659,5.419523520920437,6.949185597484029,-8.20088025014826,19.039927291989134
PS,ke41/G3BbkAavar+BR4KTA,8333,0.05380265625991928,9.917620054882919,5.380265625991928,10.864425732337573,-15.914008809389713,26.67454006137357
IPN,LFs8F7O1MH+Sf2IScEws0Q,11184,0.053791428850870446,3.8004485388796807,5.379142885087044,3.593654136206351,-1.6644192218774032,12.422704992051493
IPN,SLj2V/0MVXGxSK14Kv5ovg,8580,0.053781701231892014,3.722217474257374,5.378170123189201,4.018445658183066,-2.497983366849608,13.25432361322801
PS,DHutq94vtfhG49ND8FXskQ,11629,0.053759138243443805,6.542394933590447,5.37591382434438,6.066882329329255,-6.515175541140959,17.26700318982972
PS,6dyvmSgvcf7mFRtId50wzw,7885,0.05370428846155682,4.64159213574883,5.370428846155682,5.227164008295513,-4.874812610103523,15.615670302414888
PS,ofYqy3/Q5XutugJ0y93cpQ,12769,0.05369932246379504,6.5722698752232676,5.369932246379504,5.816168031171034,-6.029757094715723,16.76962158747473
PS,1mOCfVOfdyvMNczhtB54jw,11569,0.05353358127508428,5.755933312927457,5.353358127508428,5.351405283713898,-5.135396228570813,15.84211248358767
PS,Yc0YYABra9WGP5UxLM0J8Q,12089,0.053485813823599695,8.307678444285486,5.34858138235997,7.5558702167327025,-9.460924242436128,20.158087007156066
PTY,iCVEjSqFiXIeUsz5Pk5jUA,7308,0.05344991658196938,5.7103481304553405,5.344991658196938,6.679797799835071,-7.7474120294798,18.437395345873675
ABS,+uyZEAh4dj7IQRHioQb8QA,6310,0.0534266468574383,7.813313908416747,5.34266468574383,9.836046955012069,-13.935987346079823,24.621316717567485
PS,WDcdmT4oTfVV/SMO7VlTVg,10013,0.05330803196316941,6.160069513835553,5.330803196316941,6.1560693683711465,-6.735092765690506,17.396699158324388
IPN,YE5oUn0m8HdXd0a7pfK5gQ,22883,0.05313529660587872,1.2820307659472208,5.313529660587872,0.8475044107702678,3.652421015478147,6.974638305697598
PTY,Xa00S/+hNrm1Itn2wq9DXw,44187,0.05302184727740557,10.005202637475112,5.302184727740557,4.759689589659744,-4.0268068679925415,14.631176323473657
PS,W8Ke6bpqBG9J0+l0yQSPBg,20797,0.052999228419439666,3.7345377999155116,5.299922841943967,2.589622821409681,0.224262111980992,10.37558357190694
ABS,sYeaxZunQUuMo8dq5MhHYQ,5108,0.052986990906934116,14.286562693977885,5.298699090693412,19.98951730024883,-33.8807548177943,44.47815299918112
FTP,emfLaccNg5Z3+YHyaPiZqg,6031,0.0529642759693675,6.108219564638931,5.29642759693675,7.8653848165099625,-10.119726643422776,20.712581837296277
IPN,hwgcGZaPJ9oESYtDoxlmfA,7725,0.052854368771549955,3.445369650941944,5.2854368771549955,3.9200046284286483,-2.397772194565155,12.968645948875146
PS,Td1dXB/61Ot/NJlGVzxpdQ,6749,0.052764111305982346,7.519891018576309,5.276411130598235,9.153597937972412,-12.664640827827693,23.21746308902416
IPN,g+TyD8vo3XKAD/8R5Cz5Aw,9557,0.05246415868693095,1.7691943063021618,5.246415868693095,1.809733976431754,1.6993372748868576,8.793494462499332
PS,o/lj4IyEMN0iGYDJ9AAixg,16190,0.05241105507016918,4.779600655429733,5.241105507016918,3.756368479533928,-2.12137671286958,12.603587726903417
PTY,MtRPp3pGR/XfCCpPPHpARA,9671,0.052310482232225015,8.390107244789222,5.231048223222501,8.531626224440979,-11.490939176681817,21.95303562312682
PS,/lqt8ofUAiSeuo78XUsY3Q,6450,0.05225659087213666,6.381691561251705,5.225659087213666,7.946135249284672,-10.348766001384291,20.800084175811623
ABS,D349ibaQPCHK2sz5DLUXfA,6606,0.05203375816480557,10.474249900925765,5.203375816480557,12.887053950857391,-20.05524992719993,30.462001560161042
PS,X5rNwWKytEGjk8Wtmg/buw,8725,0.05202807732246667,4.368244298250567,5.202807732246667,4.676535127781436,-3.963201118204948,14.368816582698281
PS,ybE4DiO/OlHs1hSZVcxNPg,12726,0.05199119797465015,3.6946627439912154,5.1991197974650145,3.275132252487605,-1.2201394174106914,11.618379012340721
FTP,K7nkgYY1HSi15AiF7/IrJg,9077,0.05198046335226326,9.991752253309912,5.1980463352263255,10.487464153185627,-15.3573834050175,25.753476075470154
PS,cFrLNC2C3pHYyeezSAjIkg,15899,0.051937070705947413,3.280784279427181,5.1937070705947415,2.6019129976488697,0.09395759520295677,10.293456545986526
ABS,MYqGtE3bIgFP/Tdzh/7/pA,5948,0.0518724816352149,5.334393705475783,5.18724816352149,6.916710295587016,-8.369504015829062,18.74400034287204
PS,9Ut0uZjHfl1QxS32Fnen4g,6125,0.05186694019363851,5.773357402644864,5.186694019363851,7.376925491837452,-9.272079944637554,19.645467983365258
PS,Y7+1s+dwj2Z/ANnaNtoxVQ,6802,0.05186342068730698,4.173029541125309,5.186342068730698,5.059797607080448,-4.73086124114698,15.103545378608377
ONG,5L49ivQ4Ligh0Pc60lGnDw,8766,0.05182079211584569,10.325482297232785,5.182079211584569,11.028326452265794,-16.43344063485639,26.797599058025526
IPN,WkvFQQ4278V+Fv8lCYqOjw,9152,0.05173890950431774,3.8456718056954564,5.173890950431774,4.019890400777959,-2.705094235093024,13.052876135956573
PS,nrIBW3h/Zm5l1ho6ZKIEOA,5947,0.05141500029064576,6.269037255174745,5.141500029064576,8.12927623954688,-10.791881400447306,21.07488145857646
IPN,GvkIAI61i4oWrviFjY129Q,11360,0.051409243404025765,3.668605431329246,5.140924340402576,3.442007711634716,-1.6054107744014665,11.88725945520662
IPN,nJVtrlPyRto5t2BgWGB26Q,7434,0.05140570344096203,3.461712081009098,5.1405703440962025,4.014945600923565,-2.728723033713985,13.00986372190639
PS,bjr8gC5hIA2/ltA9vIAizQ,7034,0.05138825888663132,7.28209617342716,5.138825888663132,8.682708647395826,-11.879283060232687,22.15693483755895
IPN,4M3pysKbEviwchVOfNzmHg,14114,0.05138229602488307,1.8990578267528606,5.138229602488307,1.5985018114475646,2.0051660520510803,8.271293152925534
PTY,JUGi0y23sIVKETlsGC0L9w,17370,0.05131824908453154,3.7063849926162233,5.1318249084531535,2.812228592519909,-0.380143132885868,10.643792949792175
PS,gNXdNlD5rDSlJmz4lM7YIg,17021,0.051307500496587236,6.552580170392483,5.130750049658723,5.022498403359691,-4.713346820926271,14.974846920243717
PS,pk8aA8qMBEL6zXqSyfVXMA,15089,0.051293657809561105,6.829097338597905,5.12936578095611,5.559465937933315,-5.767187457393188,16.02591901930541
IPN,9WSr8jXb15v/tAwFBW4Hvw,18742,0.05124968883767605,4.347790528294183,5.124968883767605,3.1758548515241247,-1.0997066252196799,11.34964439275489
PS,aVj4RS0lK6u2Gb7MXnSMXA,15434,0.05120872197079198,6.3838656040863615,5.120872197079198,5.138596154211206,-4.950776265174767,15.192520659333162
PTY,uII/6UFSC/O1+g5/trUJmA,10796,0.05117749805048401,15.257290379047802,5.117749805048401,14.684054033508854,-23.662996100628952,33.898495710725754
PS,jkH6qYMpn8JA/IyBOhQPMw,6679,0.05094874835528376,12.869762253453546,5.094874835528376,15.747615502408767,-25.770451549192806,35.96020122024956
FTP,Q7MQhhfRk9y/dajQNqYt5w,8268,0.05075441414457,4.706805466812344,5.075441414457,5.176378387022109,-5.070260224106335,15.221143053020334
PS,u2r7Nb3HogWyVaBI8DYp3Q,9543,0.05073561818250805,5.370835171019405,5.073561818250805,5.497931978031498,-5.702384858690931,15.849508495192541
PS,MpL4DeEqGQu0H8TJEbEOrg,34478,0.05073265293941543,4.144207315619856,5.073265293941543,2.2318779438460177,0.698784524003349,9.447746063879737
PS,JFIAqU8lCZ0vWwEl4bdGsg,16696,0.050689388849642206,8.351671420289376,5.06893888496422,6.46349149270584,-7.599504440739226,17.73738221066767
PTY,9Vs576EWzODmt19AkBqP9Q,5269,0.05067678752344142,7.960495181476286,5.0676787523441424,10.966700536499303,-16.42705429919449,26.562411803882778
PS,YLjXLzEb2dimgu6cPlYSAg,7848,0.05064682316445156,5.916939881848763,5.064682316445156,6.679095597365084,-8.026345054390408,18.15570968728072
IPN,H2QrP7xOHOplDWDwG7whtg,9360,0.050623184276951685,1.5110897589369603,5.0623184276951685,1.5618968099184738,2.00100068025496,8.123636175135378
PS,Zzhjq4eEMIjtIA8fHTW6sw,5742,0.05055323322616629,3.802010778684616,5.055323322616629,5.017434938626237,-4.778849157090796,14.889495802324053
PS,udbPfDGH48GF3JrMjvNrFg,22858,0.05054541475065649,5.4023598497156575,5.054541475065649,3.5732581658444666,-1.9490445299895054,12.058127480120804
PTY,Iw2G0Wn+UY9OjI+dS5Kb9Q,17272,0.05053406658432705,10.536525274419535,5.053406658432705,8.017262410575617,-10.660427666295504,20.767240983160914
ABS,oxAqtCJZTKkguUf3/MB67w,7190,0.05052197299022046,7.248692315036551,5.052197299022046,8.548604411397978,-11.703067347317992,21.807461945362085
PTY,38nt2gd8K//Aoafq7gcM1w,9931,0.050407914008917844,7.7159721117326585,5.040791400891784,7.742730771481967,-10.134960911212872,20.21654371299644
ABS,wOjj4p2wrhSkuhOlkjqI0Q,7490,0.05032489741139005,10.21638286225073,5.032489741139004,11.804735239847515,-18.104791328962122,28.169770811240134
PS,UF9mG/2T28DiDhd1BPkmFg,8673,0.05031823003972798,3.358394921228701,5.031823003972798,3.606177432866323,-2.0362847644451945,12.099930772390792
IPN,X1NQ6bYGydIfiy2fSG/8Og,6538,0.05029947920361948,3.3965262090512915,5.0299479203619475,4.20061145179354,-3.2032505251533907,13.263146365877287
ONG,rZuBpAs2L/c4xyX4svQ13g,15809,0.050277268197449904,10.153140472722573,5.0277268197449905,8.075105315986786,-10.799479599589109,20.85493323907909
PTY,fbOVP3sGmR3OQ9UxAwrMYw,16568,0.05027702630316287,7.223536115835038,5.027702630316287,5.611963084129927,-5.97174501457837,16.027150275210943
PS,L1BUBLzLDqViMja9rkmp0w,17904,0.05022741663910555,4.906748605119852,5.022741663910555,3.6670663935768015,-2.1647084674999757,12.210191795321085
PS,hBMUlEpyU74r/fwDgIpXjQ,16806,0.04991868106282801,6.914899290618798,4.991868106282801,5.33400820952847,-5.462787984393,15.446524196958602
PS,24wSeFFD34ccxcu9nwIJmg,10365,0.049858252837844244,8.060146057902173,4.985825283784425,7.916956496568828,-10.531409449490479,20.503060017059326
PS,/gJNBeCkWL4o85/jvlZ4BA,10828,0.049501293492966204,9.193557691628282,4.9501293492966205,8.835059571992234,-12.366587411808158,22.2668461104014
PS,mWNx4+Bcn8ESx2Ntog0QHA,7914,0.04949741019277311,8.854572133695203,4.949741019277311,9.953356449615647,-14.558837621969356,24.45831966052398
IPN,S/o/0081nj0GsTQlCO2rVg,18142,0.04941928575930187,3.7198492183351104,4.941928575930187,2.761739777092992,-0.47108138717207737,10.354938539032451
PTY,VOgdR4OUGGoF+A7sv68r8w,21548,0.04930748775859329,7.474228092073284,4.930748775859329,5.0917006606224655,-5.048984518960704,14.910482070679361
PS,GyKs+fuOrP/Thcak29A54g,9236,0.049114334592640065,3.4887512401244067,4.911433459264006,3.630179013530723,-2.2037174072562102,12.026584325784222
PS,hxJ+eVtbbTA5YrKoa9LSgg,33107,0.04908154951072344,6.570738796918952,4.908154951072344,3.6112228425761885,-2.169841820376985,11.986151722521672
IPN,6Vj7xUwDTbM4WY2qsVcA9g,11940,0.049045225783209107,3.4699108723646184,4.90452257832091,3.1755295344634633,-1.3195153092274774,11.128560465869299
PTY,ZApJfWSSGEtH4m7vRsjZyg,10364,0.04896680809272038,8.0388565912704,4.896680809272038,7.896426167125439,-10.580314478293822,20.373676096837897
PTY,hjX4qYnb0uWO7FqyOWNITg,24828,0.04884980116831746,7.0973588162065555,4.884980116831747,4.504285330706307,-3.9434191313526146,13.713379365016108
PS,eTtGxKphh2SZcXhmHReafg,5283,0.048822639587249084,4.949837773325051,4.882263958724908,6.8100556394419485,-8.465445094581309,18.229973012031127
PS,la6Zchq5nkHdGY38rRWDMQ,18248,0.048723329134315665,3.5381092425974865,4.872332913431567,2.6191694827459604,-0.2612392727505153,10.00590509961365
IPN,dOLP2InDQah9Nv9m8EBA9Q,23244,0.04866729819555123,4.02560118318474,4.866729819555124,2.6404339836377377,-0.3085207883748424,10.04198042748509
PS,r/IO9Dcl7pCPFeyaVaQsUQ,5301,0.0486247892080585,5.226638272392591,4.8624789208058505,7.1786626061370535,-9.207699787222774,18.932657628834477
PTY,LjlZWcJ4b01Vfo4rESqd3g,9336,0.04849264106969409,8.349324971954838,4.849264106969409,8.641138050224045,-12.08736647146972,21.785894685408536
PS,Hc2itIxwbi1lwa+DAYYQGg,7364,0.04846092384490187,3.6986180852275052,4.846092384490187,4.310052884464656,-3.6016112690605384,13.293796038040913
PS,PW4X+lFVL8YMGlqRufdkQQ,7210,0.04840221859788556,5.770038180122231,4.840221859788556,6.795337860890017,-8.478640347555878,18.159084067132987
ABS,EL56pDqJIH50UlBT0W57lw,11837,0.0483625488543169,11.70799537422303,4.83625488543169,10.761225160430136,-16.255746429011378,25.928256199874756
FTP,2igHu/DXyy6WfrWqwtzWGw,6213,0.048244816496783596,5.288855374398463,4.82448164967836,6.709822234863794,-8.326769930654677,17.975733230011397
PTY,Dx5w2LBMN9A5S0IdiS5BRQ,26505,0.04819424514769608,9.738125086363448,4.819424514769608,5.98151842009583,-6.904351588618217,16.543200618157435
PTY,CxFFZBkAsIGsQkEeNEnIFQ,5140,0.048146885176142136,4.941428394555617,4.814688517614214,6.8924075098015125,-8.694430201596749,18.32380723682518
ABS,jAXtQDaQQkFbI4rNTdHWkQ,14548,0.04809895382027951,8.558412129833153,4.8098953820279515,7.095639617664821,-9.097558268595098,18.717349032651
PS,/BULuqgI4Wh4jop/Rfiw0w,6344,0.04808191471929282,4.3755649270260175,4.808191471929282,5.493543216561242,-5.959153232530751,15.575536176389315
PS,/axD/mAUa/cAU70gHnAIyg,13771,0.04804008603849398,6.579117355962931,4.8040086038493985,5.606410507598037,-6.184555991042753,15.79257319874155
IPN,7neWi9Kthz6+XEoAa8I8wg,9064,0.047967325110195594,2.445379441335355,4.7967325110195596,2.568539851421906,-0.23760559776737633,9.831070619806496
PS,j/PUKY/T0fLCMsVsPpVjLw,10740,0.04786056868759724,10.198601324784597,4.786056868759724,9.840982836390118,-14.502269490564908,24.074383228084358
PS,hjo+m0CoZH11HTpZxnH5WQ,8700,0.0477323285224794,8.400849075688184,4.77323285224794,9.006655597325805,-12.879812118510639,22.42627782300652
IPN,aGT0jJAGf+bcAC0LJxIPFA,6342,0.047575686020040614,1.1176291497201605,4.757568602004062,1.40341011244584,2.0068847816102156,7.5082524223979075
PS,jcPiJLr3DBe8gZD6tzEzVw,10081,0.04753628967876958,5.673013354119749,4.753628967876958,5.65017629191956,-6.320716564285378,15.827974500039295
PS,k08vJ+RDhbSYcmDdG/D2Zw,15562,0.04748398668395207,4.399731609870746,4.748398668395207,3.5269027053537547,-2.1643306340981523,11.661127970888565
PS,/a7TqGWuYkBeVtU7tNuTow,9893,0.04725563251981537,5.707483423249784,4.725563251981537,5.738265708859044,-6.521437537382187,15.972564041345262
PTY,VxOE2rSIhEHOu0HpagEaPQ,7373,0.04725046341519545,6.738393820435683,4.725046341519545,7.847553270665721,-10.65615806898527,20.10625075202436
PTY,o+4Q9ulWFLtMrtGy0YewEA,21187,0.047169457545572814,11.984279940548724,4.7169457545572815,8.233362022740028,-11.420443810013174,20.854335319127735
ONG,O/ciahh+ksll2karu+6lkg,25583,0.04714154271904082,13.417792699581472,4.714154271904082,8.388906278846362,-11.728102034634787,21.15641057844295
PS,2jM9VDDsetFb9DSQdp7NFQ,10919,0.04703567150104438,6.342710267774984,4.703567150104438,6.069926614404576,-7.19348901412853,16.600623314337405
PS,Iu2KkHr9r4inZcQ9J+1yPA,5982,0.04697237574547997,3.56160154867133,4.697237574547997,4.604920396859676,-4.328406403296968,13.722881552392963
PS,IcPtlS82064qSf51wYvlyw,8210,0.046792527854932646,3.4859717702105266,4.679252785493264,3.847266644862083,-2.861389838436419,12.219895409422946
PS,0QjyzDhnkVsVbnuQCzvAeA,9526,0.04677671441621022,4.371933844704753,4.6776714416210226,4.479383986330299,-4.101921171586362,13.457264054828407
PS,RaOT4PcAwP7fi6K4quH/3w,5785,0.04677355333956646,4.301530443853079,4.677355333956646,5.655504070468767,-6.407432644162139,15.76214331207543
PS,C/pfTj7nzDzGx/Iy2F4koQ,26906,0.046737174994573145,7.158679462853583,4.6737174994573145,4.364237211208307,-3.880187434510967,13.227622433425596
PS,N36mAg8KDDEtN5cQq1iRyg,19498,0.04673590473444759,5.264064425832673,4.673590473444759,3.7698681647705223,-2.715351129505465,12.062532076394984
PS,qxYTpFgF0FDX/7FS+Bf23w,5379,0.046672088124008956,6.602979994174406,4.6672088124008955,9.003040613745162,-12.978750790539623,22.313168415341416
PS,C5dCnZJgRmtB3ZiCZkWkLg,7939,0.046612920449552314,4.570795304872156,4.661292044955231,5.1298996737367135,-5.3933113155687264,14.715895405479188
PS,p2ZqL9I7odYm95kATFhy3g,5403,0.04660188670847761,4.870763608795671,4.660188670847761,6.626429302586778,-8.327612762222323,17.647990103917845
PTY,kHXLpr2fofjIr7QmqumG+w,13011,0.04646406787985266,7.976106605406198,4.646406787985266,6.992550499917262,-9.058992191852568,18.351805767823098
PS,abW2Wd34wUQ5LePiYP4zvw,7017,0.04642012332458178,9.285812312059075,4.642012332458178,11.085216079367875,-17.085011183102857,26.36903584801921
PS,4s8icfRunZLlhz2uGukocw,19210,0.04628812984593953,5.211007133436295,4.628812984593953,3.7597414921549213,-2.7402803400296927,11.997906309217598
IPN,fJYZL4LG+R0Gp+FNpV7atw,14779,0.0462707226585653,3.7450186993209127,4.62707226585653,3.0805727253275057,-1.4108502757853811,10.664994807498442
PTY,C/rOaz3j5PL+igqdZ3N+RA,6674,0.046230895641509076,4.299711025568192,4.6230895641509075,5.263155087347151,-5.692694407049508,14.938873535351323
PS,UPw5CVZlJQm5hVwIHNQtMA,15904,0.04609375034006391,7.937216483347287,4.609375034006391,6.29383049130013,-7.726532728941864,16.945282796954643
PS,75gjV33xxCgHD0DAcQfbjQ,5743,0.04590950930731421,7.002295592341359,4.590950930731421,9.239980013528028,-13.519409895783514,22.701311757246355
PS,v3RKa/ysLg2p1XjtAZUqUA,11477,0.045853991397640514,5.258606096477993,4.585399139764052,4.908586512871048,-5.035430425463202,14.206228704991306
FTP,0mjuOKgthUD36xnQQIBxMw,5374,0.04585364777185813,4.11018810311694,4.585364777185813,5.606771625381339,-6.403907608561612,15.574637162933238
PS,FWnHxoIiJd+PMpNjzvvyDA,5131,0.045835120554797784,4.346244343868621,4.583512055479779,6.067546749391504,-7.308879573327569,16.475903684287125
PTY,MMe8tso0uyRZajsN50UZ+A,9459,0.045778303987941575,8.833630428942937,4.577830398794157,9.082734367781129,-13.224328962056854,22.37998975964517
PS,6RiVTYll/5D8zICp0MRpKw,14023,0.04573011247721838,6.285985868542974,4.573011247721838,5.308269127430519,-5.831196242041979,14.977218737485654
PS,0CtmLFvcMG9GqMQpsOgqeg,16118,0.04572225028154594,8.656371346273916,4.572225028154594,6.818365894116998,-8.791772124314722,17.93622218062391
ABS,2+7yuekF6TM7cEeeMS2ctQ,7463,0.04568692149239268,6.0563031066056405,4.5686921492392685,7.010530479998576,-9.17194759155794,18.309331890036475
PS,c3xQEFfPwjesRrryZ8WQiA,5245,0.045569749318553336,5.480721487126618,4.556974931855334,7.567718811278627,-10.275753938250773,19.389703801961442
PTY,RlhrnF5roIM4IAQ4lkq0jA,5305,0.045569461211562155,8.509595190603143,4.556946121156216,11.683318243542734,-18.342357636187543,27.456249878499975
PS,E1vmUbImXoP6LHXFu3JvNQ,7256,0.04556780285433001,6.463871423826594,4.556780285433001,7.588292659042292,-10.316273326289892,19.42983389715589
PS,2KfxDEGCZLjPA/OtC2M/Fw,13467,0.04550483007225488,3.5748436951950855,4.550483007225488,3.0805029398980883,-1.487302754974765,10.58826876942574
PS,b0feqfOEIwd2EkH8J3e6bQ,7545,0.04547492722635675,4.9007340087812885,4.547492722635675,5.641979572700942,-6.51078723985817,15.60577268512952
PS,Frifc+v5XRxsloxH26RE1g,22914,0.04545150696320861,3.0694161792413417,4.545150696320861,2.027707575208076,0.5708438489130319,8.51945754372869
PS,St/CVyKxG4HYojviDGPCsQ,5653,0.045435165125443704,6.415838846835139,4.54351651254437,8.533239874161012,-12.181633640811212,21.26866666589995
PS,6VePU9HgAH+U9Xd/GEBb8g,5746,0.04542637953007632,6.474808849563083,4.542637953007632,8.54169659052511,-12.199087364421583,21.284363270436845
IPN,/Lm3hfnTDB867cqsLT4luQ,5473,0.04533619536966679,1.2861610931855836,4.533619536966679,1.7385318196800652,1.1260971703937512,7.941141903539607
PS,2FlcoxjW5Z0cjgQlYkegnw,9701,0.045333556539034696,3.4895024739278355,4.533355653903469,3.542870337651066,-2.41067020789262,11.477381515699559
PTY,Vn1UOYVC38vfsw95ZNVpyw,9194,0.045315466576865866,10.311456687051162,4.531546657686587,10.753944038693563,-16.546183658152795,25.60927697352597
PS,CcEk0KIN6MfKY3exZoNRwA,5559,0.0452797268106019,5.494083649337287,4.52797268106019,7.368802733506839,-9.914880676613214,18.97082603873359
IPN,mTNGwoezYfX6+5b+cmRWbw,10501,0.045250928875333114,1.2971488274244982,4.525092887533312,1.2658273592504845,2.044071263402362,7.006114511664261
PS,AMSXvHLPO0Bvtr6QArkkyw,9377,0.04524233909930656,7.5268480583553075,4.524233909930656,7.7728661863393755,-10.71058381529452,19.75905163515583
FTP,XCJ/kAfSOokKTm7uAvVBiQ,15094,0.04516496811256087,4.47298085529073,4.516496811256087,3.6407836026992473,-2.619439050034437,11.652432672546611
PS,7S7H/bhrtWjxtXqBEkYaVw,5090,0.04515422111951649,6.028646303231926,4.515422111951649,8.450081810960722,-12.046738237531367,21.077582461434666
PS,IpDViWUJYXS6u+b2OxDwhQ,7490,0.04506953736053449,3.8599727060265456,4.5069537360534495,4.460086944866383,-4.2348166758846615,13.24872414799156
PTY,KJeP4yeHp0qce4MQ0IjSjA,6421,0.04501869012667668,6.191390763910136,4.501869012667668,7.726572428587545,-10.64221294736392,19.645950972699257
PS,3koT8nqdEt19i61CCnVyQw,15425,0.04491002330825192,5.974711771653724,4.491002330825192,4.810656778589156,-4.937884955209554,13.919889616859937
PS,QsLvCwfSWqP+CfjwUnjpXQ,12492,0.04489573355344564,7.207142816256655,4.489573355344564,6.448328299595635,-8.14915011186288,17.128296822552006
PS,gWcLM1R7TkVf2YI0JP4FHA,8685,0.04477605060532166,4.616884245639709,4.477605060532166,4.954092083120015,-5.232415422383064,14.187625543447396
PTY,G+MJP2E9sSzkrLtt6c/xQw,8726,0.044755367438795365,9.841321251743407,4.475536743879537,10.535273255017728,-16.173598835955207,25.124672323714282
ABS,2/3oajyhiUkb3/4QMR1DOg,5276,0.04474436195385081,6.934882788243045,4.47443619538508,9.547435469590777,-14.238537325012842,23.187409715783005
PS,hncGWhiV69Cr2lExNzi7wA,8579,0.04470392605019506,4.174723169275842,4.470392605019506,4.5072261391575665,-4.363770627729324,13.304555837768337
PS,SuYoQr0LKM6cVHww7wpRYg,9127,0.044687373511402596,5.0765782539903554,4.46873735114026,5.3138227012506025,-5.94635514331092,14.883829845591439
PS,V566uaFmnSaexuONxxfnqw,9202,0.044627250125439395,4.174342836634014,4.46272501254394,4.351580281117412,-4.066372338446188,12.991822363534068
PTY,gULvdwdh20x3KOaCyBQkGw,48449,0.044523158134302944,11.53799103301433,4.452315813430294,5.2418886145330355,-5.821785871054455,14.726417497915044
ONG,p/qGS+dWybQFtEEKDjS02Q,6537,0.04451392305433905,9.612567385183324,4.451392305433905,11.889132162123586,-18.85130673232832,27.754091343196134
PS,cNZI6TQ4LQIaOqYF37oGhg,8398,0.04441970328738943,6.279289957202246,4.441970328738943,6.852082805907996,-8.988111970840729,17.872052628318613
IPN,1r5nAZ6ifqlIYHr4V4dtww,32991,0.04439050062706311,3.422652773614195,4.439050062706311,1.8843653186086307,0.745694038233395,8.132406087179227
PS,7lPPRfDcvfsWJLHMFKck4w,22271,0.04434580521100298,3.418179953774578,4.434580521100298,2.290472405257641,-0.054745393204678194,8.923906435405275
PS,EBV6OktyeSmh4w6sWmcWOw,13096,0.044177514979946916,7.720448004440524,4.417751497994692,6.7464168066560175,-8.805225443051102,17.640728439040487
PS,kh0Ldqi6Nb2UE6r/Pm7GsQ,18153,0.0440856898706785,8.592813865229195,4.4085689870678495,6.377657616734628,-8.09163994173202,16.90877791586772
PS,fr70pDMC1Qcta1Zt/AyDGw,6927,0.04407680210173001,9.20362186081307,4.407680210173001,11.058244120953251,-17.26647826689537,26.081838687241373
IPN,/bAasKANsJy+DgxngewosA,14304,0.044019154454237666,3.3556086703400116,4.401915445423767,2.805708559927951,-1.0972733320350176,9.901104222882552
IPN,f+buuNz5eX/vc+vJ1BK5aw,8644,0.043983687244593575,3.3029112538049272,4.398368724459358,3.5525444913362714,-2.5646184785597335,11.36135592747845
PS,bXpVeaSTPBFSPJmeXxO7nw,20613,0.04396812495247035,3.856878447794303,4.396812495247035,2.6863670402900177,-0.8684669037213997,9.66209189421547
PTY,erugnfQQrIm47Dt5a+2DfA,8541,0.04395345777287135,11.274812366267408,4.395345777287135,12.199863238197315,-19.516386169579604,28.30707772415387
PS,PiXDw6vO8BAa92Ip2QpT5A,5907,0.04394616609221993,3.805936795134244,4.394616609221993,4.951970927140167,-5.3112464079727335,14.10047962641672
PS,6BfY30VNVThgtNLhQ4swdg,6962,0.04393995969313609,8.145733935368536,4.393995969313609,9.762548649899108,-14.740599384488641,23.52859132311586
FTP,Jr2N+n3PL/m/GTqwA4UCMA,18542,0.043903974658889865,6.525484369944031,4.390397465888986,4.7921948202605025,-5.002304381821599,13.783099313599571
IPN,T/dXKxPAgW4Ej2mUWQLSvA,9539,0.043797830251143255,1.4276185547075684,4.3797830251143255,1.461708456229568,1.5148344509043725,7.244731599324279
IPN,ip1e6Zkwo84n88DJMzT1SQ,15441,0.043720808372574145,1.2153462018926229,4.372080837257415,0.9780527907440901,2.455097367398998,6.289064307115831
ONG,T7aRgco1ZPqAoypf23nUng,5895,0.043667797348047335,8.368959138311968,4.366779734804734,10.900076417994793,-16.99737004446506,25.73092951407453
PS,yAwi4dx26A2MhjB37wXxbA,7698,0.04354930181316615,8.781134501875,4.3549301813166155,10.008331365739634,-15.261399295533067,23.971259658166296
PTY,xddYPdsDFX4IDYQbDtbFtA,14026,0.04352017336195813,5.738728175297222,4.352017336195813,4.845613123297669,-5.145384385467618,13.849419057859244
FTP,DSkNI1XVBJud9wmdEcIkOg,6140,0.043509092952461505,13.46341500300058,4.350909295246151,17.18189447142166,-29.325603868740306,38.02742245923261
IPN,+TncPLpZ7fpKlcTWpg7skA,6428,0.04344819559395202,3.6730496885770467,4.344819559395202,4.581301451006777,-4.63453128457808,13.324170403368484
PTY,iS0Uy/6d5+pRJp76oOox2Q,18834,0.043384460164864025,11.437476092351273,4.338446016486403,8.334104011186328,-11.996397845438802,20.67328987841161
PS,bl4ckM2ef+VVktOX/V4k2A,16601,0.0433290166469893,4.800262206399547,4.33290166469893,3.7256138194315005,-2.9693014213868105,11.63510475078467
PTY,Ux8Q+SFgBbOlg98CI2U6iA,6606,0.043297308840279394,6.789636045671093,4.329730884027939,8.353667981467186,-12.043458359647747,20.702920127703624
PS,aNpwfA31EREwO+ar4XzBCw,34175,0.0432211645002577,6.085187544966652,4.322116450025771,3.291695896477126,-2.1296075070693963,10.773840407120938
IPN,xopIhwhaN76e6rLCe+U1Xg,6019,0.04310591552795851,4.093634566275563,4.310591552795851,5.27651162698137,-6.031371236087634,14.652554341679338
PS,FAVz43IUOi/BRGkmHQfpuw,5833,0.04302246177838226,9.188153090704454,4.302246177838226,12.030460028052936,-19.27745547714553,27.88194783282198
PS,BKGHiMNh/+qC14c4p2e8HA,5812,0.04298864310852163,4.22527160010836,4.298864310852163,5.542322941718556,-6.564088654916207,15.161817276620532
PS,krBbHAx4XRyowl/uARjksw,12598,0.04294358815948752,4.569234784609467,4.294358815948752,4.070920978869169,-3.6846463026348193,12.273363934532323
PS,9lsTsmSXFsywe455hfTysQ,80280,0.04290764168743369,7.298067131657745,4.290764168743369,2.575752749098248,-0.7577112194891971,9.339239556975935
IPN,SjCv30xgx3cj2oCjqIv77Q,5518,0.04282620511395467,1.4692322219624878,4.282620511395467,1.9778784393363624,0.4059787702961968,8.159262252494738
IPN,etvmF5bxRMesW2ay+41S6g,15612,0.04277453276245465,3.620755204130362,4.277453276245465,2.8978099030700246,-1.402254133771783,9.957160686262714
IPN,V3dWOSM90lgLPZ1DkSdV9g,14794,0.042759734351070604,4.8692740042396645,4.27597343510706,4.003330144148406,-3.5705536474238153,12.122500517637935
PTY,2kH/Pjz/HSN6qBUPjpMnOA,7943,0.04268383175996686,8.053300795808852,4.268383175996686,9.03611270854343,-13.442397732748436,21.979164084741807
PS,LtASJ9OlkqGrrUKGQlpGAw,34360,0.04266065287743115,5.060108713001069,4.266065287743115,2.729815339745923,-1.0843727781588939,9.616503353645124
PS,oEVPInYenBxjwqTJEFCrTA,8245,0.04258854088998694,9.37535367350345,4.258854088998694,10.32505395820633,-15.978251669085713,24.4959598470831
PTY,2QRi7LjiSf1JrHtJ/3W49g,6519,0.04251786883895287,11.182078700452978,4.251786883895288,13.849434926120813,-22.893105571301504,31.39667933909208
IPN,eBCssHwvUfgA+fptXUMh+w,6456,0.042414033206126654,3.677897360938193,4.241403320612665,4.577389239680513,-4.730279589161141,13.213086230386471
PS,iZCiSE8rpebwpnQjGiPtbg,6362,0.04238682700551201,7.533951232691238,4.238682700551201,9.445522182820048,-14.274540777776092,22.751906178878496
FTP,3JJFur5lKFioWrjt/C/jPQ,6975,0.04235052672338315,14.05936701813334,4.235052672338315,16.834245730647442,-28.76006895973067,37.2301743044073
PS,/AalXioQRXRgEOXlEIRKJQ,7731,0.042274123971096186,3.134927860144087,4.227412397109618,3.565411942306052,-2.760795009810243,11.21561980402948
PS,5qnAc9dftZIWcf9K/KtwgA,32361,0.042239051026056934,4.22403091173576,4.223905102605693,2.348097472191878,-0.3783659428903876,8.826176148101773
IPN,MwV2/rAtfC1quSNSAcwYkg,9935,0.04220055440711687,1.604411285329404,4.220055440711687,1.609651180376831,1.0651391271730986,7.374971754250275
PS,D3pInRt+vwO3iQKaPveVyA,6394,0.042190070687899525,7.564789829800657,4.219007068789953,9.460422900325932,-14.323421815848874,22.76143595342878
PS,AiXn/9o1EwOPZUHujnh/bA,19181,0.04213805263922707,4.694813753036415,4.213805263922707,3.3898676735714988,-2.430335376277431,10.857945904122843
PS,yOyObw6xCrrRZXZ2bZGj9w,5969,0.04188725051374457,5.601730368786632,4.1887250513744565,7.250557673144686,-10.022367987989128,18.39981809073804
PS,Jz1V/a4IxS9cVch3U2ZM1w,8182,0.04179295761712429,5.133264779668188,4.179295761712429,5.674974686311265,-6.943654623457651,15.30224614688251
PS,zOv6ZpxEv/RD8hAWpm1r0Q,14356,0.04165505706525947,3.7984778240147437,4.165505706525947,3.1702453225388187,-2.048175125650138,10.379186538702031
PTY,i52G9rDkwV0j98dvMT8Mhg,9153,0.041601442584276886,8.080148780423178,4.160144258427689,8.445738419320397,-12.39350304344029,20.713791560295668
PS,sRQ+KKQnz1sLfq+uGSn4+Q,5309,0.041550195592959555,2.375496353564912,4.155019559295956,3.260228243665077,-2.2350277982875957,10.545066916879506
IPN,HN5l82A1NwIqgbnzCHno2A,8495,0.0415214837755155,1.4061321894643546,4.1521483775515495,1.5256132738628378,1.1619463607803873,7.142350394322712
PTY,fHB7ddVtQjfvS0ICTcLbYQ,6226,0.0414890796676101,14.189052534220684,4.148907966761009,17.982449050387498,-31.096692171998484,39.3945081055205
PS,+VzHgW7eMbD+/0PoGc2/6Q,11356,0.041463981293648346,3.353461611597306,4.146398129364835,3.146883369106779,-2.0214932740844516,10.314289532814122
ONG,csHP1sgs2yoHqW9LLCWU/A,18372,0.04137829745655943,11.50744185270431,4.137829745655943,8.489860821576666,-12.502297464634324,20.77795695594621
PTY,+gSzchQT9Gw+6MEzCBTB5A,6603,0.041360295565403105,9.238095374298394,4.1360295565403105,11.368725826539524,-18.146673063477156,26.41873217655778
PTY,bRbvTgPlIR1/xtJ+miVqxw,30470,0.04135130086701582,9.652725195772284,4.135130086701582,5.529854638413914,-6.703385004589689,14.973645177992854
ABS,XJXW/ItFu4nT648j/kL3fg,8167,0.041195387609355,7.877982448367204,4.1195387609355,8.717334903947222,-12.966437650801057,21.205515172672058
ONG,KLrIH/0q86as/00WLTQkGw,8433,0.04115903472962324,7.817387116431573,4.115903472962324,8.51276350949909,-12.569113005655893,20.80091995158054
PS,5n7e7I+px7c6CQmLpPbtsg,22432,0.04114167194331222,3.650446052073988,4.1141671943312215,2.437316544460804,-0.6629732328119546,8.891307621474397
IPN,dfCJJ67xoKlt61yHXwEyQw,6716,0.041121204315444554,3.009854738583899,4.112120431544455,3.6727400637943393,-3.0864500934924495,11.310690956581361
PS,k/HjnnPQVeUcbHRa81pLeg,13401,0.04103782591326238,4.636765603056406,4.1037825913262385,4.005405948644542,-3.7468130680170644,11.954378250669542
ABS,s92zu0+86V4mM29lPDP54Q,6655,0.04097525610635372,6.973893274148704,4.097525610635372,8.548723429571611,-12.657972311324986,20.85302353259573
IPN,J1tk40merkTR+D3Kez44Ew,8285,0.04087004686020625,2.3503777174734632,4.087004686020625,2.5822090851750117,-0.9741251209223982,9.148134492963647
PS,ultJLGj5L7B3WZVWFBKZSg,10621,0.040759031081156714,8.201603042345543,4.075903108115671,7.958221839945858,-11.522211698178209,19.674017914409553
PS,TWylXWogmPEnQQ78/g8hVg,5504,0.040682231139684055,6.478584003717713,4.068223113968406,8.732545994403951,-13.04756703506334,21.184013263000153
PS,nWmN6IbYoGhHHQEkGzxI7A,9277,0.040670387824348585,6.070429826088925,4.067038782434858,6.302540784823833,-8.285941155819854,16.42001872068957
ONG,96xTEHXzPz6loTizAhN7tQ,35345,0.040642854812282164,10.79243472680234,4.064285481228216,5.7405755601065565,-7.187242616580635,15.315813579037068
PTY,5KUrYhIv7rr07wwpJJHw9w,7298,0.040639516635892096,6.589995221569548,4.06395166358921,7.714062800814865,-11.055611426007927,19.183514753186344
PS,TAfo4veNRaRlzDXMMYS3Jg,5415,0.04055424661187254,3.7249283759642515,4.055424661187254,5.061959847692978,-5.866016640290982,13.976865962665489
PS,tasqUa/mJMnFVGPhEQcUrA,5495,0.04048771842690464,9.035739362347208,4.048771842690464,12.189330335195239,-19.842315614292204,27.93985929967313
PS,GMX/WhZWl6LjRoZxb41oHw,8031,0.040479392522062105,6.01081329056259,4.04793925220621,6.707310709354125,-9.098389738127874,17.194268242540296
IPN,CCD+mPEXO4HixVDZYa6DOA,10683,0.04036553396130171,1.0799499053630337,4.036553396130171,1.0448573366578022,1.9886330162808785,6.084473775979463
IPN,X9z9o4U5i+9SSms+3md3JA,11019,0.04030538180830994,1.3562058191920028,4.030538180830994,1.291976195699219,1.4982648372605243,6.562811524401463
IPN,LwUtZgS46BxMClrAOxTSkg,5772,0.0402980756817472,4.44622703947329,4.0298075681747205,5.852325515609194,-7.4407504424193,15.50036557876874
ONG,H817ylVadnRtHHORNXEQZg,8999,0.04023294389895339,10.231523852348554,4.023294389895339,10.785572317694669,-17.11642735278621,25.163016132576892
PS,8l1R0xdp9uPSf2Ub4bNIUg,6904,0.04020543402786068,3.93123166603524,4.020543402786068,4.7312755923984895,-5.2527567583149715,13.293843563887107
PTY,vwTWCdmWjmu9eO1QViEx7Q,11546,0.04018880859812376,7.1304369385247215,4.018880859812376,6.635908159049406,-8.987499131924459,17.025260851549213
IPN,mmhz3mwqfYm6pSd5ZT/baw,12259,0.040136063319647405,3.7765535286487326,4.01360633196474,3.4108932077553815,-2.6717443552358073,10.698957019165288
PS,tLcDklc2rBORNfixyRfVfw,10097,0.04013469504967083,5.444888381658563,4.013469504967083,5.418671249216151,-6.607126143496573,14.63406515343074
PTY,znwIlbb/C7K6uyOoYRkVxg,13110,0.04012165869252996,8.717332728519702,4.012165869252996,7.613463620376431,-10.910222826684809,18.9345545651908
PS,ce6CDToh3iAQgbSE/Jzv3Q,46093,0.039780190017674764,5.307506376510328,3.9780190017674766,2.4721398587986307,-0.8673751214778394,8.823413125012792
PS,pCKBAxcmJW5lb9bHmLo/+Q,6669,0.0397462106365272,6.9869552777740545,3.9746210636527204,8.555740519492112,-12.79463035455182,20.74387248185726
IPN,V8iVdoZkZyOJvOktPW4aAw,8036,0.039671478712362936,1.2986910751992617,3.9671478712362935,1.4487247910359091,1.127647280805912,6.806648461666676
PS,GN4jWCmFMAYJy7tGKuy3EA,5382,0.039632571402235306,3.761990895127709,3.9632571402235306,5.127974931222892,-6.087573724973337,14.0140880054204
IPN,VVlcoxhE9HJgCQR2dkvRzg,5219,0.03952146060714824,1.4896267757401391,3.952146060714824,2.0619770234097827,-0.08932890516835013,7.993621026597999
PS,WFfroHaAUgFsfv0yDldWZA,6183,0.039481237950052005,3.760844700831639,3.9481237950052006,4.782839165518485,-5.426240969411031,13.322488559421432
PS,bjA0lnvHjo0ZDoajOa2mVw,22805,0.03948029115864698,4.804783514567839,3.948029115864698,3.181696765734064,-2.2880965449740667,10.184154776703462
ONG,loY4vvRFoNTMhaw07fTBuA,11359,0.03945093060218802,9.201598379816925,3.9450930602188015,8.633625850610477,-12.976813606977732,20.866999727415337
IPN,It5Yo3kr4u93qDK0KJiI2w,22096,0.03936413803409615,4.430436742477469,3.9364138034096148,2.980504003261345,-1.9053740429826207,9.77820164980185
PS,yNDZejRveiXnLoTIUkm9xw,16702,0.03933521014573674,5.545230898269313,3.9335210145736736,4.290771574109475,-4.476391270680897,12.343433299828245
PS,BwUO7yphT4+iKlHDTSjkpg,44599,0.03927166779388194,3.4550202580370706,3.927166779388194,1.6360178493335167,0.7205717946945014,7.133761764081887
IPN,1294udM1Z1Lsl6RhNLEF6A,6209,0.03925229562693968,4.289833108815065,3.925229562693968,5.44414353472431,-6.745291765365678,14.595750890753614
PS,1z1lwfWR8DUy7zH6PsWNpQ,6672,0.03922586946226701,5.752455360160778,3.9225869462267013,7.042473773929053,-9.880661650674242,17.725835543127644
PTY,IM522vNdpldF5dWnVM6wQA,9285,0.03921023112073276,7.442089525680502,3.9210231120732764,7.723318342036171,-11.216680838317618,19.058727062464172
IPN,Il7sfmBM+HfNVPQI10MPhA,36239,0.03906731623095877,4.114334477062361,3.906731623095877,2.1612822786702446,-0.32938164309780227,8.142844889289556
IPN,B8x+mqAQVkW2bGQk1WBdCA,12652,0.03899205608191537,3.4301732013398945,3.899205608191537,3.049554912662133,-2.0779220206262434,9.876333237009318
PS,NCC2osMlmYR9pQy+1Oky8Q,5137,0.03891668166092845,3.2000189273529283,3.8916681660928454,4.464756356116223,-4.859254291894953,12.642590624080643
PTY,8zYwUSnV1fsZjee8+AI67Q,10058,0.03891144667776717,8.18998662488788,3.891144667776717,8.16633848351413,-12.114878759910976,19.897168095464412
PS,4TlrLg11ywC3kx7VEui7OQ,5419,0.03884711202208594,6.314688698487679,3.884711202208594,8.578124992060944,-12.928413782230857,20.697836186648047
PS,H6B2ywuSkAHEzann5pYgGA,5867,0.038838416466863104,4.874417196881599,3.8838416466863106,6.363772611947986,-8.58915267273174,16.356835966104363
PS,qLBsutc6coR7lD7L+eGvmw,25090,0.03876009637311,4.030663429051751,3.8760096373110002,2.5446391479152632,-1.1114830926029153,8.863502367224916
IPN,Jwu5d7wvTvxOtFX0zKWesg,7835,0.03871410323619538,3.4205394237553106,3.8714103236195383,3.8643379491051015,-3.7026920566264607,11.445512703865537
IPN,Sq1RfLkydnIOhERE3jHFgA,22377,0.03868723001419158,4.202712821252002,3.8687230014191583,2.809498366859474,-1.6378937976254102,9.375339800463728
PTY,HJzm0zL7oVwMIZk683faXA,5353,0.03867681294243992,9.38565117567326,3.8676812942439924,12.828201931243058,-21.2755944909924,29.010957079480388
IPN,6Q554q/Grx5DGHJUkvJQLw,7701,0.038665107745131086,3.6342175852897123,3.8665107745131087,4.141306402723986,-4.250449774825904,11.983471323852122
ONG,rETUWj63+y8rgX49vwgKPA,12127,0.03862424803263545,8.196315385351872,3.862424803263545,7.442896374194986,-10.725652090158627,18.450501696685716
PS,FStoHe64SQWqAsjya9pDkQ,8834,0.038536339245090555,6.793707538051882,3.8536339245090554,7.228166527080024,-10.313572468567791,18.0208403175859
PTY,t/ZrV5ywCWbzVMiXOUqT7w,38096,0.03843122635966465,9.629065436660946,3.843122635966465,4.933378639043675,-5.826299496559139,13.512544768492068
PS,E0iYnEVO2ho7dH3QcCjw7g,13290,0.03840368774833762,6.307397190236752,3.840368774833762,5.471264238432173,-6.883309132493299,14.564046682160821
PS,2tpZ1Wjwqqm/KP1T6ZhdvA,16944,0.038346416165223794,7.833368185792711,3.8346416165223793,6.017839054243983,-7.960322929795828,15.629606162840586
IPN,uUNobN9WzsNUnb7HUsIkLg,15674,0.038273095559812224,2.279374730297719,3.8273095559812225,1.8206472440005415,0.25884095774016114,7.395778154222284
PS,wKsoDUpiJMe0gd2IOpxaqw,6591,0.0382479905512423,3.369863363622384,3.8247990551242297,4.150846146094256,-4.310859391220513,11.960457501468971
PS,qnvxHKzkGLLq3TS3QWWCrQ,21045,0.03821952927164622,6.108533594249454,3.821952927164622,4.210779516310982,-4.431174924804903,12.075080779134147
PS,ed2HUHPA470rXZOT+KSblQ,12673,0.03816943596303345,3.579478657539429,3.816943596303345,3.179655434115025,-2.415181054562104,10.049068247168794
PS,nrDbfkEuGZJfc5IsX++/IQ,9259,0.03815926897730499,5.363055441022632,3.815926897730499,5.5735287345444435,-7.1081894219766095,14.740043217437607
IPN,bcv0OCykbVxbw/QK2hdFUw,6573,0.038077970753879684,2.70564851601159,3.807797075387968,3.3372563007523377,-2.7332252740866134,10.34881942486255
IPN,6hh+o8vVvuQjNtxVkM22yQ,6881,0.03796381277151708,2.1228179722969793,3.796381277151708,2.5590983505591773,-1.2194514899442792,8.812214044247696
ONG,MH5RjRaNWLt57dhZ6INckQ,8294,0.03796102805051899,7.913603815848572,3.7961028050518992,8.689449999855666,-13.23521919466521,20.827424804769006
PS,dp2U1lPr2WYG0f7t8VJGtw,7468,0.037900377296651584,6.76326335103589,3.7900377296651584,7.826257696238956,-11.549427354963196,19.129502814293513
PTY,dfkm+U+n5Q7xlgYv58/sYA,5724,0.03785146679924469,10.192385404900612,3.7851466799244693,13.471812346011498,-22.619605518258066,30.189898878107005
IPN,0Abr+rFoj9OCNsXeANGf2w,6029,0.037697794129350606,1.1383514795676957,3.7697794129350606,1.466066717069381,0.8962886474790737,6.643270178391047
IPN,COAGz5rdBJv9o3V5EvdvLA,10029,0.037675540912471085,3.455201495468678,3.7675540912471086,3.450202323874579,-2.9948424635470663,10.529950646041284
PTY,RI0q1kLXrJQobeTqtpMGWQ,12994,0.037665832862722404,10.273951228538461,3.7665832862722404,9.01293146226418,-13.898762379765554,21.431928952310034
PS,TcCscE4gmusSea90KGg7lA,8796,0.037658026283111365,8.816264202273727,3.7658026283111363,9.40030589351472,-14.658796922977714,22.190402179599985
PTY,HIRZQEgUumJemLdi6w1LiA,7882,0.03764995839753994,10.405169591023183,3.764995839753994,11.720090029490281,-19.206380618046957,26.736372297554944
PTY,qru5zDCcVKh1LWqKWoUFQw,7831,0.03757157571287451,7.508541042936821,3.7571575712874514,8.484904274859364,-12.873254807436904,20.387569950011805
IPN,ISft+FRQ/zlxDTkQkaGNjw,6441,0.03753586412123911,4.249025091152432,3.7535864121239113,5.294349972575611,-6.623339534124285,14.130512358372108
ONG,ax41KKaaLnXHBPdufHZAoA,7478,0.03750334367580467,7.668549251670487,3.750334367580467,8.867893745578922,-13.630737373754219,21.131406108915154
PS,cWzIapi4Typ8Fpx4FltZMQ,7307,0.037481184161213495,4.509961627730517,3.7481184161213497,5.27598185297629,-6.592806015712179,14.089042847954879
IPN,ZuAxi7L/BeK1cieSxhsMrQ,12653,0.0374201373282152,4.012298708949791,3.74201373282152,3.5669457489131626,-3.2491999350482788,10.73322740069132
PTY,gtjhTnqpzcRzJUm/gZu5RQ,15985,0.03722762726258963,7.206823934456122,3.722762726258963,5.700167162064353,-7.449564911387167,14.895090363905094
PS,BdjA2+oYHxweHdgx/40cNw,18222,0.03713322622725445,4.060701053102477,3.7133226227254448,3.008174302553763,-2.1826990102799306,9.60934425573082
PS,8g0dYfTbS6+ZTMxWDfYsMA,7632,0.03706952084277598,5.398098751713468,3.7069520842775985,6.179049073217302,-8.403984099228314,15.817888267783509
PTY,7Ek3jBeb/UejTBXHRlxOfQ,10063,0.037040045183560286,6.148352204050596,3.7040045183560286,6.129075927348075,-8.308984299246198,15.716993335958257
IPN,PqWctggsaGjHXQ6c4TmUKQ,21509,0.037036263913344324,1.4554958232608912,3.7036263913344323,0.9924322159494847,1.7584592480734422,5.6487935345954225
PTY,btGkjSS0qIFxjXTeGhBM8A,17172,0.03687479620128645,6.823021519528703,3.6874796201286446,5.2067449097583545,-6.517740402997729,13.89269964325502
PTY,l0j5S2d52iHwYeeBxCG5XQ,5893,0.03676039637609287,5.8135408770318,3.6760396376092874,7.5730793952724005,-11.167195977124617,18.519275252343192
IPN,9UjPagPxALW1aHVEl1YsFA,10750,0.03675590693673422,1.0238254886755946,3.6755906936734224,0.9874649861378402,1.7401593208432558,5.611022066503589
IPN,qowyxXtHau9gXirFsYY/DQ,8899,0.03675412929437176,1.0192484268186293,3.675412929437176,1.080461873437969,1.5577076574987565,5.793118201375595
PTY,r3ppVdfMRK8fRD50PKC65w,17175,0.0367458695655328,9.339952835710546,3.6745869565532803,7.1268285367146795,-10.293996975407492,17.643170888514053
PS,855NNX9mR3PVJL9oW40Keg,7198,0.0365441779725856,6.2125150088663394,3.65441779725856,7.322536241212838,-10.6977532355186,18.00658883003572
IPN,7+EsUOyBqlDthfFTHFH2NA,5902,0.036491018499369865,1.6698118652990237,3.6491018499369865,2.1735415172088404,-0.6110395237923409,7.909243223666314
IPN,bNMADUqEpvqUPj/q7xAXUA,6853,0.036441703686727396,4.004453700609316,3.64417036867274,4.837298757962261,-5.836935196933291,13.12527593427877
IPN,iLPZLbWU5lJ7tWs1/20C/g,7160,0.03631633991302725,1.4207555119589053,3.6316339913027247,1.6790469433387532,0.3407019823587687,6.922566000246681
PS,duuLLkIIpEgAvSmCIBB3Qg,7290,0.03631412996278133,8.451172296229107,3.631412996278133,9.89813087207378,-15.768923512986476,23.03174950554274
PS,ucCp+P+KIPwDB/lxzAHR8g,10471,0.03625648534586261,9.951380811137051,3.6256485345862606,9.724992296545047,-15.43533636664203,22.686633435814553
ABS,CBt/tAETPantO0fB6ibj8A,13578,0.036212604295636316,12.501932207246156,3.6212604295636317,10.728999805213993,-17.407579188655795,24.650100047783056
PS,Q2hLLQI/AfGWBL0xaPMGzg,5872,0.036181314179054604,4.6734397685653555,3.6181314179054604,6.098789254035311,-8.33549552000375,15.57175835581467
PS,0V4pwO1+mHxD542vsrLqlg,5186,0.036023908716759714,3.120834716432869,3.6023908716759716,4.3336567745843615,-4.891576406509376,12.09635814986132
ABS,DjyX7QB4HqWfWBBBn/NTjQ,6363,0.03601642357135426,10.805291910979118,3.601642357135426,13.545827553199066,-22.948179647134744,30.151464361405594
ONG,YeYw06G5AE26uxbVj4SGSA,20441,0.03579870242987051,11.564543333542998,3.579870242987051,8.088675609425914,-12.273933951487741,19.433674437461843
PTY,0tNA3lzWc0omzye7CoB1fg,6982,0.03576897380516612,9.444425074337799,3.5768973805166118,11.302788558412962,-18.576568193972793,25.73036295500602
PS,8mXLsfsRKO/JxekxRCUZ5g,13392,0.03572946287129128,7.064669749336526,3.572946287129128,6.1047677244043985,-8.392398452703492,15.538291026961748
PS,vqQ8bbtLazFdWZeuJARW6Q,8567,0.035687671587835625,7.131701058515307,3.5687671587835625,7.70510829327978,-11.533245096044805,18.670779413611932
PS,U/9a2Tqh7GIz7WXUYtIfTQ,23465,0.03552269345499066,3.1602720225411667,3.5522693454990657,2.0630710607662874,-0.4913499336028577,7.595888624600989
PS,hrjDdtwAgRO8+x6DogoUIA,7378,0.03544862869915907,5.579726323316051,3.5448628699159066,6.495963448670663,-9.187225489478593,16.276951229310406
PS,Ql963l1dlbu/bg/LBZrVYw,25313,0.03543139754854914,4.560610838497619,3.543139754854914,2.8664951115254507,-2.075190663734969,9.161470173444798
PTY,429APDeR1We/dTfLmCX7mQ,11438,0.03538616852384386,4.610311925063977,3.538616852384386,4.310774089726262,-4.910500363479088,11.98773406824786
ONG,gMdXU9bbI3BTdu/4MnMAvw,19563,0.03537785246940087,11.253413740979509,3.5377852469400866,8.04575046275696,-12.231885660063554,19.30745615394373
IPN,tBbFlni6itYgqUFPmlnUVA,5221,0.035291770389997465,3.8050344610926126,3.5291770389997463,5.266010828345199,-6.792204184556844,13.850558262556337
PS,D/afgCTJ89CRUZPMGuTVYQ,5101,0.03521368206073153,3.005392168292549,3.5213682060731526,4.207978271285375,-4.726269205646183,11.769005617792487
PS,KhNw5+tu0ecVSVx/HzT26g,17766,0.03520931939370188,5.609328402616182,3.520931939370188,4.208390562298525,-4.72751356273492,11.769377441475296
PS,EcG8auSjSelcdrLaLCPPrg,5619,0.035010675886259064,7.039004507273929,3.5010675886259066,9.390348865322446,-14.904016187406087,21.9061513646579
PS,jIedEgw4C+FypOKHBt2rTg,13730,0.034983733822221925,6.637343017131432,3.4983733822221925,5.664466254754097,-7.603980477095837,14.600727241540222
PTY,torj/s3ha6aPPkzm9NMVCA,12550,0.03474048033341825,11.086194450369312,3.4740480333418247,9.896021470738741,-15.922154049306107,22.870250115989755
IPN,qLp7L67jCylahI/Dr5jL7g,17384,0.034675084496773284,1.4005881933002207,3.4675084496773283,1.062271682301771,1.3854559523658572,5.5495609469888
PS,X5wVd7ckPDodaFryqgg/uw,7879,0.034564452159070384,3.539751284319707,3.4564452159070385,3.9878351565410033,-4.359711690913328,11.272602122727406
IPN,mOCLvWF1OuzLw1oT9DOGew,5146,0.0345316804710919,4.941811736139015,3.4531680471091897,6.888922603392004,-10.049120255539139,16.95545634975752
IPN,VegFRJZpdfiFhuF4OIuLZA,5957,0.034531474633766775,4.2119294444423385,3.4531474633766774,5.457167543489713,-7.242900921863161,14.149195848616515
ONG,6VmR1/T36GY6+bVtuJpSJw,23899,0.034498723401114845,11.267641194375017,3.4498723401114844,7.288583680175581,-10.835751673032654,17.735496353255623
PS,tBPEnZ9MuO4K07lYR2SFJw,14534,0.03449555065698673,6.19265222477132,3.449555065698673,5.1366989452425695,-6.6183748669767635,13.51748499837411
IPN,7v+zegG8bw/ixdNeF3O2bg,22365,0.034463782580192524,3.3345232594718137,3.4463782580192523,2.229714714388426,-0.9238625821820632,7.816619098220568
PS,CHoHIHo7ERsjq6iXxjqmzA,31830,0.03445997008678722,4.967901907360539,3.4459970086787224,2.784547897552811,-2.0117168705247876,8.903710887882232
PTY,pJqZwczvAluD1c4PWgLOEQ,11153,0.03442230721051988,12.263040280424967,3.442230721051988,11.611873706427428,-19.31704174354577,26.201503185649745
ABS,5VXoV6V7xNSNVR4IwetqKw,5523,0.03440884115599688,13.806028513986739,3.4408841155996877,18.577242250124176,-32.9705106946437,39.85227892584307
PS,upS467WC9DByGH9XYUH/Mg,6439,0.03440130308865205,9.13109660329205,3.4401303088652053,11.379252253924388,-18.863204108826594,25.743464726557008
PTY,gyRWTWrYXZ2NnEKDzI7yZg,5036,0.03428752804981327,2.968439513024263,3.4287528049813267,4.182975714370447,-4.769879595184749,11.627385205147403
PS,xv8Ai7NCEHElhdev0aRNJg,10327,0.03422307068507473,4.050219421351876,3.4223070685074726,3.985579380109544,-4.389428516507233,11.234042653522177
PS,0s9kHeXEuqRCxAd/RPLMTQ,9204,0.0341398655086827,7.201938603538974,3.4139865508682696,7.506908280722875,-11.299553679348566,18.127526781085106
PTY,BON6S1tRhRPQAR4MdAaP0Q,35295,0.034067244631851644,11.634628571068522,3.4067244631851645,6.192926563514722,-8.73141160130369,15.544860527674018
PS,iYQAJ2U/gJkPJiL61JGelg,5242,0.03405570064858597,3.4097580612124743,3.405570064858597,4.7095027680235075,-5.825055360467477,12.636195490184672
PTY,6LnwlIf8CVWocaMp1gHnDA,10365,0.034030293240321974,7.248278659741653,3.4030293240321976,7.119512030172612,-10.551214255106121,17.357272903170518
IPN,52q5egDf/xJnSxcMg9/+0Q,5707,0.03397446126137428,2.6591720355633592,3.397446126137428,3.519998664598789,-3.501751256476198,10.296643508751053
PS,q8MFOD3ooEZGY67DdKoJuw,7199,0.033881095912685774,7.2322040857266146,3.3881095912685772,8.523826206167303,-13.318589772819337,20.09480895535649
IPN,APpr/Pim9Mdb+UaY1u0Rgw,7711,0.03386287979231844,3.7413595726024385,3.386287979231844,4.260632713405021,-4.964552139041997,11.737128097505684
FTP,NLtIc9EjoqK0K+5OlUjl1w,6093,0.03381893288325191,6.239248617033296,3.381893288325191,7.993126797273711,-12.284635234331283,19.048421810981665
PS,4Kr1a/pFb77lQj9tXMcBiA,11363,0.03381648123910821,4.6860820920359005,3.381648123910821,4.396057750602626,-5.234625067270326,11.997921315091968
PS,BrQxsr8Sgj0BS5NHxzfrgQ,5664,0.033746468685606844,8.445723970266318,3.3746468685606845,11.22212911253391,-18.62072619200578,25.37001992912715
IPN,cgplKT3rBKNkIS5JkOy4MQ,8369,0.033682837638964375,4.883001726862804,3.3682837638964376,5.337650013315734,-7.093510262202402,13.830077789995277
PS,eH8QsXtKTOhyJhq7fC6Q2g,27624,0.033608939114354155,4.325068714002702,3.3608939114354155,2.6022542649040252,-1.7395244477764735,8.461312270647305
IPN,tmkIM889EGr/AeLa3BmyWw,16838,0.03356678294857971,3.9913882620571326,3.356678294857971,3.0759461155187946,-2.672176091558866,9.385532681274809
ONG,6G9o5/bO1qHuCkWL9mdqVQ,7734,0.03344549829169688,8.688140547256623,3.344549829169688,9.879267705493124,-16.018814873596835,22.707914531936208
IPN,J5npb28wchOhc8YPZknhFA,6040,0.03329449546652914,2.8333372877885474,3.3294495466529144,3.645690594553179,-3.816104018671316,10.475003111977145
IPN,+7w/4NcSqgp/udc6harWWw,17961,0.03325847699723022,1.2925049211675956,3.3258476997230217,0.964421644985217,1.4355812755519965,5.216114123894047
IPN,NHT9cvmhikw750EyRkAK+w,12714,0.03324178065146518,3.2438476559333327,3.324178065146518,2.8768640966783234,-2.3144755643429957,8.962831694636032
PS,ep8f97Q5UtxYvjtobzyVAA,7952,0.033157905507495464,4.09180167297457,3.315790550749546,4.588559735513433,-5.677786530856783,12.309367632355876
IPN,IJZgA9NY/kN6raAAdhhwSg,6295,0.0331374110448351,2.3749244921967954,3.31374110448351,2.993311671630701,-2.553149771912664,9.180631980879685
PS,NUeg9e1OxmzNqgGndD+pLw,7887,0.03311239729957903,3.2712650540852852,3.311239729957903,3.683492702760379,-3.9084059674524396,10.530885427368245
PTY,cqdCPM2lAkdkecKQviR9kw,7652,0.0328584691734524,6.867788396291407,3.28584691734524,7.85108040219623,-12.10227067095937,18.67396450564985
ABS,5E7eU40LUgMUlVxsI+yIlQ,8286,0.03271990203524097,11.18695432444286,3.2719902035240973,12.289646766315325,-20.81571745845394,27.359697865502135
IPN,manvChChyjytZBvr5HRIuA,20045,0.03270728394824033,1.364118601498748,3.270728394824033,0.9634941915232169,1.382279779438528,5.159177010209538
PTY,maN12uE28Npd36JmvFhm0w,19287,0.032539141108133426,8.392192984751913,3.2539141108133425,6.042868199436462,-8.590107560082124,15.09793578170881
PS,A0pzfFkf2KuL0xbsyEKCeg,14062,0.03240541870638362,7.844836230070757,3.2405418706383617,6.61546437144286,-9.725768297389644,16.20685203866637
PS,h3ugcg1B039t5T1a93sIMQ,23408,0.03226866890858224,4.945776789356894,3.226866890858224,3.232602896145519,-3.109034785586993,9.56276856730344
PTY,3zLfEPJdpLM1LE5+7ZlYAw,11527,0.032139314803781786,10.019352334768,3.2139314803781787,9.332145522918012,-15.077073744541124,21.50493670529748
PS,UgtYg42miR20D4y9g+uzLg,12425,0.03213514271186631,3.1677554499923555,3.213514271186631,2.8418650309063493,-2.3565411893898136,8.783569731763075
IPN,mGDPveEaawTpzpH7J07INg,19644,0.03208356202437615,3.403660054733007,3.208356202437615,2.4284614573804197,-1.5514282540280075,7.968140658903238
PTY,PRZs0ihdMQoOSFUThQ7ywg,8469,0.03197496689742565,8.840616693277216,3.197496689742565,9.606528922687904,-15.631299998725726,22.026293378210855
IPN,gWxIgjQysuqzzCE/ZPe9LQ,12737,0.031930594988236895,3.653964786435195,3.1930594988236893,3.2376565970843956,-3.152747431461726,9.538866429109104
IPN,Boc2d9ECErE+5s08w2DLuA,7914,0.0319170671368537,3.612643555950824,3.1917067136853703,4.0609448423771015,-4.767745177373748,11.151158604744488
PS,MJ/gInsKiYH53a8UrUs3cw,8745,0.03185972951601801,6.6064090864909915,3.185972951601801,7.064567124330333,-10.66057861208565,17.032524515289253
ABS,CfDmgllEcWL80cq/791DVA,6419,0.031855426688971206,9.924760780420073,3.1855426688971207,12.387576793204836,-21.094107845784357,27.4651931835786
IPN,ElbSCpMsg++cs1RdYnIGzA,10753,0.031633033238487845,1.5531880286354003,3.1633033238487847,1.497818573219637,0.22757892033829608,6.099027727359273
IPN,6OLkBierRA4iiNduxyr4ww,33358,0.03162417302665411,3.5269629202043045,3.162417302665411,1.93108278238444,-0.6225049508080915,6.947339556138914
ABS,FGsDyDrcR1oGmGgJKoT95A,6070,0.03151993315706806,6.451185058618849,3.151993315706806,8.280282514395235,-13.077360412507856,19.38134704392147
PTY,pxheNiXlluc7UgX/y/z1GQ,6998,0.03150170082750747,10.569100793982864,3.1501700827507473,12.634296672371613,-21.613051395097614,27.91339156059911
PS,JQAf1Fiqbg0N8wNGA2nZhw,13694,0.031446026067686234,7.3260897988505205,3.1446026067686232,6.260471977173065,-9.125922468490584,15.415127682027832
PS,fyoSSA8j5z9PcaPqDxaMeA,36230,0.03131649663639462,5.090032090745384,3.1316496636394615,2.6741536272409765,-2.1096914457528526,8.372990773031775
IPN,zHGxQjlGDpeVsNJ625PVtA,10676,0.031244145903796372,1.3858319625364468,3.1244145903796374,1.3412393639693345,0.4955854369997419,5.753243743759533
IPN,7UrraebcwzbbX77LWGZhTQ,5148,0.031225718656249443,3.9809435304834824,3.1225718656249444,5.5483870327603855,-7.75226671858541,13.9974104498353
PS,4r+1LzPoxcXEP1iTS77WCw,9601,0.031179561551224564,3.903709654938308,3.1179561551224566,3.9839994881696232,-4.690682841690005,10.926595151934919
FTP,nVCilLsdFmcHMq3J6WJOvg,8269,0.03112634886288199,5.349649319215072,3.112634886288199,5.882999589331233,-8.418044308801015,14.643314081377415
PS,4awUyiDYTgylQKXZ9faBVA,12837,0.031080081364531827,7.201424688115719,3.108008136453183,6.356040453324369,-9.349831152062581,15.565847424968947
PTY,I8AY6QhOqmC91I614S3D6A,10285,0.031078257097685632,12.660120057730577,3.107825709768563,12.48348018255748,-21.3597954480441,27.575446867581224
FTP,vLGM5sqz/S5lzoWbnKGyZw,33881,0.03103431082274816,4.674391560710913,3.103431082274816,2.539492760971663,-1.8739747292296434,8.080836893779274
PS,4FWyZSh3RCCD1nO2yQB5Cw,11187,0.03083325886724781,5.031373213130078,3.083325886724781,4.75696235118445,-6.240320321596741,12.406972095046303
IPN,NZd9Dflyou0E32TvmpXhSQ,9231,0.03075416141568278,3.661768832663479,3.0754161415682777,3.81124219820045,-4.394618566904604,10.54545085004116
PS,n1NiKwmEwF+UWxZmFR0OCQ,12645,0.0307501673582056,6.481375154397902,3.07501673582056,5.7637846110299735,-8.222001101798188,14.372034573439308
PS,7EBfWSj8V1/xlz/+cMYr6Q,6134,0.03074747429298857,5.245883748879458,3.0747474292988572,6.698025188035588,-10.053381939250897,16.20287679784861
ONG,P+A+Cayy7F5aE9QBtBS/4A,5598,0.030711861930204615,10.42511202615519,3.0711861930204614,13.93363030639671,-24.23872920751709,30.381101593558014
FTP,z0ewUyzhgf+Osk9wo2n7LQ,8470,0.030677687562342376,4.697525153355627,3.0677687562342375,5.1041967785077995,-6.93645692964105,13.071994442109524
PS,NSnugY2jztJAAnnJt8kNwA,6396,0.030658228529630006,9.643409409193826,3.0658228529630005,12.058030484973917,-20.567916897585874,26.69956260351188
ABS,ttncKWaHPEAv9S8VmfX+Qg,6314,0.030522713111403775,8.100607027837817,3.0522713111403776,10.194484635197668,-16.928918573847053,23.033461196127806
PS,Xsvb5nGKXOMv348buGvjxg,7186,0.030511178598823966,5.29766939792151,3.0511178598823965,6.24944206245232,-9.19778858252415,15.300024302288943
PTY,PxfNhpzz9rPL9b2+lEAlzA,8829,0.0303929111176526,10.291410499463197,3.03929111176526,10.952648320429764,-18.42789959627708,24.506481819807597
ONG,ijLup44IpGwI8hyAT0s4jw,7459,0.030367905003589157,11.309410198701475,3.036790500358916,13.094823613674388,-22.629063782442884,28.702644783160714
PS,dnceAS+Gf72/PlOeGRfD3A,8413,0.03036213644591917,3.2165392883341877,3.0362136445919172,3.506819525557298,-3.8371526255003867,9.90957991468422
PTY,erpL/cz5mbGkdL7kEnU5IQ,10322,0.030314070441303756,12.512166008404636,3.0314070441303755,12.315458086019795,-21.106890804468424,27.169704892729175
IPN,7n3CRulpt4bADnRQEFFxkQ,5345,0.030307139895361535,3.2648867394913195,3.0307139895361535,4.4657485430737065,-5.722153154888312,11.783581133960618
IPN,0VXc23BBUdG9qbCKvIU/ZA,6462,0.030252114976016924,4.955537953696389,3.0252114976016924,6.1646344628240035,-9.057472049533354,15.107895044736738
PS,xvEsCo4NWmxIHULP6vUxsw,19574,0.030219316450189836,8.496378527082944,3.0219316450189835,6.07287106642423,-8.880895645172508,14.924758935210473
ONG,CMwG9UfAbVFg36Fg8qOUKg,9412,0.03011222489105353,7.37089054410091,3.0112224891053527,7.597645097078466,-11.880161901168442,17.902606879379146
ABS,JyDeBxVlwqFyCtvTEMl3Xg,9701,0.029943327644394238,6.6789226174879355,2.9943327644394238,6.781068936262967,-10.296562350635991,16.28522787951484
PS,IZKy0x/IGmhv/230POn9Wg,23534,0.02989840897994805,3.8967661990943556,2.9898408979948052,2.540133106859305,-1.9888199914494327,7.968501787439044
PS,1H5THXy9IZcAuUkDytauwg,5877,0.029862922779684553,12.130103717924332,2.986292277968455,15.822921334472966,-28.026633537598556,33.99921809353547
PS,CBDKQTzTZ2nPymOihiAiQw,6892,0.029821531149303054,8.475371024976772,2.9821531149303055,10.209067727178585,-17.02761963033972,22.991925860200332
PS,9+yhPU/0EZdiVWvLNb9EFQ,13868,0.02981720388500825,4.614220767171619,2.981720388500825,3.9182437812793207,-4.698037422806644,10.661478199808293
ONG,jQrk2slVAokbZwOxdzZXzg,28714,0.02974586738868349,10.801122904361463,2.974586738868349,6.374146778978691,-9.518740947929885,15.467914425666581
PS,WNmd8Zyijl6MkhMEpkmX4A,10420,0.02971401354932582,6.346249784625054,2.9714013549325817,6.217034855020122,-9.213986960906858,15.15678967077202
IPN,bndjFrfFgo1yNKqsLqNqsQ,15706,0.029657986692967542,1.7874159833395222,2.9657986692967544,1.4262407493445095,0.17036680058151576,5.7612305380119935
PTY,zCW/ZxFImoHMqWlq4I2xVA,18719,0.0296055183702785,8.45701745388945,2.96055183702785,6.18124424733493,-9.154686887748612,15.075790561804313
PS,6zY1YtR1QRdQ3WCj5eGP9Q,11694,0.029508063538127096,3.6177070638964426,2.9508063538127094,3.345429276095948,-3.6062350273353485,9.507847734960768
PS,RktnOTGa6N8LLABDJTj5JA,5611,0.029460878801407436,4.429693183756707,2.9460878801407437,5.91362133630915,-8.644609939025191,14.536785699306677
IPN,gdkgLqFEc8crCKw2YoKcnw,21434,0.02942287900771091,3.8648743619055703,2.942287900771091,2.6398774569015204,-2.2318719147558888,8.11644771629807
PS,fxMxUpEBZ0A2SmzAhnOfTg,17351,0.029352487822956266,5.69942039658483,2.9352487822956266,4.3268161034009855,-5.545310780370304,11.415808344961558
PTY,+moFQ3ucxzJMTatq7nX4kw,13962,0.029115790520981327,8.289585166635321,2.9115790520981326,7.015505686438886,-10.838812093322083,16.66197019751835
FTP,uU/jRJTdhBz9Zw8NKHk0DA,15647,0.029063351261407765,4.737507829209691,2.9063351261407764,3.7873409132380638,-4.516853063805828,10.329523316087382
IPN,5wds9PvekdUAs2Ee3fv9mw,8463,0.028976131201100295,1.1584822229691214,2.8976131201100297,1.259294200970617,0.4293964862076205,5.365829754012439
PS,m4RLEO0J2I6YKmzTe9PVoQ,28184,0.028952716506347207,5.502780596622229,2.895271650634721,3.277788160072471,-3.5291931431073222,9.319736444376764
PS,QNry3wjE3RzyMgkkeUHxGQ,19728,0.028792830806872102,3.3439937308948506,2.8792830806872103,2.3808055427890475,-1.7870957831793226,7.545661944553743
PS,dE6+2yh7nOcn1o9G5dwwOg,6553,0.02879044119318114,4.3302448607337825,2.879044119318114,5.349243541009094,-7.60547322105971,13.363561459695937
PS,HZNtGru22TgZNvb2RmtFMw,5633,0.028750669105335892,14.517726250850188,2.8750669105335893,19.3432180444458,-35.03764045658017,40.78777427764735
PS,naH1sBnhCBxZtL+graJYMg,7204,0.02872593463737226,11.087062943666178,2.872593463737226,13.062600988391278,-22.73010447350968,28.47529140098413
IPN,h4ky3YFemFjbT/+bai9FxQ,9540,0.02868867943871696,1.2056583130194156,2.868867943871696,1.2343833570968106,0.4494765639619476,5.288259323781444
IPN,GJceRqzrZrj24SS2sC7C7A,14437,0.028675452455833875,2.504452804133542,2.8675452455833876,2.0843678876299983,-1.2178158141714088,6.952906305338184
PS,C2vqT47mAgdbemATXZ/l/Q,14208,0.0286563896503418,7.062029072012701,2.86563896503418,5.924654467223501,-8.746683790723882,14.47796172079224
PS,mr5yzoUy62ZvxtFgvp2Khg,9759,0.028611539158283388,7.3864140488916235,2.861153915828339,7.477062133144783,-11.793887865135435,17.516195696792114
PTY,4cXpwk6GRCuyZw3gO2An7g,13213,0.028540245365935902,11.377234392321874,2.8540245365935903,9.897738784266535,-16.545543480568817,22.253592553756
PS,7xd34igFtqy3BKKcAOfh0Q,8766,0.028427066645849968,4.229461544273634,2.842706664584997,4.517356311777741,-6.0113117064993755,11.696725035669369
IPN,/mybyTwil7OR4PfnSfiroQ,6341,0.028376833025052936,1.4205571308595442,2.8376833025052934,1.783938293081173,-0.6588357519338053,6.334202356944392
ONG,0mIp+u/FO2nPJQUV5LB6MA,15985,0.028350902363438884,10.825161284471626,2.8350902363438886,8.562055829167726,-13.946539188824854,19.61671966151263
PS,vWwwFVQNDRrc1S3yPeVmAg,68726,0.0283253075405307,3.561955033576159,2.83253075405307,1.3587135256068572,0.1694522438636299,5.4956092642425105
PS,zGlOrXGZgiDH8cLrTGh5/Q,12987,0.02832486304751608,5.292630962924894,2.8324863047516082,4.644267143661635,-6.270277296825196,11.935249906328412
PTY,2c2f3zjepMikwavm6+NETw,5615,0.028194123529103433,6.708261636154004,2.8194123529103434,8.952309996953826,-14.727115241119154,20.365939946939843
PS,VBr7czYZzW07uXMccCOp6g,11481,0.028182647655716486,3.3073071198875668,2.818264765571649,3.08663067101916,-3.2315313496259055,8.868060880769203
IPN,o+YXrM9DGYu+V5G0GGHV6A,8129,0.02817685651902358,3.6326355632507665,2.8176856519023583,4.029055673983034,-5.079263469104388,10.714634772909106
PS,eS5t+X1Ef8txHrmZTS7r+w,9937,0.02802266839713974,7.102784630425703,2.802266839713974,7.125264676168596,-11.163251925576475,16.767785605004423
PTY,8ISarrTx2awQWKrAD2FlvA,5870,0.02797802317081562,10.67430531785482,2.797802317081562,13.932227907924016,-24.509364382449508,30.104969016612632
PS,QHxJjpVYwitg9krW6wZgJA,17932,0.027902981117529785,4.719993853195569,2.7902981117529784,3.524739844838492,-4.1181919841304655,9.698788207636422
ABS,yOOMTqsR9EFECI4lSNpp1A,10206,0.027801801908455385,13.736967794423471,2.7801801908455386,13.597626195735534,-23.871167152796108,29.431527534487184
IPN,EW5sSBPUWuypx5udito00w,6920,0.027705924049278217,4.375412806139505,2.7705924049278217,5.259760706898068,-7.538538580592391,13.079723390448034
PS,6cpX2+vM7YhwV5LIorkL0w,11765,0.027690608465954617,8.308575317119725,2.769060846595462,7.66003220149108,-12.244602268327055,17.78272396151798
PS,teNcHHllawT4JBnb3PUU1Q,13107,0.027686859866085645,4.922400396521974,2.7686859866085647,4.29957260759488,-5.658476324277398,11.195848297494528
PS,oozTQ1OE4UT+eqnN/TiytA,9042,0.027572440248402153,5.900018873216415,2.7572440248402152,6.204705165019139,-9.403978098597298,14.918466148277728
PS,4tAtoLQ+Gu7oKZrRwEgTuQ,5500,0.02748485499654304,9.831607756175556,2.7484854996543038,13.256937194012208,-23.23511140060962,28.73208239991823
IPN,lwtgEuef7R1rnbpJFdAEdA,6847,0.02746283067862309,2.7846725142375712,2.7462830678623087,3.365301385094167,-3.8497076469222584,9.342273782646876
IPN,wJ1/21ULroch8EZRKhnHQQ,6207,0.02724424160600419,3.2627578649590157,2.724424160600419,4.141369421882083,-5.392659906288463,10.841508227489301
IPN,Gd2peN+Dd1lbHCgkoHf07Q,6781,0.0271733520024295,3.3619644613174424,2.71733520024295,4.082688505695709,-5.284734270920641,10.71940467140654
PS,YXCE3WOZi8g2sIf3y/plVw,5220,0.027024265484334866,5.197440283817338,2.7024265484334866,7.193732039679488,-11.39728824933831,16.802141346205282
IPN,BnMc6z0dzebEyNQrWPgUHQ,8023,0.02701763678530156,3.403606183587698,2.701763678530156,3.7998889775886573,-4.746018717543612,10.149546074603926
IPN,X4NWnPpn1NkvzxQ2vKdtDw,5084,0.026909915951647035,3.82403011314629,2.6909915951647037,5.363132573751849,-7.82074824938892,13.202731439718328
IPN,cQtqAb46WdgmIzukokRucg,5948,0.026840954958871458,4.352956464249538,2.6840954958871457,5.644153854187905,-8.378446058321147,13.746637050095439
PS,FdYwwGrQ/yR/UM2Mfa8kCw,12294,0.026769833226252013,3.7384766651447467,2.6769833226252016,3.3716933534191145,-3.931535650076263,9.285502295326665
IPN,svH7x+Oa+CamROZNoG+gQg,8530,0.02673974263570233,3.522204899333251,2.673974263570233,3.813643575210231,-4.800767143841819,10.148715670982286
IPN,Wv/ujSodCbuJnRg27+f6ZA,5034,0.02659018675770417,3.615361022358855,2.659018675770417,5.095596914022341,-7.328351275713372,12.646388627254206
IPN,bAbzN4Y1TzDX/aIu2VzjkQ,8118,0.0265893707518567,3.5252386094605614,2.65893707518567,3.912586882028981,-5.009733213591133,10.327607363962473
IPN,vmSiKFBTy2NkC6Shr08DPA,8624,0.026373976457981542,4.0593348694251015,2.637397645798154,4.371198266327725,-5.930150956204185,11.204946247800494
PTY,Vlmh9eiEcP5hR0LkhQ+RFw,5376,0.026243825444474907,8.976045304519321,2.624382544447491,12.242085431343074,-21.370104900984934,26.61886998987992
PTY,GzHhEYoEhc78pWthprl7AQ,9079,0.02620068266339496,3.5344743480938696,2.620068266339496,3.709418435224594,-4.6503918667007085,9.8905283993797
PS,oQOolYWbug75yUa6z2e+zw,10983,0.026170443345601035,9.55246666817073,2.6170443345601035,9.114965709121465,-15.248288455317967,20.482377124438173
IPN,gal+hqCD85WuWcxWE3ybng,18536,0.026060279846242856,3.8745393338702603,2.6060279846242858,2.845850382372499,-2.971838764825812,8.183894734074384
PS,D44at5UKk7w7TP09UNFzDg,10837,0.025924301588345966,7.845095222535404,2.5924301588345964,7.536048463074242,-12.178224828790917,17.36308514646011
PS,sWBBy1WroEskLNyJzhkUag,12264,0.025860241437191112,5.086255938464871,2.5860241437191114,4.592848701054412,-6.415959310347535,11.588007597785758
IPN,iD2JzoMF9EGXs7dPeEzgIw,11939,0.02583728426514643,1.2475324163763548,2.583728426514643,1.1417417002036585,0.34591469411547227,4.821542158913814
PTY,nNU2r2NCo/DXhz/W3HBq3A,6375,0.025793092249070896,8.365569600880718,2.5793092249070897,10.477445785670009,-17.956484515006128,23.115102964820306
PS,Y2Cmepuv+Kc7fEcEeACwhg,8435,0.02567165763193005,8.120319720928928,2.567165763193005,8.841594347108618,-14.762359157139885,19.896690683525897
PS,T1X/cRNSprC8ausH9Ekuug,14132,0.025568156164933492,7.259651742254869,2.556815616493349,6.106803881774476,-9.412519991784624,14.526151224771322
IPN,OnoAWv0MyGbMJby1OwegvQ,11129,0.025537635097714464,1.4482794635766507,2.5537635097714464,1.3728538351315267,-0.13703000708634594,5.244557026629239
IPN,q8yWS3UylF+YY/WGWfu4pw,8153,0.02551576017412279,4.4786814797237415,2.551576017412279,4.960111687891732,-7.170242890855517,12.273394925680075
ONG,3BUMErr3uzBZdM+tK8ASiQ,41747,0.025369935410736743,13.702964479942004,2.536993541073674,6.706592146243276,-10.607927065563146,15.681914147710494
PS,zyPjdtm2DWwyhxevZV+Q2w,5065,0.025362291092904395,4.805194228258416,2.5362291092904394,6.751825693107357,-10.69734924919998,15.769807467780858
PS,Hxkl0z9rQYKUKJcjSdkyrQ,7411,0.025284036916569167,7.208392401581846,2.5284036916569166,8.373364822450334,-13.88339136034574,18.940198743659572
ONG,XMrlPSXzGYxKr+lABPY99A,30305,0.025204221413800708,8.411021621056562,2.5204221413800707,4.831607037677412,-6.949527652467658,11.990371935227799
PS,7je+LC5Mfs6nL8YBVh4frQ,19744,0.02517836643508379,3.565506977413554,2.517836643508379,2.537486377914983,-2.4556366572049884,7.491309944221746
IPN,Nzc4jw8xPFgffGJHLOIkug,14282,0.025146455019232506,1.3411762231121398,2.5146455019232508,1.1222544369769643,0.3150268054484009,4.714264198398101
PS,76st4GYkvznmFp4px8dQtQ,7258,0.025103850154676824,2.9320368843644298,2.5103850154676826,3.441604393029102,-4.235159594869358,9.255929625804722
PS,0XizsL0inf55G5/CO9w1dQ,8795,0.025043771162442757,3.3578396551736374,2.504377116244276,3.5804864276230632,-4.513376281896928,9.522130514385479
IPN,HOT5k1Dq4v8d1uQYbCsIyQ,6689,0.02503363730430175,1.461647510186597,2.5033637304301752,1.787154311263836,-0.9994587196469431,6.006186180507294
IPN,6CS40Jj01qDx4WX7JiKp6g,38784,0.024960904243854012,2.933560863243559,2.496090424385401,1.4895970514226413,-0.42351979640297577,5.415700645173779
IPN,3cc8aPePA6RlamalLeGb/w,6456,0.0249313164266955,2.89708816210342,2.49313164266955,3.605619972014451,-4.573883502478774,9.560146787817875
IPN,dGKilQWqbl9U+jolNDCWDw,14507,0.024798028110973,1.017044973647836,2.4798028110973003,0.8444060811299644,0.8247668920825701,4.134838730112031
PS,fjccuCyJ9YXLqczJ4BHM6w,5155,0.02478249188075357,5.8931519448496505,2.478249188075357,8.20792357413295,-13.609281017225225,18.565779393375937
IPN,2vp6s/2ZfaFNG159pExdKQ,9938,0.02468253141630821,4.708097266313016,2.468253141630821,4.722760587620931,-6.7883576101062015,11.724863893367845
IPN,dDeObL/doQWY0qw6ETCOmg,15599,0.02464981741366902,1.4471425025811429,2.464981741366902,1.1586784238800956,0.1939720305619148,4.7359914521718895
IPN,uO4reK5kRSJiBLUT6uOR7w,5150,0.02445825417064926,4.599434425068468,2.4458254170649263,6.409155622029173,-10.116119602112253,15.007770436242104
PS,C2UkS9pESPxdH6Fdioe8WA,9833,0.024436081033459543,2.8607365371488127,2.4436081033459542,2.8849270992388156,-3.210849011162124,8.098065217854032
IPN,mH5hHIfe5/9IqKNjtNieSQ,5296,0.024430702910322438,4.098974584686949,2.4430702910322437,5.632500478702016,-8.596630647223707,13.482771229288195
PS,32v/n2Oc1DwIrT8h11pOUQ,39178,0.024412766602553076,3.662512083402883,2.4412766602553075,1.850367258834107,-1.185443167059542,6.0679964875701575
FTP,nH4sXOOTF1SVEps3UUbGjQ,5694,0.024408299420297166,6.138860593220928,2.440829942029717,8.13540240935487,-13.504558780305826,18.38621866436526
PS,D7W8QQdrxNexI4ceDXHn7w,9510,0.02435328266206349,8.62458966406157,2.435328266206349,8.84398878429036,-14.898889751002757,19.769546283415455
IPN,K+gd4gcNDJM4ogRCQ6qFKQ,12291,0.024261289408709148,3.009001842834082,2.426128940870915,2.714118744321538,-2.8935437979992997,7.745801679741129
PS,xySxP8wPe1OID/rRcBxbGQ,8335,0.024199159944404296,5.2264329262720866,2.4199159944404296,5.724697976836857,-8.800492040159808,13.640324029040668
PS,kY88FCcZvnsGGFQpwOylmw,10072,0.02411520492815878,5.070320036506668,2.411520492815878,5.052164863696473,-7.490722640029208,12.313763625660965
ABS,CgGwc8YEfQSGAWGFMmxWxA,8276,0.024027969075097674,12.254782155113855,2.4027969075097673,13.47086098889516,-24.000090630724745,28.80568444574428
IPN,lROPLhqrYlsUR8/tVb45bg,32625,0.024002911801539163,3.497419135754116,2.4002911801539164,1.9362990025223539,-1.394854864789897,6.19543722509773
IPN,OyBeKmL9oGdHjUiilz9hjA,8670,0.023980065310565107,3.913105048205838,2.398006531056511,4.202540989783682,-5.838973808919505,10.634986871032527
PS,HG/Id3qAZnuNbJG604emHg,5249,0.023977898387744053,3.5776461957101255,2.3977898387744054,4.9380911631371,-7.2808688409743105,12.076448518523122
PTY,gM8VZ6NOJ1Gyok7Hhg3Feg,9492,0.023913924796196716,10.079934256486682,2.3913924796196717,10.346151529421816,-17.887064518047087,22.66984947728643
PTY,oWVDljT64Tw5jQi/Mi5ILg,5415,0.023898985143320933,4.935454505625753,2.3898985143320934,6.706994072369439,-10.755809867512006,15.535606896176194
PS,hCqEyI/pF95jIlxBtq0Axw,7389,0.023886184082179355,6.701224224376136,2.3886184082179356,7.795811266661568,-12.891171674438738,17.668408490874608
PS,11UaaEAz5NpGUh7Yu+4+gA,31033,0.023809332252127374,4.550488915329723,2.3809332252127375,2.5831295052646635,-2.6820006051060026,7.443867055531477
PS,TfXUzcmuqXbeHKi0mFnsLw,7597,0.023798208368180362,6.634767482652108,2.3798208368180362,7.612102792466217,-12.53990063641575,17.299542310051823
PS,ydoFOVgzvZv9ZhuWu9rXAw,5303,0.02377773381596845,2.937910121234562,2.377773381596845,4.03438826436495,-5.529627616558457,10.285174379752148
IPN,m//MRF1iJZKtSXKwEut70w,9226,0.023758831999448175,3.7222381548026773,2.3758831999448176,3.8752295346895624,-5.219566688046724,9.97133308793636
PS,BT7ecusaQcIqHtnw5mXSJA,14184,0.02370252830616697,4.5184967965097185,2.370252830616697,3.7939763330479535,-5.065940782157291,9.806446443390685
PS,yXVuRrdIwBZrIdVf5J5xYQ,13466,0.023679513263477538,3.7620217955937307,2.367951326347754,3.2419178247797387,-3.986207610220534,8.722110262916042
IPN,OPgOk2qsWKao+gt1ArcddQ,8748,0.02364699539115672,1.931027149668501,2.364699539115672,2.0645908234696013,-1.681898474884746,6.41129755311609
PS,3wJjc9e5xwWHn6oxESJCQQ,7726,0.023588099791045144,5.346732026382491,2.3588099791045143,6.082905453381758,-9.563684709523733,14.28130466773276
PS,VPeFbq8HwZKch2EVI/SS/A,6055,0.02354087724629559,6.0430204607577,2.354087724629559,7.765992932319261,-12.86725842271619,17.57543387197531
PS,SYwA0X52RWKYofr1H4BKVA,5525,0.02352669580085245,3.472304389252007,2.352669580085245,4.671449390247614,-6.8033712248000775,11.508710384970566
PS,fidWvC3sCjjOufozC+nUAQ,17433,0.023524637085364838,5.163379109056765,2.352463708536484,3.9106409909869857,-5.312392633798008,10.017320050870975
PTY,2BKdj1Zv2/h2Vk5DPhch8A,20184,0.023425534817719043,4.894209207055067,2.3425534817719043,3.4449181757805687,-4.409486142758011,9.094593106301819
PS,wfE7lAq1UzqWMMmyXZtaBQ,5131,0.02332910952704433,5.509903321109701,2.3329109527044327,7.692065457070675,-12.74353734315409,17.409359248562957
IPN,JYtA0NpdES6aoFYJzo3lvw,5836,0.023320766550126836,2.9379981766796446,2.3320766550126835,3.845863627690295,-5.205816055260295,9.86996936528566
PS,e+NCpgvKlmHBe17UzILXnw,9497,0.023288406124927878,5.121952286765247,2.3288406124927876,5.255842101966152,-7.97260990736087,12.630291132346446
PTY,qLw9SkJGw+XknDjKu/SqSQ,6767,0.023281067398391763,2.8772654579062817,2.328106739839176,3.497694255232934,-4.527374000417375,9.183587480095726
IPN,+hDnS3qG9CSlquo3hMmRmA,28066,0.0231224300855752,1.3864952457725284,2.31224300855752,0.8276145634629027,0.6901184641702307,3.9343675529448094
IPN,FZTGRb5f7ax3Q7lVMYnu4Q,9061,0.02293996218353059,2.5418231717168163,2.293996218353059,2.670282867178635,-2.9397582013170656,7.527750638023184
PS,HlYJp1b+iQcyFzqkP7cJVA,10864,0.022908228133881905,8.529876803714552,2.2908228133881905,8.18366569969579,-13.749161958015558,18.330807584791938
PS,gMXcnhGcnpx8oMy7/ANbtw,7477,0.02283469227840034,3.8300418403153644,2.283469227840034,4.429348257299339,-6.398053356466671,10.964991812146739
PS,8G+HwmOl8EJgcar41533/w,7359,0.02280982356821734,2.9870526407002984,2.2809823568217342,3.482037746912898,-4.543811627127546,9.105776340771014
IPN,xiXzkW1MMmNfDjkdtsUqnw,9495,0.0228089338983593,1.3419524037297768,2.28089338983593,1.3771765783431482,-0.41837270371664026,4.9801594833885
IPN,G/ZTXEcV4gRnRxqIJjJH9A,11178,0.02272347389510587,2.922334598060619,2.272347389510587,2.764062679623716,-3.145215462551896,7.68991024157307
PS,BmPgzowEJ9nKTOHKtKp81w,7687,0.022713019538157565,2.9611647501589196,2.2713019538157564,3.377412686245431,-4.348426911225288,8.891030818856802
PS,APYIOyK/4AGb+kIwlOUNBQ,8574,0.022675043644119815,7.415058060065776,2.2675043644119817,8.007976985349346,-13.428130526872737,17.9631392556967
PTY,gbD4fi5u36KV/pI1NhF5zQ,5849,0.022592068751574906,8.286437798214608,2.2592068751574907,10.83495380433192,-18.97730258133307,23.495716331648055
IPN,U7I5kwl1mkKDQX8beUls2g,24280,0.02257653885755743,3.766304957135884,2.2576538857557433,2.4170806446474087,-2.4798241777531778,6.995131949264664
PS,/eLRjc5D4u3mba6JZ3relA,6535,0.022429484498203256,5.294614083424037,2.2429484498203256,6.549550793498858,-10.594171105437436,15.080068005078086
PTY,RUCDLpy9wNo7ypkcVG/75Q,20779,0.022384747159494532,7.7171511906669625,2.238474715949453,5.353584812972144,-8.25455151747595,12.731500949374855
PTY,VL8vZKlLrSaQNW7tgwk7kA,26309,0.0223327249878596,7.789887651997388,2.23327249878596,4.802628831437466,-7.179880010831473,11.646425008403392
PTY,pQ0E7CtR9Kdo+B0hK/CH4g,6897,0.0222659161833165,7.333612986034092,2.2265916183316503,8.830552449267772,-15.081291182233183,19.534474418896483
PS,XG/Uj4f9PFvFMwh7jcxw/Q,6198,0.022214423229171984,4.722616202774491,2.2214423229171985,5.998696184937242,-9.536002199559796,13.978886845394193
PS,YMdFf+NdsZPaHnUq3nsqog,10077,0.02220450509685224,7.779591830468767,2.2204505096852243,7.749812268960108,-12.969181537476587,17.410082556847037
IPN,DmVcANZ3yAGxezMyrGqkhw,5206,0.021993852834082363,1.223303815186359,2.1993852834082364,1.6954393097465923,-1.1236757636950845,5.522446330511557
PS,c1b6DJJcyykgulOhn+Vq8w,32288,0.021928940578518442,4.255883671363998,2.192894057851844,2.3684770252809173,-2.449320911698754,6.835109027402442
PTY,5+/kyibXtw68I6TB88CjLA,13801,0.021908990344136972,8.39089580483769,2.190899034413697,7.142546069571215,-11.808491261945884,16.19028933077328
IPN,Xq2gM6jRIpM08LVMeyOWHA,7674,0.02184419259759079,4.185704318939131,2.1844192597590792,4.778126558975363,-7.180708795832632,11.54954731535079
IPN,4XROYgvaDyFAtFj5M4DRrQ,5892,0.02177138477867344,1.206202204560492,2.177138477867344,1.5714072365666596,-0.9028197058033087,5.257096661537997
PS,WwH838O/6ojC8s8GDc/qnQ,10847,0.02176016466054151,6.278073965481455,2.176016466054151,6.027977297082512,-9.638819036227574,13.990851968335875
PTY,SmT4xNtZqVL2Ls7Ucx5iug,10226,0.021756469005958897,5.519129947970759,2.17564690059589,5.457801363125159,-8.521643771129423,12.872937572321202
PTY,f/yYo0ayF5wOx+Sw4KnNNg,12213,0.021609840027742105,7.901488495418664,2.1609840027742107,7.149863218683293,-11.852747905845042,16.174715911393463
PS,gyzVFylZ1R1k+A4XRy/paw,5024,0.021586383722580163,4.576397732499393,2.1586383722580162,6.456526626513096,-10.496153815707652,14.813430560223685
ABS,piahJscKWYwscAwAvZxMjQ,11460,0.021538627187332973,5.887032209349151,2.1538627187332975,5.49925809956666,-8.624683156417356,12.93240859388395
PS,zzCIKlXjU2j3HBW9eRxq9Q,11771,0.021427234054727667,3.4280955496390697,2.1427234054727666,3.1597028248868853,-4.050294131305528,8.33574094225106
PS,A7HYt6O9V43zHPfctvan1A,32920,0.0213982388391052,4.70397746932868,2.1398238839105197,2.592598823763856,-2.941669810666638,7.221317578487677
PS,DnDcAdn9P0zGovMERigpFA,21317,0.021362760592465745,5.061169698946033,2.1362760592465744,3.466473277739755,-4.658011565123345,8.930563683616494
FTP,0gGhmq4EflzwP0m6xuKCWA,22415,0.021325792398485734,5.4647622059204926,2.1325792398485732,3.6500759156716125,-5.021569554867787,9.286728034564934
PTY,fE0ASMGOzz9hEQ0SX+0k9w,9334,0.02129558570968765,8.148340084654938,2.129558570968765,8.434032077291027,-14.401144300521647,18.660261442459177
IPN,+AKMrSZKXMK/w4etUfU1hQ,13656,0.021262205224953413,1.6547738230015696,2.126220522495341,1.4160444562023606,-0.6492266116612857,4.901667656651968
ONG,pmppoqDAyUprILQPpvz7rw,5632,0.021115355800165245,13.189269759649498,2.1115355800165245,17.574761006029142,-32.3349959918006,36.55806715183364
PS,G5YBfMjgXLRFiYusvl3nWQ,5569,0.020892443824047716,8.683472346428966,2.0892443824047717,11.636029580484525,-20.717373595344895,24.89586236015444
PS,ZF7UsHJip5nnolaFvMPsrQ,8587,0.020624489901443988,3.5214509830835867,2.0624489901443988,3.8001515458709507,-5.385848039762665,9.510746020051462
IPN,LkiPiEyQXg8PJUVn9nWKmA,14291,0.02054958890378788,3.555319426284758,2.0549588903787877,2.9740434983692277,-3.7741663664248986,7.884084147182474
PTY,5AFfS7uTMi/90iJIWJZHOA,24283,0.02054909343916346,9.578613277380025,2.054909343916346,6.146833785625513,-9.99288487590966,14.102703563742352
PTY,1R3N+f/NC+l9xd0jRFg+WA,10009,0.02054564265716843,8.989320853128252,2.054564265716843,8.985278387204286,-15.556581373203555,19.66570990463724
FTP,2yhiBSpZvymPXrtNqu4Ofw,5387,0.020382406427579443,5.4844376551613925,2.0382406427579443,7.472374267395902,-12.607612921338024,16.684094206853914
PS,7QzbjWT00wQpau1iqvUmMA,5841,0.02033641443620845,3.283201151360713,2.0336414436208448,4.295897279563696,-6.386317224323999,10.453600111565688
IPN,UEO0YK5blgTzCyM50iVhxw,9623,0.02030967501608904,1.355822022034227,2.0309675016089037,1.3821253761401118,-0.6779982356257155,4.739933238843523
IPN,d91CvF4JSCWVEvIPwaaoWA,8722,0.020300677256747085,1.241712845338179,2.0300677256747086,1.3295758945916887,-0.575901027725001,4.636036479074418
PS,d60ieSyppQXlXhEvbhEkwQ,33914,0.02026798017740429,2.9448288532623508,2.026798017740429,1.5990813263693002,-1.1074013819433994,5.160997417424257
PTY,Yt2MSt+lZmh9niPIyDtDzQ,14883,0.020254876492389193,5.615540251117167,2.0254876492389196,4.603056478804616,-6.996503049218128,11.047478347695968
PS,RztoagMxqHSN2/HfiMtRkg,6475,0.020144275455631345,8.201897905826403,2.0144275455631346,10.19282276501817,-17.96350507387248,21.992360164998747
PS,v0tFDRcSgsUyBMsCIoYQyg,8285,0.020081472909443336,4.836517264938294,2.0081472909443336,5.3135709759682355,-8.406451821953407,12.422746403842076
PS,udVTc7OHyGXEhwx4pbclqA,13368,0.02008078792907146,3.8070937867227883,2.008078792907146,3.2927621219061134,-4.4457349660288354,8.461892551843128
IPN,UcFtq3vOkLXV0o/Q9EJ1Rg,6577,0.020057548718266125,1.0095432103445139,2.0057548718266127,1.2448327093664073,-0.4341172385315457,4.445626982184772
IPN,01xUGd6fhoD4aE8UMeQ+GQ,59690,0.02003801103452279,2.5146479798074224,2.003801103452279,1.0292631119325684,-0.013554595935555191,4.021156802840113
PS,XQ8zXSQ3TU9MalpHHDKTKA,5950,0.019869048968583596,5.242604593264655,1.9869048968583596,6.7965516369316585,-11.334336311527691,15.30814610524441
IPN,7464,34506,0.01977684991792106,3.6737524613934425,1.9776849917921062,1.9777098705610296,-1.898626354507512,5.853996338091724
PS,8VTNbI/+q3hQ7XElHRelQQ,13125,0.01975038090859141,3.478439751856571,1.9750380908591407,3.0362311358525993,-3.9759749354119536,7.9260511171302355
IPN,beJ1QowjYpw/wJVZIYfRPQ,16338,0.019700440648048916,1.4855914850261258,1.9700440648048916,1.1622510725425153,-0.30796803737843814,4.2480561669882215
IPN,b7YRpJ+VzNjsnJI+8U0QXA,5788,0.019624222165234927,3.5135347748691985,1.9624222165234926,4.618277181980811,-7.089401060158897,11.014245493205882
IPN,n07mlCa/dHCQWRtMBdzYuw,7110,0.01960325831267066,0.9476014893699157,1.960325831267066,1.123804933406559,-0.24233183820978965,4.1629835007439215
IPN,p/PjEh1Ta1i2KGzDoJvGfg,5142,0.019561066858409585,3.5029338517733923,1.9561066858409586,4.8850149838316534,-7.618522682469082,11.530736054151
IPN,//LshdchGSQ7pvhUnYVfUA,16353,0.019534642350992237,1.2695777203381908,1.9534642350992237,0.9927972695275751,0.007581586825176512,3.899346883373271
PS,tl3Fs+Ro2gVbc0pGsV2ELg,12577,0.019519626434338227,6.294083391890546,1.9519626434338226,5.612339860132424,-9.04822348242573,12.952148769293373
IPN,TSzJMWn8QdMnwTwEY0AGNA,9130,0.01942716300291665,1.400341153059273,1.942716300291665,1.4655426550494204,-0.9297473036051989,4.815179904188529
IPN,2Emcqas0TrVOKK1wN3OCFw,8490,0.019340400238059576,3.709452405389764,1.9340400238059576,4.025834877873278,-5.956596336825666,9.82467638443758
IPN,UXr5MnXRADM5XMaZ79gg4A,11626,0.019288879252538284,2.7481665215723776,1.9288879252538285,2.548753794696347,-3.0666695123510115,6.924445362858669
IPN,I1xa6M0FtcmXNBkQdUeRxw,8413,0.019264115358269003,1.4295819680919764,1.9264115358269003,1.5585962146558767,-1.1284370448986178,4.981260116552418
PS,qwxogvJIQPQP3HgVbUHkNw,12623,0.019239481555060844,4.289890082977655,1.9239481555060844,3.818254511537651,-5.559830687107711,9.40772699811988
IPN,sVHTKBS+DEii+FYUv4AWOw,13851,0.019145308104794548,3.294778143759324,1.9145308104794547,2.7995331325601205,-3.5725541293383816,7.401615750297291
ONG,5vXnMc8TYQpkQfsCUdEjDg,10362,0.019107677824428543,10.10492338586451,1.9107677824428544,9.926844779816127,-17.545847985996755,21.36738355088246
PS,kX0M2LQdmaCF1FIUDLrWFw,18433,0.018910738808942982,4.852222260904263,1.8910738808942982,3.5739022868749837,-5.113774601380669,8.895922363169266
PS,sUVgUtgbfVx6JpvApozwhQ,9743,0.018880734475369476,4.630894138952455,1.8880734475369476,4.691573256209102,-7.3074101346328915,11.083557029706787
PS,TV6JnkB9jylwSzzeXAh9tA,6137,0.01880967559610688,3.072019704371627,1.880967559610688,3.9214432585458074,-5.805061227139094,9.56699634636047
PS,M2c9yhhakkh9R5cTsp5ifQ,6221,0.018752678827569907,6.7683913803443705,1.8752678827569906,8.581345011211626,-14.944168339217796,18.694704104731777
ABS,wyXD1O26Buq3VWHAij37Jg,8096,0.018742191115221223,12.618860011970135,1.8742191115221223,14.024418815930595,-25.613641767701843,29.36207999074609
PTY,g6RUAO5KO4xQXajXAhhvjg,10328,0.018695251525637255,14.101417098140995,1.8695251525637255,13.875691767032519,-25.326830710820012,29.06588101594746
IPN,S1UJSeFiZP2+uyVElHtjWg,6821,0.018684944629739096,4.295129331206309,1.8684944629739095,5.200585259626639,-8.324652645894302,12.061641571842122
PTY,2uY82BZROZN4DiBKMn0GGQ,11570,0.018602600543821745,8.369790611981726,1.8602600543821746,7.7812239322965135,-13.390938852918993,17.11145896168334
PS,2HSZ0XIviHC6GRmVmIC5qg,5999,0.018595877223823404,5.528425398364858,1.8595877223823405,7.137761337769839,-12.130424499646544,15.849599944411224
PS,/Pn3Lxhv+JJzHuhJZQr/pw,10450,0.01852153173260141,6.6378567395278925,1.852153173260141,6.493363715304302,-10.874839708736289,14.579146055256572
PS,WyXhSjzcQAEwk0rHdVBzVA,11036,0.018499907876974853,7.428091057849549,1.8499907876974853,7.070845909337829,-12.00886719460466,15.708848769999632
ONG,YmUymNRUWtfbMlaNZEfjUQ,10387,0.018480696454407496,8.310570793952856,1.8480696454407495,8.154283145106811,-14.1343253189686,17.8304646098501
IPN,jfXFYbrTJq59ULFPPkruVQ,19664,0.018448093959090184,4.118212749794085,1.8448093959090184,2.936789684609825,-3.911298385926239,7.600917177744275
PTY,BhaFKCL90HmsARlL+wKpnw,8043,0.01842812670414,8.072633074327012,1.842812670414,9.001319529218335,-15.799773606853938,19.485398947681936
PS,2+4v7oAYh8rXRUgwchs1eQ,8417,0.018322741680951063,10.114937363412775,1.8322741680951062,11.025150692982598,-19.777021190150784,23.441569526341
IPN,efLSxhJvkKicayS1OA++0Q,24111,0.018282595532570646,1.3435656025842866,1.8282595532570647,0.86526924035252,0.1323318421661257,3.5241872643480034
PTY,+vdkuwkaLxj/GmwAp0oufg,31575,0.018249629964006392,12.094900096464404,1.824962996400639,6.806605899975307,-11.515984567550962,15.165910560352241
PS,tRTm9J2G8SLYQQF0AgakXQ,16598,0.018232616792198533,3.3848315233520427,1.8232616792198533,2.6272970419506807,-3.326240523003481,6.972763881443187
PS,vnmbBAJSu12Zrr/bDhKeeQ,9708,0.018137276514928725,5.887836814462596,1.8137276514928726,5.9757288203037,-9.89870083630238,13.526156139288124
PTY,QhO/LJyGDWr1cKWpdr909Q,42564,0.018103457730759373,9.17194626703015,1.8103457730759374,4.445701348975181,-6.903228870915417,10.523920417067291
PTY,fDvPOqUpXhIf2X9Y2GHhVw,11817,0.01808199941704668,10.524581319421399,1.808199941704668,9.68169083738422,-17.167914099568403,20.78431398297774
PS,e2TGQXxC2+TGDuZ/UzPLMg,42083,0.018050044906907606,3.52816885939229,1.8050044906907605,1.7198715654782846,-1.5659437776466774,5.175952759028198
PS,x8OyGqg98QkfcRHqhyZi+A,5586,0.017887573473147497,4.0767754865412105,1.7887573473147498,5.454642968140792,-8.902342870241203,12.479857564870702
PS,YU9p7uSvS8wpKm4zkASYXw,5543,0.017881561340181144,5.959613624935257,1.7881561340181145,8.004711150985106,-13.901077721912692,17.47738998994892
PTY,Obw371XMjXU27dGaEvCG0Q,14758,0.017871351760910172,9.155654241602143,1.7871351760910172,7.53660285318165,-12.984606416145017,16.55887676832705
IPN,8hF0TGGDer5natxMVTlJIw,5791,0.01761655932241844,4.2199513535793525,1.761655932241844,5.54537170471222,-9.107272608994109,12.630584473477796
ONG,miUfhd9g+LDX2bJZ8vOkkA,5003,0.01756633394540202,7.407293357607429,1.756633394540202,10.472353491871589,-18.76917944952811,22.282446238608514
PS,Wr2ngRo507uPeVuFleTeUw,15329,0.01755430925557529,5.37172830974311,1.755430925557529,4.3386750740816655,-6.748372219642536,10.259234070757595
PS,fKttBUszrFL1UsA652wJmQ,6578,0.017430830623430118,4.820057164764104,1.7430830623430118,5.942993487252988,-9.905184172672845,13.391350297358867
IPN,ELGFDxbBCKpviyKOSSb7eA,9320,0.017424410172286464,1.1984175720321453,1.7424410172286464,1.2413670459038424,-0.6906383927428847,4.175520427200178
IPN,7nnVDW+Msi9J3QORdcBBsQ,9905,0.017304392272567942,1.3720116062397767,1.7304392272567943,1.378575466071908,-0.9715686862441455,4.432447140757734
PS,32YL2ZEp8NT4JB2RVM9euQ,20424,0.017275265459306143,6.09601840077103,1.7275265459306144,4.265558164924307,-6.632967457321025,10.088020549182254
IPN,FvmklCVnlLIwJpHReYA4Dw,11709,0.01725666862414164,3.7711989946144193,1.725666862414164,3.485134525182961,-5.10519680694444,8.556530531772768
PS,qXY/0EhgGvhmOhBi5cFjYg,8630,0.017241793639983804,3.385221144388327,1.7241793639983805,3.644027510382419,-5.418114556351161,8.866473284347922
IPN,3vBP40ZuHrnFBd4WHsB68g,9533,0.017212892358980585,4.046362424007392,1.7212892358980585,4.144288516969343,-6.401516257361854,9.844094729157971
IPN,eGA8C1gtsEHrFpfWFsSmHA,17625,0.017187233681374408,3.7239716053671357,1.7187233681374408,2.805057693249307,-3.779189710631201,7.216636446906083
IPN,6OcHbWg/jRK1LGhaKtzuZg,12219,0.017181029617518117,2.4686500169179757,1.7181029617518118,2.233272362986232,-2.6591108697012036,6.095316793204827
PS,p1SafS90nb3Uft5LB0NkHw,8949,0.01714213674473608,3.76437169831775,1.714213674473608,3.9792868392626755,-6.085188530481236,9.513615879428452
PTY,4Gb4QwdXFV8r+j5Wh+rBRQ,5880,0.017140925943623393,3.4823865861831154,1.7140925943623393,4.541384969537859,-7.187021945931864,10.615207134656544
ABS,zkQeJZEJxkI1JNQ3BDLEfg,8299,0.01707448530145432,11.104657481196577,1.707448530145432,12.18967944878364,-22.1843231894705,25.599220249761363
IPN,dsEVUn6SN5DwUQOxGl7+WA,18484,0.017054371479346467,0.9812857197461905,1.7054371479346468,0.7217677929252877,0.29077227380108295,3.1201020220682105
ONG,DEUKYfouBv8Vk9cxaAQMJA,14359,0.01703577210146134,9.44291589389499,1.703577210146134,7.880323090546714,-13.741856047325424,17.149010467617693
PS,gFlD8WJ1CuYI77+gji7Geg,6910,0.017014710868772136,9.283822692241953,1.7014710868772136,11.168319092294208,-20.188434334019433,23.59137650777386
PS,gfCRdjqKCNOz9PbyeYLqMg,10364,0.01700164195234966,6.309485283600401,1.700164195234966,6.1976954220850855,-10.447318832051803,13.847647222521733
ONG,ABjbqbnS5RmWmm7K73KQvw,36304,0.01692079462851047,12.128832497641078,1.692079462851047,6.365635383647733,-10.78456588909851,14.168724814800605
PS,ler+eXXWGLIKIkrzz43eQQ,17540,0.0169095382822875,4.462672180919515,1.69095382822875,3.369614288443235,-4.91349017711999,8.29539783357749
IPN,giWK8WzSPh0Q/i/4aHiwIA,19525,0.016905121443061,2.922220678542234,1.6905121443061,2.091305542052042,-2.408446718115903,5.789471006728103
PTY,EYu7PhgaUIfcuSoYCqS7QQ,21824,0.0168412138115276,10.706870208534546,1.68412138115276,7.247619112498634,-12.521212079344561,15.889454841650082
ONG,oejdNztgJX1nj6R9M1u48g,8949,0.016784371251396688,8.992706530871981,1.6784371251396688,9.506117252885002,-16.953552690514933,20.310426940794272
PS,6XhXrnN0l1dugDlNcJGUsg,8219,0.016747779092893197,6.08959518148488,1.6747779092893198,6.717055438846774,-11.490650750850357,14.840206569428997
PS,LCE70QL5WIX956xgtoaQZA,9838,0.016711308518820335,8.347157074590497,1.6711308518820336,8.415601781939998,-14.823448640720361,18.165710344484427
PS,B7kNK+7/5ZdTI8BiNTKZ8w,7114,0.016661511377518118,3.728080034401925,1.666151137751812,4.420061344247144,-6.99716909697259,10.329471372476213
PS,Wzm4vT7kFPIkzRxJPdQyMg,19493,0.016658544024792835,5.703909563440924,1.6658544024792836,4.085387819111099,-6.34150572297847,9.673214527937036
PS,PNarIl1aNJhPka0dHTlYEg,17306,0.016599542612502023,4.607365641081257,1.6599542612502023,3.5023079470677474,-5.204569315002583,8.524477837502987
IPN,haMOwBveP44U9wPZdLPevA,7734,0.01651150732654486,0.957845932349148,1.6511507326544859,1.0891647453013267,-0.4836121681361143,3.785913633445086
PS,0Kxuz+GACHJkoyX2Z++2GQ,29333,0.016487914224632482,4.863065017697361,1.6487914224632483,2.8394343694453346,-3.916499941649607,7.214082786576104
PS,KC1sP2z7DzbENwcrGMpu4g,13239,0.016430433722502316,8.104657847383132,1.6430433722502316,7.04380126111032,-12.162807099525997,15.44889384402646
PS,a6l+vdpS+5t0VlyeTJZggA,5497,0.016406224372347573,6.755676761139227,1.6406224372347573,9.111838072121781,-16.218580184123933,19.499825058593448
PTY,2mQOMyUlljqtcQCthCuuXA,46673,0.016403430297590366,11.167939934453958,1.6403430297590367,5.169400863312828,-8.491682662334107,11.772368721852178
IPN,PEAgqvLIihbW3kP00bnj4w,12579,0.016378487660439634,1.4312384891473506,1.6378487660439633,1.2761124574533877,-0.8633316505646764,4.139029182652603
ONG,D/c2481G+yU1ayco3voqzg,9337,0.016310467042529225,10.580034924881772,1.6310467042529226,10.949226047811447,-19.82943634945751,23.091529757963357
PS,OSMG55Z/ZQBbt7fGTKOIrA,7805,0.016302371830521373,5.763315212119935,1.6302371830521374,6.523578899517949,-11.155977460003042,14.416451826107318
PS,yCJP9nHlToEXuSbvipt3Pw,11790,0.016287814337599064,7.818784509335679,1.6287814337599065,7.200826406455112,-12.484838322892113,15.742401190411925
PS,pnUWututXW1LmOgWs2haVQ,18021,0.016259977007865124,8.14076694547326,1.6259977007865123,6.064232988271127,-10.259898956224895,13.511894357797921
ABS,o8Ecn7M5v2Bco9vmGoyhDA,6291,0.016198536245816464,9.938961995058456,1.6198536245816464,12.530868928668959,-22.94064947560951,26.180356724772807
PS,nOP0iUO6o/rKV0tu2HGbXw,5203,0.0157841635886211,3.9332778688476076,1.57841635886211,5.452902288364857,-9.109272126333009,12.26610484405723
IPN,uSHPKi8zpS8XmZ+XA/3A4g,23259,0.015748097744969634,4.089759787710338,1.5748097744969634,2.6816511518944477,-3.681226483216154,6.830846032210081
PTY,E6LMD52355QTgAhhXZQ2ag,9860,0.015695637464523314,2.7305203577637895,1.5695637464523313,2.7498370639841454,-3.8201168989565932,6.959244391861256
IPN,qWw3vFfaYYFGPgsFuslwfw,13411,0.015641637398140444,1.3997554160662793,1.5641637398140444,1.2087084975516018,-0.8049049153870951,3.933232395015184
IPN,FWEaWqKgxu2os3znI9rjsQ,6435,0.01563302253509735,1.0066528070570633,1.5633022535097347,1.2548893492554207,-0.89628087103089,4.0228853780503595
PS,9U/1/wpkTjqPWSWJMRaqAw,8351,0.015611903009254366,5.353340890279934,1.5611903009254366,5.8580848448947735,-9.92065599506832,13.043036596919194
PTY,kq7HxNlM3iyDZnMMAQQ4FA,14298,0.015580988948434437,4.022409783315337,1.5580988948434438,3.363943291287182,-5.035229956079433,8.15142774576632
PS,pFtzb1sR4b0d1aw6aIRgDg,10842,0.015578996828535434,4.9437902289558435,1.5578996828535434,4.747941216170941,-7.748065100841501,10.863864466548588
IPN,xJHZKHumx1ELsX2QxmNIDA,8109,0.015559871859167665,1.3999249447871107,1.5559871859167664,1.5546087291339463,-1.4910459231857685,4.603020295019301
ABS,GUxuIilV1hpyiiD3W74Pvw,13168,0.015526749520847757,9.563197293002053,1.5526749520847756,8.333802549487299,-14.78157804491033,17.88692794907988
PS,H/xjKhRO1EogcssNNqRw/g,6686,0.01548908528295991,12.555548225869979,1.5489085282959911,15.355094528756824,-28.547076748067383,31.644893804659368
PS,SymapReK5kWE3x0xpDjLxA,19037,0.015433759360804166,3.050648876827118,1.5433759360804167,2.2110215178940504,-2.790226238991922,5.876978111152756
IPN,J10NEsz5cdu9vaAsSg9q3w,15026,0.015391488089854051,1.0654539713091247,1.539148808985405,0.8691865558399483,-0.16445684046089348,3.242754458431704
PTY,/D8x6PTRypuOWrlNcuDgmg,12479,0.01537040405985025,7.791609218948375,1.5370404059850251,6.974888516236546,-12.133741085838606,15.207821897808655
IPN,6SJ9fS1qt6h0+AMmywJ17w,7518,0.015354216796472118,2.3669761231804936,1.5354216796472118,2.7298747172613522,-3.8151327661850383,6.885976125479462
IPN,t1fo5g/kV6are8nST6IsDw,8994,0.015345896724491404,3.5601405504487493,1.5345896724491404,3.7539691749295785,-5.823189910412833,8.892369255311113
PS,swUahCgAoWoCUTulUI8KfQ,5706,0.015311515216623906,5.987081722712026,1.5311515216623905,7.9259130301455345,-14.003638017422857,17.065941060747637
IPN,Y5Oc57p7oGvHW0R36O9bPw,6698,0.015297352128614059,3.6133269408933857,1.529735212861406,4.415040456911911,-7.12374408268594,10.183214508408751
PS,+LzYaTgkqrUdrzfyqRMV0A,5879,0.015258546604334974,4.810745357332632,1.5258546604334975,6.274232952144368,-10.771641925769465,13.82335124663646
IPN,teyEXxkAQnopvwQ67E8VkQ,7477,0.015167578506775841,4.439252106813321,1.516757850677584,5.13388479886866,-8.54565635510499,11.579172056460157
IPN,EjTjlTyCbwLy8UJHJ7kF6w,5610,0.015069697034975212,2.3759763498450828,1.5069697034975211,3.172200891148357,-4.710544043153258,7.724483450148301
ABS,hJtrp1MQVtWcUGPp/FmLGA,9504,0.015033318819509513,10.88104918450147,1.5033318819509514,11.161371396164485,-20.37295605453144,23.379619818433344
PS,4oA316mXLIui1QY63GXBUg,7374,0.015015593673079065,4.474107409236982,1.5015593673079066,5.21020533553572,-8.710443090342105,11.71356182495792
IPN,Fqi0MRuL3oCkZJ1o3ttFlg,8637,0.014993632489834118,1.4707736676031282,1.4993632489834117,1.5825753100308897,-1.6024843586771322,4.601210856643956
PS,PafL1y/jaUBPA6WAtmSXIA,5440,0.01483823468853884,2.605949352959381,1.4838234688538838,3.533186163685684,-5.441221411970056,8.408868349677824
IPN,XiEv+3Mb5nGsGymuDNtQLw,8953,0.014829322211398608,4.058621733383579,1.4829322211398608,4.289377648403796,-6.924247969731581,9.890112412011302
IPN,c5kyjZuZpWXDWpc/XbwDYA,9555,0.01468079715171826,4.006819217765174,1.4680797151718261,4.099061199183838,-6.566080235228497,9.502239665572148
PTY,SjwYQ4ybm++wvuLXJijoNA,9953,0.014656450057111806,7.789241466198883,1.4656450057111807,7.807610961536675,-13.837272478900701,16.768562490323063
PS,342gZYfwWuuNOnZaoysV6A,11226,0.014655933513475487,4.9652042638652185,1.4655933513475488,4.686240798923926,-7.719438614543346,10.650625317238443
PS,zc/gIhsEZnyah1ixpbVpig,25173,0.014615594185464043,5.109627414437885,1.4615594185464043,3.2204884456579017,-4.8505979349430834,7.7737167720358915
PS,h8z29TrM4NiMrThJvMDjZw,15726,0.014562455589278848,8.342090513236466,1.4562455589278849,6.652207109263728,-11.58208037522902,14.49457149308479
PTY,9+/Nzw2LIiz07TiKCXCBaQ,23015,0.014553637897452919,8.82341320732084,1.4553637897452918,5.816090135598183,-9.944172876027148,12.85490045551773
PS,FlNJhudA1EKuUEJICI0zTA,5149,0.014517381483431024,6.8428661242995314,1.4517381483431024,9.536227374620756,-17.239267505913578,20.142743802599785
IPN,JHjUWM3PV/L0omLi3a1oZA,12486,0.014494434669768984,3.5595818993758,1.4494434669768983,3.185571259075412,-4.794276200810909,7.693163134764706
PS,yhvAhvReQW6YqklGGL4PHw,7656,0.014357365227947663,5.757539679874667,1.4357365227947663,6.580152780370995,-11.461362926732384,14.332835972321917
PS,JVcpIHfFuT/UvnMftfsKaA,5390,0.014320035947137728,3.6004373042987323,1.4320035947137728,4.9041175351044135,-8.180066774090877,11.044073963518423
PS,zEUjAx7BBde08aO9NNDRhA,6851,0.014272188468451675,6.344715312851427,1.4272188468451674,7.665405894508135,-13.596976706390777,16.451414400081113
IPN,tJrq6dYzllwq3qR3CZsYFA,5373,0.014185899643620232,3.611930255013322,1.4185899643620232,4.927548815525707,-8.239405714068361,11.07658564279241
IPN,2t5/wNXg/CG6M/rlB4B3SA,12212,0.014098101294005539,1.953664617223951,1.4098101294005538,1.767895593219075,-2.055265233308833,4.87488549210994
PS,03UrtxUIauAlkv4Tg+ghWw,5885,0.014046727355091675,6.046735701396216,1.4046727355091675,7.882205488871838,-14.044450022679634,16.85379549369797
IPN,q4WkiAJBaAsRGar4rY5cDw,20149,0.014026990794231474,1.2605030822286944,1.4026990794231473,0.8880085831723702,-0.33779774359469816,3.1431959024409926
ONG,A1ZL8KK91obTKkXsFrUX2w,11341,0.013973709503966406,13.78042457661166,1.3973709503966405,12.940078865572916,-23.965183626126272,26.759925526919556
PS,VuI6AavTXRs8iNHVvUIGIw,12660,0.013941713685308117,10.11984664324295,1.3941713685308117,8.994086879808572,-16.23423891589399,19.022581652955616
IPN,wrOLNFACJ0+CjVvjwisQCw,11346,0.013838445375399806,1.0764145657687056,1.3838445375399806,1.0105508606459437,-0.5968351493260691,3.36452422440603
IPN,sBOL3ZJ2vs4kWLfTUsUldA,15540,0.013804085903646403,3.6244190497681603,1.3804085903646404,2.90745430011994,-4.318201837870442,7.079019018599723
PS,tG5HsY4agxyvMRQEo16OsQ,6550,0.013726718015684427,5.335977457975915,1.3726718015684427,6.5931557656148,-11.549913499036567,14.295257102173451
PS,2ICLRCXYvpC6gqkB3kYLsw,9621,0.013667844058557603,6.401834490779733,1.3667844058557603,6.526710277020043,-11.425567737103524,14.159136548815045
IPN,aTcFDxQ8u1+wrVo2p6cM3A,8129,0.013657891613954047,1.4548262796434595,1.3657891613954047,1.6135877036373314,-1.7968427377337648,4.5284210605245745
ONG,E9Rr8D5ZsaNBUoRNj4V8iA,7439,0.013633664258226045,9.342457029300746,1.3633664258226046,10.831879739506393,-19.867117863609923,22.593850715255133
IPN,SXG1JdiP3a5QKPOsVJtq2g,6221,0.013608342465662992,3.662403879519605,1.3608342465662993,4.643400402616583,-7.740230542562204,10.461899035694803
PS,edC9qALiK8YAJuJdNNdOYg,6989,0.013531263757244952,7.885661092900363,1.3531263757244953,9.432581970032388,-17.134734285538983,19.840987036987976
ABS,r1lWTPmcUn2NS8irw1w8Dg,10408,0.013449511010068069,10.913642137131767,1.344951101006807,10.697592913202698,-19.622331008870482,22.312233210884095
PS,Ag3FNLrQOK1/sPy9AzBN6A,18285,0.013320481175969852,3.817422539159866,1.3320481175969852,2.8230771771986474,-4.201183149712364,6.865279384906334
ABS,1Nc5jFlPmhI8+l7iyrLXZw,9425,0.013141228756237409,3.8681831347229148,1.3141228756237409,3.9844313418657653,-6.495362554433159,9.12360830568064
PS,LIlmNZHYOg7Fu7lPGLUFkA,6348,0.013132223363838992,8.718874861928724,1.3132223363838993,10.943140757750454,-20.13533354880699,22.761778221574787
IPN,/6RfRRE5VPBY/DwpmYL7Iw,7169,0.013131539132209614,3.4268892354462963,1.3131539132209613,4.0473501389065785,-6.619652359035932,9.245960185477855
PTY,KPPTxiq39cgQVGhQ+KzQSg,6937,0.01303062858525865,10.282738231580579,1.303062858525865,12.345905057423257,-22.89491105402372,25.50103677107545
PS,CMRlr0XU/vGstBgmgpre7Q,8686,0.013014619720526316,9.311018573948097,1.3014619720526315,9.990501296030619,-18.27992056816738,20.882844512272644
IPN,K71czjiGgKSKa1A1LlaQDg,7713,0.012855567697821525,4.288811859444732,1.2855567697821524,4.883434077374652,-8.285974021872166,10.85708756143647
PTY,jt5f30jHMSXsSfVxsa0nhQ,12966,0.012769627098391155,6.748330820646543,1.2769627098391154,5.926432687534956,-10.338845357729399,12.892770777407629
PS,5Vb1sOP/r7Xyukv9zMOeww,8639,0.012763629814398374,3.6517100325477543,1.2763629814398374,3.9288418537890575,-6.424167051986715,8.97689301486639
PS,NNL871pMaBZBhGCmxHOI+Q,8240,0.012714805504424696,4.152820339191491,1.2714805504424695,4.574878210698239,-7.695280742526079,10.238241843411018
PTY,4MOpHshG+VWoxxJJmczLjQ,27408,0.012664090479374524,9.257761587855166,1.2664090479374523,5.592002018926011,-9.69391490915753,12.226733005032434
PTY,9KjEhgrl1K6DyFWYr4NrnQ,30841,0.012663447884153344,11.175245833905077,1.2663447884153345,6.363453279793468,-11.206023639979863,13.738713216810533
PTY,00btqMylQyf4GPu1N1yoDw,8726,0.012637206479828482,11.012233967875712,1.2637206479828482,11.788751838499952,-21.84223295547706,24.369674251442753
IPN,xA6jNgHuncpHDavi95Sy5Q,11015,0.012482795962083897,3.8353603010084845,1.2482795962083897,3.654381788181416,-5.9143087086271855,8.410867901043964
PTY,gF/YbsRXrvhpsHdu2OHoLQ,7602,0.012458695220655397,7.914762696878053,1.2458695220655398,9.077661112054956,-16.546346257562174,19.038085301693254
ONG,LZSUPRoEojRNz4AnGpsBCA,31596,0.012436989849052001,11.971824862955087,1.2436989849052,6.735103938549722,-11.957104734652255,14.444502704462653
IPN,wphzJjMw6ukJ3rWpua6K1w,8123,0.012391173529915514,1.346577383675743,1.2391173529915513,1.4940773756785,-1.6892743033383084,4.167509009321411
IPN,WrcgVJotoWe5p7+ODVlVug,12024,0.01239051119097851,2.7733613767588463,1.239051119097851,2.529193047226952,-3.7181672534669743,6.196269491662676
PS,Z/W2Fkn/0FkBQk7IfBqsNA,9491,0.01237646120279233,6.853295489018984,1.237646120279233,7.034665811879452,-12.550298871004493,15.02559111156296
PS,agLxFcIT8f74GR9OE9whJg,5484,0.012328139001219639,6.87583923873384,1.232813900121964,9.284894876135636,-16.96558005710388,19.43120785734781
PS,jmNPNezCl4WX1550rRo6rg,7253,0.012319960037813127,6.805057157827728,1.2319960037813127,7.990481284020754,-14.429347312899367,16.89333932046199
IPN,dl6r/BdKL9cwuazjcAxw1g,21345,0.012272800078965038,2.3801163766059843,1.2272800078965038,1.629108887617754,-1.9657734118342938,4.420333427627302
IPN,4BqkVydhX8HfZb0Pdhsj/g,13011,0.012254438817331568,1.124918527457191,1.2254438817331568,0.986201664632387,-0.7075113809463218,3.1583991444126354
ONG,SSUZj7JLIfMdjh/6rZmTMw,6695,0.012247198565269781,9.928278042589795,1.2247198565269781,12.133850519953816,-22.557627162582502,25.007066875636458
PS,kKk4K4eFDju6xKjKPQqe4w,6471,0.012195178151149098,7.121874996178584,1.2195178151149098,8.853370654060296,-16.13308866684327,18.57212429707309
ONG,+3rljnVZSTwD+iMcDqLLGQ,8347,0.012157361296600134,9.937552357431503,1.2157361296600133,10.877127594375082,-20.103433955315147,22.53490621463517
PS,9JQBrkjgJTCKA0uy1WvohA,14773,0.011976579591659124,6.302342452229753,1.1976579591659124,5.185225509629777,-8.96538403970845,11.360699958040275
PS,FYepjhAvF8ZdVCmqHIy+eQ,7749,0.011821739534477385,5.622331023135032,1.1821739534477385,6.386950955933054,-11.336249920181046,13.700597827076525
ONG,peYPt3dA0AGjmtRdf6bDMw,13032,0.011810544726883043,11.125956134695533,1.1810544726883043,9.746121196910854,-17.921343073256967,20.28345201863358
PTY,eXG0H7j0Zc6crUnvgxM4Bw,9191,0.011800019780220307,6.26279295573212,1.1800019780220308,6.532609097395568,-11.623911852873283,13.983915808917343
PTY,QrZFijj0/rlE5cdqSPVdYg,16568,0.011780792237036847,12.837097311033009,1.1780792237036848,9.973137125870501,-18.3692695430025,20.725427990409866
PS,ctnzu86aHlNXJCC9bXrN/Q,5170,0.011723407353607784,12.572913315088027,1.1723407353607784,17.486007073727063,-33.100233129144264,35.44491459986582
PS,1S/fpm+f42V/6MNZre+ccg,10258,0.011685676334527854,5.15660739351741,1.1685676334527855,5.091347261185558,-8.81047299847091,11.14760826537648
IPN,9atTRtWarEBu2PfthfzOcA,9085,0.011639075457688932,1.4963857808947993,1.1639075457688932,1.5699329584289983,-1.9131610527519434,4.24097614428973
PS,qqcNWfk/iEbzh0Qyizbu4w,9219,0.011609176384134166,5.059544361325036,1.1609176384134166,5.269501113302449,-9.167304543659384,11.489139820486216
IPN,f+hfCzn5ubpIDxX6BWzGIQ,8464,0.01140418220557878,1.0444209622369272,1.1404182205578781,1.135240176344486,-1.0846525250773142,3.3654889661930705
ONG,CDDG4VLvkeqB48NI40e6Xg,29669,0.011341018482277795,10.1331092942536,1.1341018482277796,5.882897378821862,-10.39637701426307,12.664580710718628
ONG,fCwc04f7N2z7uf/IpfK9Bw,6269,0.011318256629580116,6.919681680995881,1.1318256629580117,8.739507946599966,-15.997609912377921,18.261261238293944
IPN,lIxtGHJ+hF809UQWTCJYIQ,15327,0.011220763440062764,1.49129523818111,1.1220763440062764,1.2045783476022922,-1.2388972172942163,3.4830499053067694
PTY,d4Yi8du6gOoNSTsWTJ+0DQ,20835,0.011210154079728656,11.014314197295684,1.1210154079728656,7.63063550078157,-13.83503017355901,16.07706098950474
IPN,j4uo1lpv4OTXswKNGb8YOQ,9222,0.01112177344315793,1.3425045622461256,1.112177344315793,1.3979872524082497,-1.6278776704043765,3.8522323590359626
PS,5iPk5MyO3KVu18Y8XCYfFQ,29192,0.01112038413867677,5.220943006932758,1.112038413867677,3.0557444186858014,-4.877220646756493,7.101297474491847
PS,XemfE7zV1O4OHXGTMog0VA,12481,0.011118235393514543,9.095358800360644,1.1118235393514542,8.141325983694111,-14.845175388689004,17.06882246739191
PS,1Clf3cPrqoy/YgvWdWK1Xw,23081,0.011107620383965835,3.089577590411901,1.1107620383965835,2.033629325431457,-2.8751514394490716,5.096675516242239
PS,yG5ZowkZukkPeGTam+Nipg,16351,0.011074246762820606,6.1310163541384055,1.1074246762820605,4.794687594890722,-8.290163009703754,10.505012362267877
IPN,khiVtWrh8rP84X0Wp5CXnQ,14434,0.010990785828947575,1.2054608944636567,1.0990785828947576,1.003366913380261,-0.8675205673305539,3.065677733120069
IPN,4f4bO1sqJKosNtyP52IZrQ,11446,0.010984011542520052,4.00705460645143,1.0984011542520051,3.7454015861199945,-6.242585954543184,8.439388263047194
IPN,sSbwDgfD2qAcZoapEmUAGA,7507,0.010965499433931854,3.4391869259096715,1.0965499433931853,3.9693790500644397,-6.683432994733116,8.876532881519488
PS,Se+NwHL7giqsQqAhsGL/4g,6201,0.010920010020494114,4.813336018093931,1.0920010020494115,6.112449936289205,-10.88840087307743,13.072402877176252
IPN,ioZRaQIg2XLIo3Qvgg6Kqg,22250,0.010898502226625936,4.477946153603984,1.0898502226625937,3.0020219219776654,-4.7941127444136304,6.973813189738817
IPN,1vRq5wXBc4B+qF7OILu8DQ,24255,0.010831416063617367,1.0308390194744945,1.0831416063617367,0.6618966906204261,-0.21417590725429836,2.380459119977772
PTY,B1bjgdtaWjzGz54RWSNhmg,24362,0.010820786111248253,13.608456164090665,1.0820786111248253,8.718713147027108,-16.006599157048306,18.170756379297956
IPN,XaITfy3O1hHuFIo8FzBE4A,39779,0.010800296767792037,3.2986517701981657,1.0800296767792037,1.6539011152195378,-2.1616165090510906,4.3216758626094975
IPN,pljY+wJMnlvbS9o50j2QXQ,7296,0.010730309428222347,3.529210458883397,1.0730309428222347,4.131760552344886,-7.025219739773742,9.17128162541821
IPN,ooUXKPwqdJ1yaFsVRW8RXg,8925,0.010646592669126367,3.1488494249482506,1.0646592669126367,3.3330956835726906,-5.468208272889837,7.59752680671511
IPN,ou8rIwa9Bcf8rH7QWFFGPA,6599,0.010605394000229574,3.4871010891577017,1.0605394000229573,4.292649935672611,-7.3530544738953605,9.474133273941275
PS,rbm66QZc/aD9xQblkCKKCQ,6650,0.0105540111504103,4.060453253228245,1.05540111504103,4.979247251387894,-8.70392349767924,10.814725727761301
PTY,NSd8+rm9GN69sPonQAl0uA,10872,0.010509471672349297,8.487704014811172,1.0509471672349298,8.140208042704755,-14.90386059646639,17.00575493093625
PS,yk820gwoMia8vAL/XXnXzQ,13991,0.010500442324795075,5.635067548698294,1.0500442324795074,4.764032856920717,-8.287460167085097,10.387548632044112
PS,soywcJBzyY5PTU4nLj+FHA,8645,0.010459804024704623,5.420412600391886,1.0459804024704624,5.829748876145603,-10.380327394774918,12.472288199715843
PS,NP4LwAgZ2mtU58Ehl4J7Gg,6315,0.010373712282683863,4.993385901495,1.0373712282683862,6.2835988751535234,-11.278482567032519,13.35322502356929
IPN,p+eilh4HKZVE0+dWNk6s3w,12367,0.010370340730548822,1.0347647144390943,1.0370340730548822,0.9304851156984094,-0.7867167537140003,2.8607848998237646
PS,TFibRKOm2g8x1wk/3LyBeA,6358,0.010362796642451063,4.464065682985676,1.0362796642451064,5.598482361594373,-9.936745764479863,12.009305092970077
PS,4To1HTt7sFSQTZCsdFO8aQ,7403,0.010282317839193535,6.0350365370115036,1.0282317839193535,7.014165825303813,-12.719533233676119,14.775996801514827
PS,q6nf2HG8Xq6k2obV2rcLJw,5153,0.010269905010543007,8.19953947574572,1.0269905010543008,11.42245326570624,-21.36101789972993,23.41499890183853
ONG,QS8ZSYULG/UiBJmINjBP7w,6929,0.010241735687347387,12.305004325351035,1.0241735687347386,14.782452427274157,-27.949433188722608,29.997780326192085
PTY,6fIy5JGVyAeSxu+yQnaBxA,12659,0.010222648148081277,10.712332396159947,1.0222648148081277,9.521038912739277,-17.638971454160853,19.68350108377711
ABS,w86SPYa8vXgIWrTaebkjjw,5905,0.01017535978093882,6.129387402977973,1.017535978093882,7.976403593464546,-14.616215065096629,16.651287021284393
IPN,LoZOkKhV9uDmJa6MzQDiRw,9806,0.010121252946213705,1.3790947784741143,1.0121252946213706,1.3926698373872943,-1.7175075866577263,3.7417581759004674
PS,bI/gFObq7vmvWPzaBI6lyA,5945,0.010063081090882909,9.385045205332478,1.0063081090882908,12.171957838480889,-22.85072925433425,24.863345472510833
IPN,oVUvFKRVUokUnESDnm103A,17881,0.010040731092979628,3.7245722878161294,1.004073109297963,2.7853546867566696,-4.45522207674511,6.463368295341035
IPN,UT1TDut+b3KZNzG3PZR57A,15144,0.010015187908024997,1.2538933418193665,1.0015187908024998,1.0189204900489341,-0.995565369693411,2.9986029512984107
IPN,SvAGVv1DE0Bt3smTqdPwVg,10260,0.009936647817172966,1.2372501930297053,0.9936647817172967,1.2214729389139438,-1.4004221785540332,3.3877517419886263
PTY,XyZTROu0QU9dbpUeBggKbA,5924,0.009861749452887798,8.639996244553119,0.9861749452887798,11.225508647968901,-21.015822004730264,22.988171895307826
IPN,KwtcH9CV9Wmt0UWdeq5AWA,24471,0.00982798104058015,1.250251667090795,0.9827981040580149,0.7992296439754509,-0.5836919981338689,2.5492882062498987
IPN,Uuo8epT1E/ERJw5PeQxPgg,5763,0.009815851309513355,2.925207448993427,0.9815851309513355,3.853295904529211,-6.570874841925917,8.53404510382859
PTY,EUiGqvTTz5OegwzJxQsH6w,6188,0.009776985279387362,7.313507113454705,0.9776985279387362,9.297164936374816,-17.244744747355906,19.200141803233375
IPN,O5aDQQFCf+Ojqrhc19CyxQ,9276,0.009745903843278872,3.588954001615124,0.9745903843278872,3.7263832768678427,-6.329120838333084,8.278301606988858
PTY,K6zoXoLV3a4HRg+D3jZk/Q,6776,0.00956651117155656,6.171161528696994,0.956651117155656,7.496874064553338,-13.737222049368885,15.650524283680198
PTY,jSyxpsLbjWSQhorPG2QK7Q,8758,0.009559832848514915,9.188526095575503,0.9559832848514915,9.818460169118632,-18.288198646621026,20.20016521632401
PS,VLI7wK0GstC5LmENxxsa0A,7532,0.009469098980903064,7.568029144963853,0.9469098980903065,8.720223984792932,-16.14472911210384,18.038548908284454
IPN,hEHVMdEOknstY0I1IRMzgw,8284,0.009419664200925989,0.9915887240231483,0.9419664200925989,1.0894606141370977,-1.1933763836161129,3.0773092238013104
IPN,x00obe7yQR/RQJQD4U+Rjg,8807,0.009183319023468443,3.586398600402074,0.9183319023468443,3.8215941036551495,-6.571992540817249,8.408656345510938
IPN,SwZYp3TQQISzYLRZ/xwYCg,28635,0.009106069000807652,3.922653128581644,0.9106069000807652,2.3180954387448143,-3.632860159859071,5.454073960020601
IPN,F2fdzo7tof5cXqKCHkBrFg,20477,0.009100038488203354,3.6047776388485246,0.9100038488203354,2.519099462436308,-4.027431097554828,5.847438795195499
ABS,2l7GVs6mT5Vfpq4PoS1Lnw,6465,0.009064065280665008,10.343981987638866,0.9064065280665008,12.864813391765368,-24.30862771979362,26.121440775926622
PS,VAQCfPv9P5FrObtwCp13dw,17245,0.009054217006493804,7.171390062215899,0.9054217006493803,5.460994582417772,-9.798127680889452,11.608971082188214
IPN,uPBFKQb94dvi1lHPsK6NmQ,5477,0.008919421503834204,3.4478465219101,0.8919421503834204,4.658826690125356,-8.23935816226228,10.023242463029119
PS,NJDwlP6R0zL8V2Bdvj9eoQ,15765,0.00882127983533992,7.2417551968541805,0.882127983533992,5.767622828603803,-10.422412760529461,12.186668727597446
PTY,D9pR8BPwyopZ2gnp5H7fYg,6393,0.008813935631078192,11.03933698900943,0.8813935631078191,13.806723854103446,-26.179785190934936,27.94257231715057
IPN,sGMxchFlLfIxIn6SN1GV6g,36097,0.008800421090827086,1.5491498242049677,0.8800421090827086,0.8153758933281261,-0.7180946418404186,2.478178860005836
PTY,hA6eqr2/xcwcxaxlkESK1w,21060,0.008635295458413936,11.621120634646038,0.8635295458413936,8.007903408597196,-14.831961135009111,16.5590202266919
IPN,SrG5BWuWSL/QE+lIDyF+Qw,19583,0.008592486819822588,1.487669815746275,0.8592486819822588,1.0630824276180122,-1.2243928761490452,2.9428902401135626
FTP,EPGO4CYY4NKW0Fh21sskrA,11943,0.008575386483695432,10.491032627387353,0.8575386483695432,9.599785331621629,-17.958040601608847,19.673117898347936
PTY,Ax9nY7jwU6OQ2GzlwCdC3w,12286,0.008558010540559376,6.2517458484757125,0.8558010540559376,5.640220190539051,-10.199030519400603,11.910632627512479
PS,Og4L2v/NgZY5b3anHMM+GQ,10384,0.008555472020177495,5.1280827142345204,0.8555472020177495,5.0323713578273015,-9.007900659323761,10.71899506335926
PS,icL5xJNc0M2kgfi90gRjfQ,5707,0.008500087307806877,6.69177947669565,0.8500087307806877,8.858040964155977,-16.511751558965027,18.2117690205264
PS,BmQRoypbz7fYfXN8XZWGrA,10874,0.008495033594115223,8.878145218805857,0.8495033594115223,8.513881087158373,-15.837703571418887,17.53671029024193
IPN,K0TBWpW7P2gKdLqEpzl94g,5949,0.008451448366168688,3.1990836142396724,0.8451448366168688,4.147664379280797,-7.284277346773494,8.974567020007232
FTP,1JaAw5P5GeL8wDnmazTYfA,6922,0.008433864576533777,5.546472600553112,0.8433864576533776,6.666548982614584,-12.223049548271208,13.909822463577962
PTY,LtF4Yey2NBU082DUx3q5lw,6658,0.008364997170787203,10.590236509500127,0.8364997170787203,12.978776800304637,-24.601902811518368,26.274902245675808
IPN,Th+XsdwLOBhZVPqXBjrRTw,6776,0.00834489412333073,3.769025630808771,0.8344894123330729,4.578702140407777,-8.13976678286617,9.808745607532314
PS,vbsJNEaSyMLPiLvbEq6ZvA,28088,0.008341996048157226,4.587084951864389,0.8341996048157225,2.7370099424034113,-4.530339882294963,6.1987390919264085
PS,QmRKT4LUUtCtIWj1szYWRw,8973,0.008341690969018118,4.744018599969881,0.8341690969018118,5.0081525508343505,-8.981809902733515,10.650148096537139
IPN,mKUz9uiKC7wQfxeWzGHCEA,8220,0.008340025383190517,2.965620983289427,0.8340025383190517,3.2709939218302293,-5.577145548468198,7.245150625106301
FTP,4YtoARF1A+6a+XmneBB2LA,10915,0.008320354345027208,5.0143839340751,0.8320354345027209,4.799607389492993,-8.575195048903545,10.239265917908988
PS,W6tExOcYX7qiy6Qdp+ZwFA,12194,0.008276063890213339,5.812823238955858,0.8276063890213339,5.2639774653990195,-9.489789443160744,11.145002221203411
ONG,vlyGLj4Fp14gJKxFuT/tRA,14533,0.008271448191149978,10.937205197703776,0.8271448191149978,9.072536485473282,-16.955026692412634,18.60931633064263
IPN,kOMlIhTEFGelOH+GCxEK3Q,11971,0.00814259387867043,1.4089329483080935,0.814259387867043,1.2877308790390902,-1.7096931350495737,3.3382119107836594
PS,vbFe6N+1Wg6xUK+hg7AY5Q,10422,0.008135674744015164,3.408858332012009,0.8135674744015164,3.3391306994753234,-5.731128696570117,7.35826364537315
PTY,LE7pk63fNZinFFwgoDZGgw,6919,0.00809943356661201,7.296596348077308,0.8099433566612011,8.772000670350128,-16.383177957225048,18.00306467054745
PS,OKe6Nzu122G+VYns4PiTvg,8549,0.008010805447989284,6.186086303211367,0.8010805447989284,6.69049601081421,-12.312291636396925,13.914452725994781
PS,29GxuRkucclFEc1GMSrGsg,5757,0.007911672359806434,5.7837852283626745,0.7911672359806434,7.622791535032713,-14.149504172683473,15.731838644644759
IPN,ruQ9c4kOqipoAa20eYKmUA,5968,0.007887316093687717,1.3528617966656435,0.7887316093687717,1.751213214502959,-2.643646291057028,4.221109509794571
IPN,06JnJDQBJN71Ol/y39e4GQ,9163,0.00785878029086113,3.996865152885139,0.7858780290861129,4.175424670370814,-7.397954324840683,8.96971038301291
IPN,Kc4JtqSEss5X9CId4bo3rw,6520,0.00783934161706936,1.4156821177852417,0.7839341617069361,1.7532423331816644,-2.652420811329126,4.220289134742998
IPN,ue4k+YPyoGgqBecXn/rjPg,13068,0.007818717811681971,1.2602114259780035,0.7818717811681971,1.102399100036731,-1.3788304549037957,2.9425740172401897
ONG,fCDzlmdmDMXPEl8PrGIiKQ,15159,0.007765544105491472,10.800765141867831,0.7765544105491472,8.772416561840094,-16.417382050657437,17.97049087175573
IPN,hBHbr4XP+tgM/lW/v35Cqw,6962,0.007653404467066825,3.960339763297456,0.7653404467066826,4.746412038017555,-8.537627147807724,10.068308041221089
PS,zD2ky4P+V76RboNM+PyaKg,11636,0.0076064222193575675,9.27398054876301,0.7606422219357567,8.597344398942086,-16.09015279999073,17.611437243862245
PS,YDM/EP4zhDovnzKWf5DC6Q,6625,0.007590945601744472,10.75307638645738,0.7590945601744472,13.211124630286477,-25.134709715187046,26.65289883553594
PTY,2eyeV0tkavV3E5IjTmNbSA,13880,0.0075502872873655915,8.421809640397012,0.7550287287365591,7.148430311720909,-13.255894682236423,14.76595213970954
PTY,l8Tt/uERhyw6t4Zh/Q94Dg,10896,0.007383808019405529,3.6371298117281703,0.7383808019405529,3.4843779305001794,-6.090999941839799,7.567761545720904
PS,YMz2gDkWSB1WAWJOJMP0QQ,7719,0.00734766883999283,8.558204858124782,0.734766883999283,9.740968916998774,-18.357532193318317,19.82706596131688
PTY,mAedezX0LqY86bm0QrdWYw,7096,0.007332578452100311,4.465224410282242,0.7332578452100311,5.300739806349416,-9.656192175234823,11.122707865654887
PS,4TdOUUnq1ufKJT6talDbXg,12797,0.007320142460619741,7.08071251076295,0.7320142460619741,6.259258339811784,-11.536132099969123,13.00016059209307
ONG,FClBelIURjKPueaMiQcSqA,9875,0.007256245668836032,10.16493616997407,0.7256245668836032,10.229068895580316,-19.323350468453814,20.77459960222102
IPN,z65bFfPwfkb7FwxNeS64pA,35411,0.007212956954016896,1.4798492903705032,0.7212956954016896,0.7864088511696419,-0.8200656528908086,2.2626570436941877
IPN,bGaz/d2Qd41SqMs4K+6mRg,29665,0.007205410616887715,1.961143286922341,0.7205410616887715,1.1386418693059344,-1.5111970021508598,2.9522791255284027
PS,pewfdIsUjzhWzVfouvXt6w,7405,0.007195139517611462,9.332508521126028,0.7195139517611462,10.845157505505863,-20.536994759030346,21.97602266255264
PS,MJBiQosGCL1pBUHZfs7qPw,5839,0.00716646716169634,6.112932892253758,0.7166467161696339,7.999823228180342,-14.963006811063837,16.396300243403104
PS,jKFD2kbzm6gOXwzQqaHEkA,9212,0.007152084419701962,3.1805224319672596,0.7152084419701962,3.3137634106983374,-5.779767842998545,7.210184726938937
IPN,5ZIb/NqRAcUVLth4nQ3M7Q,5310,0.007147080929714856,3.69854822925503,0.7147080929714856,5.075560697297405,-9.233390873731427,10.6628070596744
IPN,rLAIMIJLmlzMzuK9nRXSAg,31152,0.0071415951007687255,2.3812238465020297,0.7141595100768725,1.3491407373044109,-1.9301563350397728,3.3584753551935176
ONG,MGIIoLgzIXq0qDm6LXIwsg,24965,0.007134087830513339,7.703262893970314,0.7134087830513339,4.875385196945365,-8.842346202961583,10.26916376906425
IPN,o7G+QOCNqArVEWcPFC8jZg,10294,0.006852859903683541,4.20906371023804,0.6852859903683541,4.148522190808959,-7.445817503617206,8.816389484353914
ONG,sTrldYOeC68ej+dyPDQ59w,7231,0.006842242582938002,8.750764549543407,0.6842242582938002,10.290745030149354,-19.485636000798934,20.854084517386532
PS,f84S5VzcBozzLoebqPQ3vg,5493,0.006781357218610249,6.5567153198198795,0.6781357218610249,8.84670464722125,-16.661405386692625,18.017676830414675
PS,+sbyWwIcFp9kP0bDtMegfQ,12455,0.006778000019392016,5.757303484113329,0.6778000019392016,5.158782964671269,-9.433414608816484,10.789014612694888
IPN,Ahln8vDW4Yi34kJnaCnDpA,5933,0.006624979111269435,3.8177025936645688,0.6624979111269436,4.956383686151682,-9.052014113730353,10.377009935984239
ONG,D5OweSWinIZaEnAEkNGhOw,27814,0.006581892439495645,10.498005896138682,0.6581892439495646,6.294700729886919,-11.679424186628795,12.995802674527924
IPN,WB3bur0h5eT6ctj7wa6HmQ,19705,0.006470736553450582,5.388238641223676,0.6470736553450582,3.838473993095977,-6.876335371123057,8.170482681813173
IPN,2W9+fU8vtdBt48MLJSXKnw,11827,0.006404836613055244,1.3249140371075858,0.6404836613055245,1.2182892243829755,-1.7473632184851076,3.0283305410961567
PTY,fSEAXfTRTyt4pUwcwPqv8g,7181,0.006392772191591523,8.977806154797493,0.6392772191591523,10.594434021796273,-20.125813463561542,21.404367901879844
PS,9FUxRmLeRFFRFZRik8WFvQ,6948,0.0063154866552183045,6.0531728920525625,0.6315486655218304,7.261948649507436,-13.601870687512744,14.864968018556404
PS,r3TTiwk1eQjKXAgmD0Z68w,5961,0.0062464381346435,8.0542322743584,0.62464381346435,10.4319281950652,-19.821935448863442,21.07122307579214
PS,B+gzgJJ8HnFg0yXJLPXEhA,15462,0.006194648594786912,8.37228113567152,0.6194648594786912,6.733036499502693,-12.577286679546585,13.816216398503968
IPN,+6eAdL7zGhlspm4FcmIvbA,9762,0.006182135067326054,0.9736429299712903,0.6182135067326053,0.9854402863505167,-1.3132494545144073,2.549676467979618
PS,EC949jp23NAuKO4X7uC1Og,6667,0.0061365685417177586,3.5011593298331585,0.6136568541717758,4.287919736484504,-7.790665829337852,9.017979537681404
PS,oIu3a/zPd0hrst16srRV3A,6452,0.005946992406297084,3.5404308879762283,0.5946992406297085,4.40766868081518,-8.044331373768046,9.233729855027462
PTY,waSyGmPi6aeI0TTGcLT7eg,5946,0.0059289355250748965,9.837254634761026,0.5928935525074897,12.75737908316291,-24.41156945049181,25.597356555506792
FTP,i9qtu8LPTtQXuDCPW+b7pg,5720,0.005905167367700096,11.356934845116209,0.5905167367700096,15.016306350995535,-28.84144371118124,30.022477184721257
IPN,0QjuOFtZm9gDgpxR2Edzvw,6594,0.005903094057824201,2.654993473497453,0.5903094057824201,3.2695575523736227,-5.818023396869879,6.99864220843472
PS,dEgJSroqHn8OOKVrvtpL4w,5570,0.005833929867435187,6.332516398223581,0.5833929867435187,8.48493902077691,-16.047087493979223,17.21387346746626
IPN,oZc6DcBbCJFy0nkIZ2vahw,5188,0.005768118496573513,1.369670468604754,0.5768118496573513,1.9015865999437198,-3.1502978862323396,4.303921585547043
PS,eK8qa6EPcH2zhtbmWSvc9g,12509,0.005765848263808698,5.1651133710843595,0.5765848263808697,4.618155606825433,-8.47500016299698,9.628169815758719
IPN,Pg0AogpiDGrRlOvcV+BjEA,52175,0.005754889055022682,4.051746866025725,0.5754889055022682,1.7738262437857693,-2.9012105323178394,4.052188343322376
PS,a1073LyEXK//rX0Oxi2jfg,8262,0.005576129639541532,6.485132760545973,0.5576129639541532,7.134709187480147,-13.426417043506936,14.541642971415241
IPN,yd3jsPy84ade++HrPb3PJw,6804,0.005573682911882395,4.074633129695816,0.5573682911882395,4.939765805821665,-9.124572688222223,10.239309270598703
IPN,zxh8h/hQSNgH55+hBg1LUw,7462,0.005572902600332611,1.1430934841849791,0.5572902600332611,1.323287246370189,-2.0363527428523094,3.150933262918832
ABS,mworKihchrH0nzohZW+JgQ,10371,0.005507543860498154,9.65113696347083,0.5507543860498154,9.476940670987265,-18.024049329085226,19.125558101184854
PS,wnoMEymGSj9s4IMEKlZTyQ,9474,0.005441207065549182,4.161978289965776,0.5441207065549183,4.275954943131138,-7.836750981982113,8.92499239509195
PS,dFn4T/mSn11OVgVD4wT6jA,6045,0.00540060575302718,5.121603331846834,0.540060575302718,6.587305219578678,-12.37105765507149,13.451178805676927
ONG,fOSRS0mPsNW8rD+hc07KFw,6047,0.005391579483746151,10.587645903778755,0.5391579483746152,13.615369248807916,-26.146965779288898,27.22528167603813
PS,LH3BVRKMrLU+Nc35NsSGcA,16962,0.005293008317260996,5.461971488825119,0.5293008317260997,4.193830746872718,-7.690607432144426,8.749209095596626
IPN,wpjDv/45QYqpR1Mto0W2UA,5619,0.005262592356916551,3.908103581142469,0.5262592356916551,5.213586095991345,-9.692369512451382,10.74488798383469
PTY,15lWpkz8jWczTdh7BJpGiA,6369,0.005243992809926271,7.381466109126714,0.5243992809926271,9.24926038045587,-17.604151064700883,18.652949626686134
PS,FVTZYeDmVj3Xki0LJfdLPA,6367,0.005157844130273365,5.003051303180909,0.5157844130273365,6.269999863763763,-11.773415319949638,12.804984146004312
IPN,r8V3JT4TQDlpADM3IBY0tg,14429,0.005063794359644301,3.284663485253691,0.5063794359644301,2.734467499082908,-4.85317686223807,5.865935734166929
IPN,48FNlG6vaVAyBdrY7s/IcQ,9083,0.005061653916903769,1.1934965821370167,0.5061653916903769,1.252294642309837,-1.9483321072369035,2.960662890617657
PS,qcGoABS0rAwEhEwjFZJF4w,5618,0.005011867401586304,6.044431954604544,0.5011867401586304,8.0642619311727,-15.304766644939862,16.307140125257124
ABS,rMpU48x4XTnv/ntHp9VCLw,11849,0.005008649850635652,7.626627994907889,0.5008649850635651,7.006348144057187,-13.23157737728852,14.23330734741565
IPN,A3lyu9Mmb560xYrhr6Y60w,5711,0.00497285951521868,3.1094913405052926,0.497285951521868,4.114653528432181,-7.567434964205208,8.562006867248943
PS,qOKSoEsD7DibWSxVAwSLnw,5849,0.0048414274246382045,6.810057405320512,0.48414274246382044,8.90450869098351,-16.96869429186386,17.9369797767915
PS,/atGUMG2aNVfakozee/FoQ,5157,0.004660008887660834,3.907782324369627,0.46600088876608337,5.4416649530299885,-10.199662419172693,11.131664196704861
IPN,hkb7Xca4hBBfArAtXPx+ww,7742,0.0046553428060353745,3.2210618907579973,0.46553428060353746,3.6607703571048202,-6.70957561932191,7.6406441805289855
PTY,vhrVMf8GUcz1cT3E8TdMZw,7436,0.004637122063057406,10.290623277467965,0.4637122063057406,11.933614080509996,-22.926171391493853,23.853595804105332
IPN,dLk7d2uvOmVqBN496E/nyw,12281,0.004630425214942178,2.9719238860330117,0.4630425214942178,2.6817656074624154,-4.793218069132116,5.719303112120552
PS,NP2WU+jNhvnWt5Y4z1s1uw,12397,0.004542228726194906,5.717512033948981,0.4542228726194906,5.135098597353566,-9.610570378193499,10.51901612343248
ABS,x04jIpU4TAcu9lMEabF+hQ,5822,0.00448434692060454,12.205489279991284,0.448434692060454,15.99628352169105,-30.904281010454003,31.801150394574908
ONG,d5vX2ZP04jECm5irm3dhEA,19741,0.00447748202922454,9.437224461724206,0.447748202922454,6.716758142720859,-12.717097756810428,13.612594162655338
PS,OBskU6hDYZW342MTvdgnmg,6752,0.004473491229770167,5.487904277501628,0.4473491229770167,6.678675009316305,-12.642853895282942,13.537552141236974
PTY,fOxzWvQn4lAy0N3IjFC5Ng,5344,0.004460890791351031,13.733183206874285,0.4460890791351031,18.786158796791707,-36.374782162576636,37.26696032084685
IPN,v7rQDBTu6OP/fbMLS/QQJQ,7316,0.004420676115368676,1.4328317575552092,0.4420676115368676,1.6751679307782101,-2.8412615327884243,3.7253967558621595
PTY,8T23fbonGP9J8te9v0uruA,24110,0.0043750736269094,7.972915388745343,0.43750736269094004,5.1347410908972275,-9.626585175467625,10.501599900849506
ONG,VpKj3L155WDmoMKaEadvPQ,6446,0.004337994002234601,7.606380562227498,0.4337994002234601,9.47398951256847,-18.135220044410744,19.002818844857664
PS,1Lak+PfqpFEFZYr9WECQbg,5251,0.004312985710242071,8.217434530382015,0.4312985710242071,11.34005715711488,-21.795213456920955,22.65781059896937
PS,cE+SEh3gbqJO4qOYb3NQfw,18212,0.004263099842786039,3.1715246995610458,0.4263099842786039,2.350115880512519,-4.179917141525933,5.032537110083141
IPN,tI9BpLfPTnnbbVehiGRGJg,9854,0.004252080237959809,0.9232468451794477,0.4252080237959809,0.9300612564060226,-1.3977120387598232,2.248128086351785
PS,tjHtEUVcaQyhXgKi9MJSsg,14018,0.004240441864218474,5.721727938464917,0.4240441864218474,4.832637014308342,-9.047924361622503,9.896012734466197
IPN,hOwfRsHU0nMvWvms/vHynQ,5054,0.004179857208363662,1.0958973318571477,0.4179857208363662,1.541530957477124,-2.6034149558187973,3.4393863974915293
PS,21shkCEoEEt3vW6a6QPH5g,8519,0.004131939592307156,8.37115682429724,0.41319395923071556,9.069663387517803,-17.363346280304178,18.189734198765606
PS,fFv6oIgkMYqmkjtb7Cd4mQ,7984,0.003959167894733722,3.3356086429269105,0.3959167894733722,3.7330587631215666,-6.9208783862448975,7.712711965191643
IPN,Lj7HDbmwSOWCUrjlqFqrpQ,18552,0.0038936505509430397,1.0292903453456503,0.38936505509430397,0.7556880095217141,-1.0917834435682556,1.8705135537568636
PS,5xYZ4z6oztsDoZjOzwXGPA,9336,0.0038621122126835427,6.67706675874791,0.3862112212683543,6.9104335771702425,-13.158238589985322,13.93066103252203
IPN,DAbbvtsULEkfdsELR9UuSg,7497,0.0038509393701938784,4.3575063069897455,0.3850939370193878,5.032621503645338,-9.478844210125473,10.249032084164249
IPN,dclGrQzLqwA7qTYiRCHxnQ,6363,0.0037942017921389,3.14540546157262,0.37942017921389004,3.9431715791093693,-7.349196115840474,8.108036474268253
PS,yHCTnscw5kUVWG1fsPGkRA,8167,0.0037675005579587365,5.948153173053583,0.3767500557958737,6.581893728416633,-12.523761651900726,13.277261763492474
IPN,kXY9mCHR+6h0AnBNFSWi7w,6941,0.0037674678538137923,3.794805910840304,0.37674678538137923,4.55489684753349,-8.550851035784262,9.30434460654702
IPN,k7xnoSzNzGNzmzozlDQahA,12737,0.0037526496493517814,3.9407210836403257,0.37526496493517814,3.491741809084331,-6.46854898087011,7.219078910740467
IPN,VL3Xr/8EjcddQ6Dr7h7AfA,10299,0.0037042923674605196,2.6030238783689454,0.37042923674605194,2.564960154768862,-4.656892666600918,5.397751140093021
IPN,twJVU8wkTmvRX5xELBlLSw,18035,0.0035625177306219387,5.172621305096529,0.35625177306219385,3.851701395573721,-7.1930829622623,7.905586508386688
PS,KAHlAh03TOomH1SdYOL0sw,5072,0.0035567793287101792,3.8690762582765195,0.3556779328710179,5.432724314616548,-10.292461723777416,11.003817589519452
ABS,7PRjkGu3IC2FrfkIxGGBjA,7805,0.0035424578841835317,12.649776105338237,0.3542457884183532,14.318462455579738,-27.70994062451793,28.418432201354637
IPN,oZ90BjI7Ts94OmT7CBB5mQ,5222,0.003480467358935797,2.7531318849200157,0.3480467358935797,3.809856187119461,-7.119271390860564,7.815364862647724
ABS,b9sgzA1QbMWfZtsjJ5YpGw,5113,0.003356738249523029,6.152985397841811,0.3356738249523029,8.604942805879626,-16.530014074571763,17.201361724476367
PS,3GVOaNcV4Pu/i7JFGSDTSQ,15476,0.0033326601355875085,8.886389988122689,0.33326601355875085,7.143252605111964,-13.667509092460698,14.334041119578199
IPN,YVDVkUGWhtE6Q7iMJR9I0g,14350,0.0033076654743234455,1.118660054124224,0.33076654743234457,0.9338393704599595,-1.4995586186691758,2.161091713533865
PTY,OFg0obyw+NI9BjaBBgAbOw,31957,0.003211836847035582,10.856553085725505,0.3211836847035582,6.073079397138678,-11.582051933688252,12.224419303095367
PS,BbirlZJeYiPjSFVvLtEDVw,22102,0.003138820724933463,8.761494639431803,0.3138820724933463,5.893352417193044,-11.23708866520502,11.864852810191712
IPN,iAllNaMIOy1EqC8lm4dBKw,11125,0.0031098122007391427,3.4722307042110003,0.31098122007391427,3.2919904246131058,-6.141320012167773,6.763282452315602
PTY,FNy0A7A+KvWRm7XG88Bp+g,7526,0.0030888895227725033,10.051206663300361,0.30888895227725033,11.586068601311629,-22.399805506293543,23.017583410848044
ONG,uCWij66pLF8KcosvJZyPrQ,12171,0.002987873015851676,7.956434393275272,0.29878730158516764,7.211993968371746,-13.836720876423454,14.434295479593791
IPN,e4Lswdu4vjT66YrJYUMeOg,6024,0.0029417038715851417,1.438619558935742,0.2941703871585142,1.8535464711836689,-3.338780696361477,3.9271214706785047
PTY,NfeOxcBB3GkXROIcX6gMyg,5159,0.002884470479482365,3.8175548944304816,0.2884470479482365,5.3149909180528745,-10.128935151435396,10.70582924733187
ABS,uIfcWiC8oE6Iz//mO2AHAg,5849,0.002845098680258816,11.959184371644794,0.28450986802588163,15.637263364503655,-30.36452632640128,30.933546062453043
PS,3HKl21Xiw25oUkwvapGdCg,11647,0.0027891314126544113,11.29583999745383,0.27891314126544114,10.466741402176918,-20.23590000700132,20.793726289532202
PS,pm5bq3DFn57HoR+g7un6hw,5431,0.0027861670095180634,5.040886043234882,0.27861670095180635,6.840171304454129,-13.128119055778287,13.6853524576819
IPN,/0furUq0/sbMTFhxxA4HKg,13827,0.0026736089272311825,2.805947040479176,0.26736089272311825,2.386247511302718,-4.4096842294302085,4.944406014876446
PTY,RE+LP01vTolGLAyAe/VItg,16063,0.0026687408003067603,7.603069345328435,0.26687408003067603,5.998955244795229,-11.491078199767973,12.024826359829326
PS,XYKCPMYKEVkNHaRpRtjVwQ,36360,0.0025957555305704525,8.1867962453724,0.25957555305704527,4.293406845865695,-8.155501864839717,8.674652970953808
PTY,kb7WZF5+FEeN9AU+3z9Epw,5497,0.0025471711627175334,11.495407261601292,0.25471711627175336,15.504633102537683,-30.134363764702105,30.64379799724561
PTY,d4ZrWPSksFNAq0Cp/rln0g,5780,0.0025173505336355587,9.766227394753,0.2517350533635559,12.845851963757871,-24.92613479560187,25.429604902328986
PS,nK6ZOzqChgMAxC/T9AfoFw,6211,0.0024303651895092758,4.807838873784091,0.24303651895092757,6.1005520938463835,-11.714045584987986,12.200118622889839
PS,erOj4S5aaAk8+Wjm2uO24Q,10123,0.002430108016952806,6.619056644441432,0.2430108016952806,6.578721161835673,-12.651282675502637,13.137304278893199
IPN,zRdHPbvO/92975h+p8IWOw,14351,0.002383666224250743,1.304284071156365,0.2383666224250743,1.0887573708366785,-1.8955978244148155,2.372331069264964
IPN,lg/wjsXS4uOz504TGhQEpA,8524,0.0023800445548361423,3.561111568765755,0.23800445548361424,3.8571262983670604,-7.321963089315824,7.797972000283053
PS,CH5OpyKPgh9pCB6eOpTh9g,5524,0.0022854816119991118,5.893126618952802,0.22854816119991117,7.929009486181212,-15.312310431715265,15.769406754115089
PS,wjwaJRVy8AXfVXnsmDh9OA,11878,0.002265323679201088,4.1828355374256345,0.22653236792010878,3.8379483750491854,-7.295846447176295,7.748911183016512
PS,khufieQ0fepODVoQWsVW1g,9377,0.002221889995690842,7.630247121655801,0.22218899956908422,7.879644890598645,-15.22191498600426,15.666292985142428
IPN,D/ImoOILNyaD1RK5lTf0jg,7569,0.0021931565978092695,1.1559171416326426,0.21931565978092696,1.3286403926811983,-2.3848195098742213,2.8234508294360756
PS,Kizl60SLv28MuOk1Srg/rw,11557,0.0021657860845371215,5.308384619825082,0.21657860845371216,4.937871973276151,-9.461650459167542,9.894807676074967
PS,xK5PbLGlIQjQWclRgoArxA,6232,0.002145313152706248,10.01182528931772,0.2145313152706248,12.68234432381698,-24.642863559410657,25.07192618995191
IPN,XfgjGpw5/J+swujNuM89Bw,6239,0.002123899233610627,3.9668715424374428,0.21238992336106272,5.022161151870603,-9.63104593430532,10.055825781027444
IPN,/WRAQbpIhvI/XuFbdM7Xnw,12395,0.0020532470020665043,2.3161140940925953,0.20532470020665045,2.080351324949546,-3.87216389669446,4.282813297107761
PS,i5L5XrfaeB6j8zLqm9QZsA,17892,0.0019353604570477567,2.5544181054830144,0.19353604570477567,1.909688527330328,-3.5494534678626666,3.9365255592722184
IPN,YyG+Ll9gbtnXCUnaSBesMw,31057,0.0018956167874396275,3.9966472800675685,0.18956167874396276,2.2678591103113956,-4.255442177466373,4.634565534954298
PS,ph9l+29rWXqLVaFNSO0tPw,5784,0.001848202337862545,5.980681421457073,0.1848202337862545,7.86387364832686,-15.22837211693439,15.598012584506899
IPN,HmFdXHrY7LN4OYNHzHFpzQ,18188,0.0018450628801416715,1.3161663526826335,0.18450628801416716,0.975929197489323,-1.728314939064906,2.0973275150932404
PS,6/1Ac6iR0bfww4R2+LgCqA,12319,0.001826852685540167,5.0238934858101585,0.1826852685540167,4.5263975548858735,-8.689053939022294,9.054424476130329
PS,GBRaMTHgwQxCuEwvzjbYBQ,11233,0.0017715658780943836,4.069143619873469,0.17715658780943835,3.839327318093481,-7.347924955653784,7.702238131272661
PS,Y8cuM07Mm5VxdwaOaNLR8g,6767,0.0016920358554746511,5.786576368626535,0.16920358554746512,7.034343969339422,-13.618110594357802,13.95651776545273
PS,rPZEgXO0N8XU0ANsIZiqDA,29315,0.0016522813865410759,4.9579830441883805,0.1652281386541076,2.895743485080556,-5.510429092103783,5.840885369411998
IPN,SCwmsS02OX0i7/kQ0aHD3g,27656,0.001650184280857862,1.2310868926575318,0.1650184280857862,0.7402766042844215,-1.28592371631168,1.6159605724832524
IPN,T3VqZVUozc40vBQZV2oSlQ,50519,0.0016486536741761688,2.0669425756999535,0.16486536741761687,0.9196043955701056,-1.6375592478997902,1.9672899827350239
PS,T64PZ+CnhMauSZgC81iZIw,5277,0.001642031037764543,4.634181536344805,0.1642031037764543,6.379395026305155,-12.339411147781648,12.667817355334558
IPN,oI9Fkr8uJpPHAgSAaclTLw,23117,0.0015695160604933117,1.0758288370322573,0.15695160604933117,0.7075830886256287,-1.229911247656901,1.5438144597555634
IPN,JSOfi4mtcGIBOM79GohcEg,11194,0.0015690547772043409,1.4957175142010624,0.1569054777204341,1.4136989251473744,-2.6139444155684197,2.9277553710092876
ONG,rvnOutS9GdEYRGvw0tRPZg,5856,0.0015494053937810284,12.301447860256488,0.15494053937810284,16.07517450649576,-31.352401493353586,31.662282572109792
PS,cFOrtJrmooWbLUKu8M6S+Q,5120,0.0015332009905250743,3.087592933408053,0.15332009905250743,4.3150423037177426,-8.304162816234268,8.610803014339282
PS,qfpAIDCH5Yq7onvUHhdflg,5628,0.0015328869689586913,4.960829318670567,0.15328869689586913,6.612675946363082,-12.807556157975773,13.11413355176751
FTP,aub8QkSkdHbrwIkzBSWerg,11043,0.0015026165487368362,13.807304524852555,0.15026165487368362,13.139092417767346,-25.602359483950313,25.90288279369768
IPN,sY9vIjcNhOF/Z5mj+h4MCw,5365,0.0014764222716574123,3.3021685060434716,0.14764222716574124,4.508316193116995,-8.68865751134357,8.983941965675053
PS,+T/63sAeZzWyHchahJ36GQ,12126,0.0014078910676840802,4.455850224318744,0.14078910676840803,4.046427862238824,-7.790209503219686,8.071787716756502
FTP,+Tsfvv1AdnmR1An8Mhh1Ag,8983,0.0013763987118458941,4.836471661954221,0.13763987118458942,5.102910456963671,-9.864064624464206,10.139344366833384
PS,jJ9PI/W3yojUSFl3HGN+FQ,31997,0.0013372598356638722,2.770621077859791,0.13372598356638724,1.5488968737397626,-2.9021118889635473,3.1695638560963215
FTP,/r3xyeCTVMi3mjhxPGmDzg,8281,0.0013015791593852099,4.980353273936677,0.130157915938521,5.4729156856447,-10.596756827925091,10.857072659802132
IPN,05Bvm0wtfmRcQfBgEa7iDA,6388,0.0013013458207165665,2.9767500040229953,0.13013458207165665,3.7244307971500437,-7.169749780342428,7.430018944485742
PS,hIss79a4pu7GzJZepfgOpg,20796,0.0012294834448878388,7.959719090331306,0.12294834448878388,5.519602933200236,-10.695473404583678,10.941370093561245
IPN,OuQdfbea7e/qTU/jO2uMkA,6747,0.001193122968366981,1.4714310032765494,0.1193122968366981,1.791366908680874,-3.3917668441778144,3.6303914378512108
PS,cZ99hugmLBj9KhTlc8nCSw,22494,0.001003600501641598,5.894925078834713,0.10036005016415979,3.930474150718778,-7.603369285244645,7.804089385572965
PS,lo03FXsxgOVAGKYEXb7guQ,16612,0.0009720419156132995,8.602247934966941,0.09720419156132995,6.674227321473005,-12.98428135852576,13.17868974164842
IPN,SYPq3vMxE8YyHiTXrKoVEA,5503,0.000967654318846769,6.404623767219341,0.0967654318846769,8.633638618260305,-16.82516625990552,17.018697123674873
IPN,3k93Pq3tzxTF+Kffb9lS/A,17237,0.0009519244288806193,4.829228963501436,0.09519244288806193,3.6782983797909656,-7.11427238150223,7.304657267278355
PS,e8tRC03B7fYriv2fEE+a0Q,7680,0.0008509124241148432,8.672672373646748,0.08509124241148432,9.896288110204576,-19.311633453589486,19.481815938412453
PTY,SiEThvHa0MjCw5CFeEhytg,12536,0.0007014468047190184,10.22119615954666,0.07014468047190184,9.128979490497057,-17.82265512090233,17.962944481846133
PS,oeHFKlXIdVgR1WQmc+X40A,9979,0.0004960407958111097,6.445697940389729,0.049604079581110974,6.452476601488701,-12.597250059336744,12.696458218498964
PS,3LHdpQzZIsek6PKKVQK39w,7590,0.0004942899142859481,3.7134553493752844,0.04942899142859481,4.262430574555286,-8.304934934699766,8.403792917556956
IPN,5KNOgJFPiC9xOSyFhzuNDQ,7418,0.00045497507764888796,3.2588041863513,0.0454975077648888,3.7836839351392646,-7.37052300510807,7.461518020637848
PS,EN4onCeuwLRP8LizUenEuw,24691,0.00045327228406065266,8.488616759284115,0.04532722840606527,5.402161791860183,-10.542909883639894,10.633564340452025
PS,+mfllgTBT6cBVMZIhRqg8g,18783,0.0004402930643372799,6.2316173898361304,0.04402930643372799,4.546930345859091,-8.86795417145009,8.956012784317547
ONG,ZZddC4ZVt4xbq6JvYn2wIw,9852,0.00038122429489375513,10.053140122417574,0.03812242948937551,10.128369442356592,-19.81348167752954,19.889726536508295
ABS,O0rANPMbRc3meEno80twbQ,12300,0.00027035291813980275,14.984330962694802,0.027035291813980275,13.510916224868918,-26.4543605089291,26.50843109255706
IPN,oDxnC0q/U/bf/sAHOm85QA,12448,0.00025050861133707827,2.9799516079740207,0.025050861133707827,2.670911030743558,-5.209934759123667,5.260036481391082
PS,9luR3koKUEPjZs6fhlqZmA,35009,0.00019156897141063165,6.114408828994504,0.019156897141063167,3.267868866832599,-6.38586608185083,6.424179876132957
PS,VXMMfXgj3W15eFh9BWEQZA,19032,0.0001474728846171665,5.579861816745638,0.01474728846171665,4.044652636580409,-7.912771879235885,7.942266456159318
PS,8ruYvkK6U3TizhFZGf9UpA,5643,-2.923903050372813e-05,4.560906002768954,-0.002923903050372813,6.071501360627056,-11.903066569879403,11.897218763778657
PS,bAbyJN/jhgUfQD8tCD+faw,12542,-0.0002070696297643896,5.683696418167253,-0.02070696297643896,5.075133547459351,-9.967968715996767,9.92655479004389
PS,RCqMONFrSPSArZh2Jsar/w,16529,-0.0002471405631432163,6.003715279904159,-0.024714056314321633,4.669784058404563,-9.177490810787265,9.128062698158622
IPN,XOasKWiVjxFrsUN25c86Gg,8771,-0.0003055520563818223,1.2088909329399848,-0.030555205638182228,1.2908107236985313,-2.5605442240873035,2.4994338128109392
IPN,KNekRfNlSbXo8vA0C0KUNw,32449,-0.0004904618259276986,2.3444088782399763,-0.04904618259276986,1.3014656156560835,-2.5999187892786937,2.501826424093154
PS,WGQZS/ErkIGEKZRrwHNssQ,26741,-0.0004915060093550108,6.9783564021691635,-0.049150600935501075,4.2674095441356235,-8.413273307441322,8.31497210557032
IPN,byy8HHBfQGaihiB6ynbQvA,12670,-0.0005528015420487667,1.354409420441076,-0.05528015420487667,1.203266036273178,-2.4136815853003055,2.3031212768905522
IPN,Q7QRjCheG7bq81rm3zBNTg,10094,-0.0006825838888284356,3.902166424709101,-0.06825838888284357,3.8839545362215953,-7.68080927987717,7.5442925021114835
IPN,HOyyvHyE/XiP+S3cNz/wVA,8311,-0.0007092612929442288,1.3457751675813494,-0.07092612929442288,1.4762022713861855,-2.9642825812113465,2.822430322622501
PTY,fggU4K2QrxhDsDZV/9LzeA,32068,-0.0007425795651477881,7.5490957300166475,-0.07425795651477882,4.215596111355866,-8.336826334772278,8.188310421742719
IPN,x/02HwljcRWPZ6bfV7GrNw,5652,-0.0007917552195115032,3.2629566525634095,-0.07917552195115031,4.340204848328722,-8.585977024675445,8.427625980773145
PS,6bU7FCau6rpIPryg6/gPAA,21348,-0.0008409089934592482,4.206740370949056,-0.08409089934592481,2.8791686992288863,-5.727261549834542,5.559079751142693
PS,h/8vSv0arya1MncByd5e/w,11383,-0.0008578587841819525,6.20660516688198,-0.08578587841819525,5.817357459018376,-11.48780649809421,11.316234741257821
IPN,5yU40UOzQw6cldeq8t+O2A,7877,-0.0009029467153991102,4.199428885938211,-0.09029467153991103,4.7316194514191885,-9.364268796321522,9.183679453241698
IPN,Rpvu86yyN4PnHoOClFMlJg,11459,-0.0009560167753048328,4.030886594010179,-0.09560167753048328,3.7655396075890177,-7.476059308404958,7.284855953343991
PS,qHwbK0sio68JzvakzzTsfg,18676,-0.0009734421221646693,6.049870330253365,-0.09734421221646693,4.426945074506403,-8.774156558249015,8.579468133816082
PS,k/C2XE1ZdBsn3cZDvgpk7g,9871,-0.0010313030000971921,7.379968776797347,-0.1031303000097192,7.428035120453295,-14.662079136098177,14.45581853607874
FTP,syIdfe187KVA79pniQ9q6w,5156,-0.0010650997072504508,7.726525436199628,-0.10650997072504509,10.760384353890165,-21.19686330434977,20.983843362899677
FTP,AbjeH+fCqjOOZDGmSZ7JXg,5455,-0.0011254237017207579,10.966354535566495,-0.11254237017207579,14.847895584871551,-29.214417716520316,28.989332976176165
PS,PI2mMzsAwKZWkilJcoReKw,12986,-0.0011408441743358624,4.745603937248066,-0.11408441743358624,4.164412969874946,-8.276333838388481,8.048165003521309
PS,uGzB7ilBcig26zRlItmV4A,18693,-0.001176556129599819,2.8879953453236684,-0.11765561295998189,2.1123067455776945,-4.257776834292263,4.0224656083723
ONG,W4VcqTjLbJSixP2SFbXqkQ,8440,-0.0012404182638920032,8.944086676781628,-0.12404182638920032,9.73564604370804,-19.205908072056957,18.95782441927856
IPN,0VMObvDQX064XW29KL0GWQ,12083,-0.0012414130728084756,1.2939135493932796,-0.12414130728084756,1.1771122325691041,-2.431281283116292,2.1829986685545966
PS,GDcZAT1VWAIDRUk3G1WRQQ,29934,-0.0012551770006237585,5.186204608676271,-0.12551770006237586,2.997555753739688,-6.000726977392164,5.749691577267413
PS,1uTQNrrHbXUnPcr+hKHjfA,24643,-0.0012753117054510983,6.876928609373636,-0.12753117054510982,4.380742512660301,-8.7137864953593,8.45872415426908
IPN,uXKr60nXCo38/rVZ6w6rlw,21357,-0.001275787495515172,1.25651142958529,-0.1275787495515172,0.859797780299608,-1.8127823989387488,1.5576248998357143
PTY,H1Nizixk9SCEqqPiDCFnGQ,21053,-0.0012877021162809484,9.554341894232653,-0.12877021162809482,6.584818106305689,-13.035013699987244,12.777473276731056
PS,yFSGddXD9wY51Ux2ygMeGQ,36624,-0.0013035860929500626,3.6293922594399555,-0.13035860929500626,1.8964920259234657,-3.847482980104999,3.5867657615149864
PS,FMd4jVqIOSe6pvOUt9A06g,31175,-0.001311147493738218,4.070052461003084,-0.1311147493738218,2.30513718228036,-4.649183626643327,4.386954127895684
PS,AQ4NAeIo0h+myYANvx0P1Q,11599,-0.0013225284886090125,5.576878902456442,-0.13225284886090125,5.178225272996328,-10.281574383933703,10.017068686211902
PTY,mFhyxLamJxxZDuyoI7JK9g,50517,-0.0014111704383147421,9.311226295078065,-0.14111704383147422,4.142744084113842,-8.260895448694605,7.978661361031656
IPN,So4qYOI64yT3y7a7aPV8rA,11547,-0.0014159508863135087,4.464989232770491,-0.14159508863135087,4.155141644522509,-8.285672711895469,8.002482534632765
PS,WhEXI/dsbb5c02v30wp8Tw,7570,-0.0014815080637798756,6.864788476368993,-0.14815080637798755,7.890040276729444,-15.612629748767697,15.316328136011721
PS,cTCUsctKnRxKQ0CZlKjTEA,6921,-0.0015286828269203728,5.46109086281199,-0.15286828269203728,6.564399109005756,-13.019090536343318,12.713353970959245
PS,oVGnrwXnY4uzPir8ngZA4w,6974,-0.0017850252014195162,8.527794802891705,-0.17850252014195161,10.211646451877382,-20.193329565821617,19.836324525537716
PS,i2B2Abz1+oc93pvaHP8vjA,11561,-0.0018069369183693282,3.808428244739303,-0.18069369183693282,3.541996084758958,-7.1230060179644905,6.761618634290626
PTY,I2UcAp+9/+ozZj+GIaGG9A,5651,-0.0019262075375411558,10.065906291744266,-0.19262075375411558,13.39029760137676,-26.437604052452567,26.052362544944334
IPN,x+Xj5kTyRvI/dJCXzois9A,8650,-0.0019678611838059618,3.3548738905482205,-0.19678611838059618,3.60718275440527,-7.266864317014925,6.873292080253733
PS,79ID/ub1Pt/mDpCprVmOoA,9734,-0.0019940408162936454,6.558286582196403,-0.19940408162936454,6.647291429700043,-13.228095283841448,12.82928712058272
PS,eB+FsNlIv821YVMdP167Ig,15518,-0.0020455821186932096,6.172184951381539,-0.20455821186932097,4.954742142218526,-9.915852810617633,9.506736386878991
IPN,/c1HYkeqEHtRMTJ/fNrm8g,8961,-0.0020555739370311374,4.2935902762120675,-0.20555739370311374,4.535679512448116,-9.09548923810142,8.684374450695193
PS,+HiwhCQRkBFLr/6zoBwjDQ,20943,-0.0020574004188032686,7.240534330303526,-0.20574004188032685,5.0032380952596105,-10.012086708589164,9.60060662482851
IPN,pNXI8L8nvsZTMFPTpc3a3A,7124,-0.0020634480770353116,1.1100201624539177,-0.20634480770353117,1.3151306881504083,-2.7840009564783315,2.371311341071269
PTY,d8h8drzgnXvJdSgZFYYADg,5733,-0.0020662826064700504,8.098802715324448,-0.20662826064700504,10.696208227094974,-21.171196385753152,20.757939864459143
PS,38HN//Ji2F8XWNvbLbiJHA,7269,-0.002082816660937195,6.656647056257072,-0.2082816660937195,7.807611521920549,-15.511200249057996,15.094636916870556
PS,hsVLZb4Ay5xk2tcjjs9Yww,5566,-0.0021029447830819927,6.256554177698604,-0.21029447830819928,8.386168970445237,-16.647185660380863,16.226596703764464
ABS,gBSjWC7dvgr4fAbsKU2rtA,15897,-0.0021712308801228337,9.329266407277807,-0.21712308801228336,7.399287596808181,-14.719726777756318,14.285480601731752
IPN,EZQBIEMCvNe30z17l5xLeg,5208,-0.0021745394772282028,0.9976450793563264,-0.21745394772282028,1.382421810498752,-2.927000696300374,2.4920928008547336
PS,wI1KJcEIf684IAPffSVR9Q,7647,-0.0022093649494214604,8.192645795419782,-0.22093649494214604,9.368684927099045,-18.583558952056276,18.14168596217198
IPN,WfXBzNxv6FxRTUf1tqzAFQ,14281,-0.0023539433016195057,3.4052870856362545,-0.23539433016195058,2.8495377959566413,-5.820488410236967,5.349699749913066
PTY,nBr8yxSt1hr/+2h+25BbKg,5947,-0.0023946414098872724,11.19944848071279,-0.23946414098872723,14.522710062878724,-28.703975864231026,28.225047582253573
IPN,V7jdch1MuxO0Q4oZhg2KAA,7786,-0.002536605447415916,3.1173920344801136,-0.2536605447415916,3.532923403323066,-7.1781904152548,6.670869325771617
IPN,6xl4wusdpoQLBUp22TqAxg,35342,-0.0025577359312587574,4.685838885900402,-0.2557735931258757,2.4925380157369124,-5.141148103970224,4.629600917718472
PS,C2BmsF2rfMpwrHqpGgvc4g,12231,-0.002601994251339407,10.054493298439544,-0.2601994251339407,9.091367338957854,-18.079279409491335,17.558880559223454
PS,W95n/wNGkXRoubPtQTk7yg,8770,-0.002659062520858907,7.252024600410317,-0.2659062520858907,7.7438952897613005,-15.44394102001804,14.912128515846257
PS,t2MsYzeQYjhNZa566mWEPQ,8364,-0.0027054440453274436,3.462840852960228,-0.27054440453274436,3.7863915338481866,-7.69187181087519,7.150783001809701
IPN,T4za1H93nOBfwThX5frQTQ,13915,-0.0027970065326944258,1.9751503884663792,-0.2797006532694426,1.6743974856751114,-3.5615197251926607,3.0021184186537755
IPN,xcS6/chX/Vwl6bVh8W0e5w,5712,-0.0028113324810810783,3.053460546453337,-0.28113324810810786,4.0401567341975975,-8.199840447135399,7.637573950919183
IPN,cHDkfUenEGqjru/TXj80YA,25060,-0.002822027297754432,3.7868157835829988,-0.2822027297754432,2.3921237628694727,-4.97076530499961,4.406359845448723
IPN,Gr/f+BIPcBMzmjLu+biNKA,6269,-0.0028321922519481207,3.7570646954000937,-0.2832192251948121,4.745145553662766,-9.583704510373835,9.017266059984209
IPN,r1TXbixOHBcMlo0eT7PQBw,14774,-0.00307719648102228,3.021188990294371,-0.307719648102228,2.485586297292047,-5.17946879079464,4.564029494590184
PS,SXqVW4Q0evTUVZG6BbUNIA,6584,-0.003401426320900079,5.1680894734258205,-0.3401426320900079,6.369203319050411,-12.823781137428812,12.143495873248797
IPN,w8powmMoJsu2lzKLbSITJg,13692,-0.0034208547257555183,4.192399527687752,-0.34208547257555183,3.5828548824632698,-7.36448104220356,6.680310097052456
IPN,xfvnBTx+DDYPQo4LEqIpig,25996,-0.0034572631693891532,3.6664416873396015,-0.3457263169389153,2.2740055381111617,-4.802777171636792,4.111324537758962
PS,9V9tx0HYKcdwmjpYCAvMBA,5851,-0.003482880279959175,7.1507670365995075,-0.3482880279959175,9.34840632166492,-18.67116441845916,17.974588362467326
PS,COsrwJSFHQtxlUcrYtDQPQ,20534,-0.0035711520015750723,6.828651675541483,-0.35711520015750725,4.765387062250141,-9.697273842167782,8.983043441852768
PS,cBcupkwY2fWWyC5l78uC1Q,5613,-0.0037837759710273576,5.689633339745493,-0.3783775971027358,7.594282679436235,-15.263171648797757,14.506416454592285
PS,2/gia5LKy8tClOTjFZrEVQ,8233,-0.0038339571553802454,7.600143223777089,-0.38339571553802454,8.3761166878671,-16.80058442375754,16.03379299268149
PS,09hPLMZsA1tRvpnO7q8yZg,15275,-0.0038411360216950435,3.895491467915869,-0.38411360216950435,3.1518943231478342,-6.5618264755392595,5.79359927120025
IPN,QhQvk2lmqS4o8dXOiM03rQ,14108,-0.003847676015353115,3.9811190070535583,-0.3847676015353115,3.351756301767518,-6.954209952999647,6.184674749929024
FTP,CMAB5zPvKjJHdECgp5JG/A,24143,-0.0038582588098620744,6.274473815361746,-0.38582588098620746,4.038142998116671,-8.300586157294882,7.528934395322468
IPN,QKQW85yg7YzzfJCMAqstkA,6827,-0.0038611397869645963,1.106715549683723,-0.38611397869645964,1.3394332034288063,-3.01140305741692,2.2391751000240006
IPN,iX2S/2RTVRCUnTvigR7A+g,12088,-0.003871870111898426,3.9410558091354373,-0.3871870111898426,3.5845559149605464,-7.412916604512514,6.638542582132828
PTY,7yDv3hO6caYfRvtJ4FuTBg,21211,-0.0038721260396604473,7.890425957242615,-0.38721260396604473,5.417761427373982,-11.006025001619049,10.231599793686959
ABS,J6jeYNb6QxKA62jp+H1JnA,18838,-0.0038995217881548595,11.299329375191686,-0.38995217881548594,8.23256696883886,-16.52578343773965,15.745879080108681
PTY,JfiTRoNqOXVbpSiZ7skdWA,8511,-0.003987783338730574,5.766654710871506,-0.3987783338730574,6.250771923137168,-12.650291303221906,11.852734635475791
IPN,xrir01P0gwkGo1FweJqE2g,16311,-0.0040747040762687025,3.286624367743863,-0.40747040762687026,2.573414697555773,-5.451363214836185,4.636422399582445
ABS,3V4hNyjHh1feEkqoq+1UQQ,5160,-0.004090878966647063,11.640825828993377,-0.4090878966647063,16.20536959896529,-32.171612310636675,31.353436517307266
PTY,mgE0TpVfryGEnLHSmW2IpA,7762,-0.004176442535136723,14.074025472784,-0.4176442535136723,15.974655953654706,-31.727969922676895,30.89268141564955
PS,4zuQyroWS7F0L0kpPSJfbg,7960,-0.004207283425514572,8.25443887061485,-0.42072834255145725,9.251901954993945,-18.554456174339588,17.712999489236676
IPN,i2VToA1gO/xhXRZ6XmcS4w,13303,-0.004240396685379121,1.3377497107150889,-0.4240396685379121,1.159845308643436,-2.6973364734790466,1.8492571364032222
IPN,OrWsSe6+jjEsCUKmXKaArg,8238,-0.0043393425439046006,3.0544332512789203,-0.4339342543904601,3.3652686914306806,-7.029860889594595,6.161992380813674
ONG,gG0AEwZO39nVcJimAkVUAA,9524,-0.004355973077891805,13.342500952332951,-0.4355973077891805,13.671858317432891,-27.232439609957645,26.361244994379284
IPN,vUS6i4DAs/MqwUx50GLkiQ,6484,-0.004407387707131943,1.2770374307116277,-0.4407387707131943,1.5859230957898454,-3.5491480384612912,2.6676704970349028
FTP,06w42knuR1PpEqpDZdu9hQ,11893,-0.00443671465597882,9.697306612680107,-0.443671465597882,8.892122111818995,-17.87223080476311,16.98488787356735
PS,mNNWY9o1jf0gPzzTdDLopA,22031,-0.004440238584502757,4.705781617675096,-0.4440238584502757,3.1704044117168424,-6.6580165054152864,5.769968788514735
ONG,eYPmagChYPO7VphgOOgeag,26973,-0.004442511651949068,10.945979442553568,-0.4442511651949068,6.664844205263208,-13.507345807510793,12.618843477120981
PS,iyZxqznXjv3vtvOJymkoLQ,5339,-0.004478370605794025,8.91845785401463,-0.4478370605794025,12.205618848454602,-24.370850003550423,23.475175882391618
IPN,eiIxfH4e+JcrtfmxO0AQLw,8622,-0.004551729133360847,3.242438576926582,-0.4551729133360847,3.4919478447998364,-7.299390689143763,6.389044862471595
IPN,dKxQzUFIaWqhhgLvb1sUZg,12077,-0.0046102929176494185,2.9280946243741552,-0.46102929176494184,2.6644377253416747,-5.683327233434624,4.76126864990474
PTY,NMZvQhq5Amym2VGqbTpx0A,16684,-0.004662229487946196,10.283496273230531,-0.4662229487946196,7.96142309721607,-16.070612219338116,15.138166321748876
FTP,p3+GqqGEudkcZNlg2g402A,21889,-0.0047879388692121504,5.441409365564509,-0.47879388692121505,3.677887485873279,-7.687453359232842,6.729865585390412
PS,XkfK8Ujp5FhZxlm+YTBBVQ,18138,-0.004834878003215077,3.8138660602412533,-0.48348780032150773,2.831853212157318,-6.033920096149851,5.066944495506835
PTY,7gPwVJcJF/GemPtsFbaI0Q,5923,-0.00484569023375714,8.077265562352153,-0.484569023375714,10.49526709413701,-21.05529252788425,20.086154481132827
PS,18G4P1XstjNvItdGUITxgw,10373,-0.004918378355102031,5.159314358354875,-0.4918378355102031,5.0657039063714215,-10.42061749199819,9.436941820977783
PS,WwCC2U6R5XfiF0ixdZg7Aw,6817,-0.004934721684130612,4.729137618483218,-0.4934721684130612,5.727766502013577,-11.719894512359673,10.73295017553355
PS,FxQOnoIoRpE2J7gMjaYuSg,15187,-0.004958844598883848,3.609868898479692,-0.4958844598883848,2.9292432188865374,-6.237201168905997,5.2454322491292285
IPN,bbDd8zghZ0xWfGZIK9Xh5g,10118,-0.004988633613149082,1.0927900027512887,-0.4988633613149082,1.086399046407146,-2.6282054922729143,1.6304787696430978
IPN,yWjXrfJqzepIS29d41+sLA,15103,-0.004996358910230803,1.0640741404061318,-0.4996358910230803,0.8658452478936629,-2.1966925768946597,1.197420794848499
IPN,NJCspoAiXCkVo38ei5jrxw,9257,-0.005315797277695548,3.5127645509608136,-0.5315797277695548,3.6510174576786247,-7.687573944819659,6.62441448928055
PS,5UZ6KmwT0HllK7taGH99Bw,12339,-0.005345651894851291,5.969261770401327,-0.5345651894851291,5.373789400047864,-11.06719241357894,9.998062034608683
IPN,P4knS3pzzBJK22QYj4nFNA,17198,-0.005379928234136719,3.8067560668646077,-0.5379928234136718,2.902793060953841,-6.2274672228832,5.151481576055857
PS,ukHGt4m2ddKDgznJWt/mkg,5043,-0.005394769952531469,6.280389003008313,-0.539476995253147,8.843864101225403,-17.873450633654937,16.794496643148644
PS,yad1TDL/FHhO7QrFNRsNPQ,6206,-0.0055059639750816266,2.840986031960671,-0.5505963975081627,3.606311301279081,-7.618966548015162,6.517773752998836
PS,nWNSwMI+niUqTgLSINZCTw,9686,-0.005556988167754757,8.693974742568464,-0.5556988167754757,8.833771102876511,-17.86989017841344,16.758492544862488
ONG,ae5tmWLgkxwe8NJaA7AIrg,7281,-0.005693698054019148,10.643424822102196,-0.5693698054019148,12.473429634201024,-25.01729188843592,23.87855227763209
PS,bBgSkul3vtynzIsfJhpf9w,7802,-0.005735710502707922,3.9307159099801727,-0.5735710502707922,4.450088864971245,-9.295745225614432,8.148603125072846
IPN,SrkslyClMciIc5OgWLAFqg,13725,-0.005767457315830585,1.5465659511477057,-0.5767457315830585,1.3201165266360257,-3.164174123789669,2.010682660623552
PTY,O3xnwxmvC8DM010XsMQEHQ,8245,-0.005841360523338893,8.024396362293285,-0.5841360523338893,8.837247991707166,-17.905142116079933,16.736870011412154
PS,DBP8e66watQgwxNN1BA64A,11011,-0.005877760329447269,2.784083256807416,-0.5877760329447269,2.6531929657114444,-5.788034245739158,4.612482179849704
PS,gehe91e0IyVT0QU/XBkEyg,10089,-0.00601422185816195,5.375628102275534,-0.601422185816195,5.351865058416857,-11.091077700313235,9.888233328680844
IPN,n4SAKJd7PKWI5S3eUPk5OQ,23054,-0.006054134208392609,2.3464464176785946,-0.6054134208392609,1.545387862297535,-3.6343736309424295,2.423546789263908
PS,6bZSE2LvZizFjUwvlrFMaQ,10855,-0.006103179721871262,4.705096064497028,-0.6103179721871261,4.515996337106825,-9.461670792916502,8.24103484854225
PTY,l6mrMVs7FRMaclRHfLSWGw,8370,-0.006117363123661586,6.591786158867163,-0.6117363123661586,7.205106111580251,-14.733744291063449,13.510271666331132
PS,VUyLjuLf6Q2CAzDGQMkRdQ,5578,-0.00612465614989245,3.9208711202756237,-0.612465614989245,5.249806693125682,-10.902086733515581,9.67715550353709
IPN,oSzNbZd+4U+OUgR3tR4WFw,10704,-0.006146845450939441,3.487095115784724,-0.6146845450939441,3.3704721532740174,-7.220809965511018,5.99144087532313
ONG,Mrsi764ZyGHOcGi7BlnwWg,9498,-0.006184197390037453,7.630837720111036,-0.6184197390037453,7.829898552339877,-15.965020901589904,14.728181423582415
PS,wT8QNbZUQaK3cGwBsHM93A,8093,-0.006298138819640438,3.3777320040154777,-0.6298138819640438,3.754658293897041,-7.9889441380022435,6.729316374074156
IPN,SpKY85LXaC4yKgTfm49z4g,5658,-0.006393601760378825,1.0957528331133188,-0.6393601760378824,1.4567369313750504,-3.4945645615329815,2.2158442094572166
PS,++sS5M6uADsxexdavm3F0A,6959,-0.0064760255546367,6.69021675904613,-0.64760255546367,8.019859697404987,-16.366527562377446,15.071322451450104
IPN,udVtCVStJya0buU1EZwasw,12397,-0.0064808024296195525,2.099470620578845,-0.6480802429619552,1.8856083861135688,-4.34387267974455,3.0477121938206397
PS,li6COulyeiZrwH9Ctftmvw,13721,-0.006532689438782978,6.464342412789599,-0.6532689438782978,5.51863245324994,-11.469788552248179,10.163250664491585
PTY,sXrWBnUCf417vMAIIxRhQw,8103,-0.006635813834427257,5.021132202866512,-0.6635813834427258,5.5780029130874285,-11.596467093094084,10.269304326208633
ONG,744pBgJ6GK1WOFldbWTfdg,12393,-0.006640848372650716,12.029212887152065,-0.6640848372650716,10.805602467705693,-21.84306567396823,20.514895999438085
PS,xXmVwoYo12EAy3LZi93GKg,9499,-0.006701231207524065,6.640671586060649,-0.6701231207524065,6.813543907616835,-14.024669179681403,12.684422938176589
IPN,z3reO9aIte8x40ork0zEQw,5129,-0.006711834400665646,1.4039939365445175,-0.6711834400665646,1.9604189084118988,-4.513604500553886,3.171237620420757
IPN,nNKp1CoiAxLd0C7NYAFu0w,5711,-0.006718087062758878,2.5133171350054875,-0.6718087062758878,3.325762346692661,-7.190302905793503,5.846685493241727
PS,9N6nfe5qi1q0jWDKsP+GYA,7978,-0.006848834541398172,4.948376597846085,-0.6848834541398172,5.540076074445437,-11.543432560052874,10.173665651773241
ONG,ezuecKGn2CcQWdfmbOzdNw,6004,-0.006849602401519639,12.256104695916678,-0.6849602401519639,15.81729157347441,-31.686851724161805,30.31693124385788
PS,mFSysim90ufTk4fxUIKlJg,7026,-0.00687766590715303,8.578813008179905,-0.687766590715303,10.234653145375468,-20.74768675565122,19.372153574220615
IPN,7f5GGwwwVRMg1lHaNDAb9A,13944,-0.00710789590851712,1.4233305121764017,-0.710789590851712,1.2053469476735221,-3.0732696082918154,1.6516904265883912
ABS,evCsIu5tgyNxcMb3nnkXzA,8157,-0.007130439531944525,5.427507766536534,-0.7130439531944525,6.009456867909562,-12.491579414297194,11.06549150790829
PS,X0J/vRFHXel85M3EatB1NQ,18245,-0.007187175588306089,2.7015780904792392,-0.718717558830609,2.0000718237250616,-4.63885833333173,3.201423215670512
PS,sEUh+L5hNcXTlQv2Akm4Iw,38270,-0.007322316809803411,3.234590985510785,-0.7322316809803411,1.6534464756552325,-3.972986773264597,2.5085234113039148
IPN,iNo+Jumpz7+Fpa81QNxN5w,7291,-0.007351529089744943,2.3043073010555895,-0.7351529089744944,2.698651765592985,-6.024510369536745,4.554204551587756
PTY,LlUH/mdIx5kPfbKXU42sLQ,5487,-0.007550093749986497,8.71534019103837,-0.7550093749986497,11.765675431633559,-23.815733221000425,22.305714471003125
IPN,0rgr0NDGQU0/mLEOjG21rg,22719,-0.007573837288207081,1.8735907323284586,-0.7573837288207081,1.2430257452405127,-3.193714189492113,1.6789467318506968
IPN,w3dWlue1v+c8JXnmJfRjhw,7334,-0.007604990419653609,1.3594501619674122,-0.7604990419653609,1.5874236196185152,-3.8718493364176503,2.3508512524869287
IPN,r7chdk2QQq/XonJWeAZbLQ,16006,-0.007734599842453813,1.2410856738753087,-0.7734599842453813,0.9809804586173008,-2.6961816831352907,1.149261714644528
PTY,opJMdoq0E6TRbAQiweyQuA,10389,-0.007740862733539345,10.749576357562676,-0.7740862733539345,10.54640574978826,-21.445041542938924,19.896868996231056
PTY,eHibs7zNzAmk6UhKFXSJ4Q,6141,-0.007741140376699415,6.472017528461823,-0.7741140376699416,8.258860606604543,-16.961480826614846,15.413252751274962
IPN,QqgCmmW0eNl5TaHAisPkoA,25176,-0.007775593820094001,3.6209243812327117,-0.7775593820094001,2.2820549109392054,-5.250387007450243,3.6952682434314426
PS,pMnwZKFK5jSWz8G9an5WFw,19207,-0.007866403360577099,4.330362358238267,-0.7866403360577099,3.124600304830788,-6.910856933526055,5.337576261410635
PS,BElTORQh9P8rLE1f9OQ8/A,13460,-0.00790945392103387,7.862585405452383,-0.7909453921033869,6.7770836461876485,-14.074029338631178,12.492138554424404
IPN,AyHD1YBeIcqX2Y9LmzGIuA,23937,-0.007964517023697151,3.80083046929192,-0.7964517023697151,2.4566519927265893,-5.61148960811383,4.018586203374399
IPN,qIFni6JFyrNLuudk/38Rnw,16128,-0.008000836781566106,1.4359704228727548,-0.8000836781566106,1.1307204252873706,-3.016295711719857,1.4161283554066357
IPN,m3fZ2ITLvUafV4hkoznvKQ,15649,-0.008154515656688144,3.6789565671587994,-0.8154515656688144,2.9409075034078813,-6.579630272348262,4.948727141010633
PS,jeNu3yMptZCf7BBDNAwD1Q,9723,-0.008222771715976249,6.514283805415209,-0.8222771715976249,6.606425357857498,-13.770870872998321,12.126316529803072
ABS,Gmzktdi7SyRTsixKUD1NIw,11403,-0.008250323032183907,12.930099640076197,-0.8250323032183907,12.108554739150234,-24.557799591952847,22.90773498551607
IPN,Knu4mFH3bGZSlmYaSx6lVw,26252,-0.008274511708440204,3.708768746819666,-0.8274511708440204,2.289014568581842,-5.313919725264431,3.6590173835763897
IPN,3Odsnt9qtJIPEBhX8ySZBg,6105,-0.00828009827228768,1.6483499939987052,-0.828009827228768,2.1096314767259727,-4.962887521611674,3.3068678671541383
IPN,bBDxvjNd+M5HKOcOEj2f5w,7272,-0.008313393845285389,0.9658750358197663,-0.831339384528539,1.1326455061984506,-3.0513245766775023,1.3886458076204242
IPN,83JfFcR1Ib8GBYclbgzGhA,5042,-0.00849818213976172,3.625319058922964,-0.849818213976172,5.1055768015356096,-10.856748744985968,9.157112317033622
ABS,fuKlD+jGosuEWHVInYbjmA,7933,-0.008667957728460279,8.49970599380173,-0.8667957728460278,9.543005552458073,-19.57108665566385,17.837495109971794
PTY,nvLxePrX3UbzmqHjJsAvMQ,8635,-0.008735954855230583,8.86517122853371,-0.8735954855230583,9.54016656695937,-19.57232195676342,17.825130985717305
IPN,2KB6LzDDY30ShpcJAHbK1g,10613,-0.00889399747400114,1.300141782466211,-0.889399747400114,1.2620356796979613,-3.362989679608118,1.5841901848078903
PS,Mh2r9hTeTEDnh19sRZtW3g,6100,-0.008933607430243101,3.2932308707436855,-0.8933607430243101,4.216550055887158,-9.15779885256314,7.37107736651452
PTY,MEaayLF9sLh7KZ+sV0BzAw,5387,-0.008980385781424328,8.023034851454504,-0.8980385781424328,10.931133315739176,-22.323059876991216,20.52698272070635
PS,7/lGdfcaBuMpBBCLs7e+Eg,14204,-0.008981627817413872,5.526555847913847,-0.8981627817413872,4.637129572301349,-9.986936743452032,8.190611179969258
ONG,b+yIOlJm6BEHXRAYmAq3Jg,16292,-0.009000072378977098,9.693480699374465,-0.9000072378977098,7.5943839357663485,-15.784999751999752,13.984985276204334
PS,bRWruWXL1+KnPOXperzFdw,10529,-0.00903504854479467,4.282155845939538,-0.9035048544794669,4.17319718955369,-9.0829713460047,7.275961637045766
PS,0smcry9L0OOTCP+KzIS5SA,5014,-0.00907783201287527,4.332094677332658,-0.907783201287527,6.117947906309093,-12.898961097653348,11.083394695078294
IPN,oYYGZbBpGPpsYFOvIvJsaw,33422,-0.009142690348058776,0.9919246423922525,-0.9142690348058776,0.5425783520215309,-1.9777226047680783,0.1491845351563229
FTP,XHnluusTPYIPnCu1/ANV0A,5782,-0.009205041697428574,4.895314703682519,-0.9205041697428574,6.437860661192256,-13.53871106567968,11.697702726193965
PS,p9MtWTPHieuXRSovPUAetA,5061,-0.009222484440512393,4.901208727330388,-0.9222484440512393,6.889457565444267,-14.425585272322003,12.581088384219523
PS,4ZlP3I9qzOEHaE/DC2gk/Q,6943,-0.009234481413750642,4.608491493497271,-0.9234481413750643,5.530765021672468,-11.763747583853101,9.916851301102971
IPN,4SKHMdsOQSv96ADF2yFJ5w,5802,-0.009421320135779974,1.0866556352815167,-0.9421320135779975,1.4266028073563584,-3.7382735159964597,1.854009488840465
PS,k13imWXtVhwoCBNyUZM81Q,5936,-0.009455862281859082,9.474185436154865,-0.9455862281859082,12.29687999229454,-25.047471013083207,23.156298556711388
IPN,GN4igOZAy6Bns5hTiWt4wA,15669,-0.009470452239209231,3.8224605478682436,-0.9470452239209232,3.053671890915097,-6.9322421301145125,5.038151682272667
IPN,2y8A/9+KjHKLEDA5rOAmEQ,15854,-0.009503215585212712,4.173464783254597,-0.9503215585212712,3.3145709996142414,-7.446880717765184,5.546237600722641
IPN,BqMTLyYlBiEOSvBUF/qiOw,9553,-0.009529292552268757,3.2339736266157892,-0.9529292552268757,3.3087700424176383,-7.438118538365447,5.532260027911696
IPN,Tc/cakQnthA7ihs2GNS5BA,56861,-0.009538215626573565,4.601765131155868,-0.9538215626573565,1.9298217748028685,-4.736272241270979,2.8286291159562653
IPN,wR+BGbwoCbvJs5oXM2hlsQ,16823,-0.009549426506682836,1.004548000439964,-0.9549426506682837,0.7744956289593494,-2.4729540834286086,0.5630687820920413
IPN,taO0nBe8omf7xhauukq0hQ,15299,-0.009551059842086304,3.1115459816445568,-0.9551059842086305,2.5156180427081405,-5.885717347916586,3.9755053794993245
PS,VmwkdGvxXk30gykr5+n34Q,6283,-0.009588573296373103,5.455795826457686,-0.9588573296373103,6.882949440244713,-14.449438232516947,12.531723573242328
PS,gGPaCoSWW1HoKYaqfAPecg,5066,-0.009660483783194071,10.34100365043215,-0.9660483783194072,14.528811819090985,-29.442519543737735,27.51042278709892
IPN,FLtlm0YRFy1EvOqRjz6ksA,9831,-0.010006510814879774,3.2800255061529793,-1.0006510814879774,3.3080980465211915,-7.484523252669513,5.483221089693558
ONG,glHVzATLDWmzXTS/ZWSHYw,10055,-0.010032486621788756,9.849468799178972,-1.0032486621788756,9.822493980249813,-20.25533686346851,18.248839539110758
IPN,OCpZGR+DFpvK/fu8mBhzPg,6905,-0.010295076390956295,3.52647039835737,-1.0295076390956295,4.243834130271611,-9.347422534427988,7.288407256236728
PS,YC3uy51+QwwtVfHF72x3ng,8196,-0.010328208390857865,7.7383184735897945,-1.0328208390857865,8.547628224593224,-17.786172159288505,15.720530481116931
IPN,7hG0cVamx/fCdP8Uq5T3Ew,31672,-0.010332154483167653,1.0460197883041853,-1.0332154483167653,0.5877628816778765,-2.1852306964054034,0.1187997997718726
PS,edaV8ECmbIS2JEd0j73+yw,7943,-0.010357128699881956,7.031952843919926,-1.0357128699881957,7.890121090707504,-16.500350207774904,14.428924467798513
PS,enh6PW4Ne1ciy/tMHyGPHA,18670,-0.010365022301482337,5.348252779783977,-1.0365022301482336,3.914170744523395,-8.708276889414087,6.63527242911762
IPN,KWeUn1adU4nMk0BWnfC0DA,11149,-0.010445779487684454,1.9050582040689021,-1.0445779487684455,1.8042233172577056,-4.5808556505935485,2.4916997530566576
ABS,9JWdjSzP8ahtLjYhnCpsLQ,7708,-0.010449426353062815,8.869608520457401,-1.0449426353062814,10.102610252841748,-20.846058730876106,18.756173460263543
IPN,GMLEyZWcpGS6RTf31j7g6g,9928,-0.010480795064633359,3.105358861027129,-1.048079506463336,3.1165988856089446,-7.156613322256867,5.060454309330195
IPN,gBY0XM5hnOzqIB7l18+Hgg,7712,-0.010547550402859929,1.2972180818414123,-1.0547550402859929,1.477166613193375,-3.9500016021450075,1.8404915215730218
PS,hNyvyIdvcD9iijaAUg40xA,12300,-0.010583333385790266,6.691037021364476,-1.0583333385790266,6.033104906599972,-12.883218955514971,10.766552278356917
IPN,dALp7ZDkkcTzRKxpkmZ1RQ,6346,-0.010589347740772054,1.132431737727591,-1.0589347740772053,1.4215495381889658,-3.845171868927578,1.7273023207731675
IPN,e//6GLzjWFraHpghSirBTA,29563,-0.010624178517305516,2.0252845164953066,-1.0624178517305516,1.177909137550233,-3.371119761329008,1.246284057867905
IPN,qplLw4t+tyNUF2jt2QpbEw,5196,-0.010715679699315576,3.579716559235155,-1.0715679699315577,4.9660840943953595,-10.80509279494646,8.661956855083346
IPN,4vLVKisealhHFXyJ0ACUZQ,7365,-0.010787510159706795,3.921495883464705,-1.0787510159706795,4.569465343877145,-10.034903089969882,7.877401058028523
PS,Py0ubNZXkt3OlF7elzBuPw,18446,-0.010796017485765565,6.373500081937826,-1.0796017485765566,4.6927443293907105,-10.27738063418235,8.118177137029235
IPN,mGjYek34cXwILetNw4KftQ,11586,-0.01082206963875453,2.787408033955293,-1.082206963875453,2.589606552910436,-6.157835807579907,3.9934218798290018
ONG,KQxHFi+ES6jeI5hKSyCr8w,6976,-0.010893423943844445,10.83590875051441,-1.0893423943844445,12.97364778187573,-26.517692046860876,24.339007258091986
ABS,GvXpYUfblwi0wt/QQJcPkg,5247,-0.011086080679842148,6.106700162670259,-1.1086080679842147,8.430455972883326,-17.632301774835533,15.415085638867104
PS,Yrah4Cc+CYg6deoO9z1Z4A,5002,-0.011088563197451393,5.4292655401353365,-1.1088563197451393,7.676605792927112,-16.155003673882277,13.937291034391999
IPN,ZY+E7ldQ9U24rhJzLGE+6w,16544,-0.011098938001539537,3.884128521915953,-1.1098938001539538,3.0197662789243247,-7.02863570684563,4.808848106537722
IPN,kQYumww8MHAt/UOZM4qZtA,14409,-0.01130890443345064,3.0638645304571877,-1.130890443345064,2.5524229344717284,-6.133639394909651,3.871858508219524
PS,79u7r6AwFwToSZB/Ri6zng,10521,-0.011393406079183932,2.5082331704935097,-1.1393406079183932,2.445340814691119,-5.9322086047129865,3.6535273888761997
PS,VtST15yuXMkMQz/28lzv6A,5355,-0.011408962246750583,6.620310372538905,-1.1408962246750582,9.04687548177377,-18.872772168951645,16.59097971960153
IPN,2X9IVE5RIG9JnaMiwDWa5A,5681,-0.011485652863989832,6.537739957189537,-1.1485652863989833,8.67391671045231,-18.149442038885514,15.852311466087546
PS,xpkFWlyF+b+acztFLZLfPw,5041,-0.011489785413991788,4.807083852655013,-1.1489785413991789,6.770540637542272,-14.419238190982032,12.121281108183673
ONG,z/emukuQh6F15SFaVo+EEQ,7416,-0.011526806641695569,7.974000066053424,-1.1526806641695568,9.259581836638269,-19.30146106398056,16.99609973564145
IPN,ykYSJBZmQtPu7XgprfzixA,60844,-0.011532027913334257,3.2472784373842383,-1.1532027913334257,1.316469039521892,-3.733482108796334,1.4270765261294827
PS,g307xB7wKFH61icGrrYAiQ,10692,-0.011591688914658635,15.765220724786781,-1.1591688914658635,15.246514829972615,-31.042337958212187,28.72400017528046
PS,UkTTqtw8enWVKcqz1erCzg,11609,-0.011592298502708829,5.372451289123907,-1.1592298502708829,4.986261844199598,-10.932303064902095,8.61384336436033
PS,cm6C9BSjN/08u7a1ZjlPMg,10901,-0.011730650430802368,5.114920887097966,-1.1730650430802367,4.8989809537461415,-10.775067712422675,8.4289376262622
PTY,4wJQEX3W/z4sKjEL40/fRA,8550,-0.01175840425724436,7.8520589406612835,-1.175840425724436,8.49181440104389,-17.819796651770456,15.468115800321586
PS,4Z3Ucf/0ga3ZKdfuLOmnYQ,12686,-0.01178168897839604,2.7542051966730203,-1.1781688978396039,2.445310089894677,-5.970976674033171,3.614638878353963
PS,SzKC4JeFFXtn45SbA2DJBw,9668,-0.011785785412129953,7.144388520486211,-1.1785785412129954,7.266022579416582,-15.419982796869496,13.062825714443504
IPN,nnKLM/UWzkFM76nSGFaICg,5109,-0.011801233401758654,3.5927564274521395,-1.1801233401758653,5.026432139874162,-11.031930334329221,8.671683653977492
PTY,Cv5vyv0nATJ8peKxiR6GAw,10115,-0.011944535785841282,8.194978746619462,-1.1944535785841282,8.148260182488475,-17.16504353626154,14.776136379093282
IPN,xYQfBGECbmF2VISCZM5KsQ,5580,-0.012053763716878857,0.9829119256168588,-1.2053763716878856,1.3158230954403936,-3.784389638751057,1.3736368953752858
ONG,mB519gbyM5OkkjmWz+5TeA,8199,-0.012170795233133493,11.731101928373906,-1.2170795233133493,12.955624886112396,-26.610104300093646,24.17594525346695
IPN,oGqrLKWuoSthx0a5ER50iw,10557,-0.012189542862166846,2.649422115783696,-1.2189542862166847,2.5785817015472263,-6.272974421249248,3.8350658488158786
PS,U0Dz8YBGOdtMLHswkaE83A,9150,-0.0122162110027679,6.083999642110067,-1.22162110027679,6.360315114473876,-13.687838724645585,11.244596524092005
PS,QqiZLFrN8iOUT/GHw7ztOA,7170,-0.012252438107227473,9.376912873603391,-1.2252438107227472,11.073892490638087,-22.930073092373398,20.4795854709279
IPN,XOND3x6TeE5vCpnR2uEVwQ,7341,-0.012309903556783198,1.7693686289891506,-1.2309903556783197,2.0650982130842817,-5.2785828533235115,2.8166021419668716
IPN,Mx7tx4WERXwlpnHObwPCkA,7334,-0.012404554199710802,3.54741890312478,-1.2404554199710802,4.142304523581696,-9.359372286191206,6.878461446249045
IPN,3IVtJBmA7pSa1HSk8+74Zw,5272,-0.012461114522177099,1.3868581678512484,-1.24611145221771,1.9100482925234783,-4.989806105563727,2.4975832011283075
PTY,qBrqFtXf6qEkPgcgx2RUCA,18349,-0.012539541387085018,7.101148559186222,-1.2539541387085018,5.242306366675919,-11.528874617393303,9.020966339976301
IPN,vBTY/wvcIGLqE2imSNgt4g,8395,-0.012612864557939885,3.9279578419638166,-1.2612864557939885,4.287029457593453,-9.663864192677156,7.14129128108918
ONG,gUXe1TsPLpcHfJAp7yLIJw,6310,-0.012707735846046411,8.990861982024192,-1.270773584604641,11.318442041085586,-23.45491998513239,20.913372815923108
PS,7u7CVWLfH5mxzeWdRgWV4Q,45026,-0.012742372533917157,7.845517272459854,-1.2742372533917157,3.6973443427223813,-8.521032165127583,5.972557658344152
PTY,W2RNn04Vn1XXY9WsGx41vg,16938,-0.012814896627147732,11.3860882782103,-1.2814896627147732,8.748699151963974,-18.42894000056416,15.865960675134616
PTY,f3miHZWyCp66taKAIJ+WYA,5077,-0.012923577738390538,5.969639533577861,-1.292357773839054,8.378080445405512,-17.713395446833857,15.128679899155749
FTP,pZu53JHaEOXAKktuceol5w,8609,-0.012958738559532255,5.511436648289564,-1.2958738559532255,5.940027639958223,-12.938328030271341,10.346580318364891
ONG,wl34+lQmS4XvKT5nueFucw,18067,-0.013119316863122588,15.46501506191987,-1.3119316863122588,11.505548435555125,-23.862806620000306,21.238943247375786
PS,W5whx78vzQFB+zbqFqjLZw,13217,-0.013168898577319697,5.944550378898023,-1.3168898577319696,5.170738407543343,-11.451537136516922,8.817757421052981
PS,gmosVez808EonNi2RoiZWg,13475,-0.013186272974912223,3.397238969364508,-1.3186272974912223,2.9265888271573393,-7.054741398719607,4.417486803737162
IPN,Iaja74XhZKARdCVB7OU/Wg,12771,-0.013318064516912975,3.9735785255719795,-1.3318064516912975,3.5161658164946172,-8.223491452020747,5.559878548638153
PTY,ADnen6SxlM6eDWCNG1JcFw,15957,-0.013365547031541438,10.173382812769466,-1.3365547031541438,8.05359459786141,-17.121600114962508,14.44849070865422
IPN,ZJyYVc8ucDo57tzezWoOfg,6407,-0.013407210133759302,2.9656562222613516,-1.3407210133759302,3.7050446352770363,-8.602608498518922,5.921166471767061
IPN,PNi8nf/cOQIDma4l2OjqVw,7271,-0.013485077453469529,0.9895518686251173,-1.348507745346953,1.1604902363393934,-3.623068608572164,0.9260531178782581
PS,ubtx4Z5L+AcK71MTvYiGVw,12561,-0.013584904940338444,8.169373408191275,-1.3584904940338445,7.289145839416097,-15.645216339289394,12.928235351221705
PS,BqmhAX/T1pkiitVpoZt2Zw,7939,-0.013610447790848622,5.861677075049932,-1.3610447790848623,6.578683425791621,-14.25526429363644,11.533174735466716
PS,9k3x0UABipI6tcG/f0VsBQ,11063,-0.013621082344053452,7.681831749744141,-1.3621082344053452,7.3034546122772666,-15.676879274468789,12.952662805658097
PTY,Ly5Ywbek1fsWUbPanzxqWw,9409,-0.013621743208214914,7.686456926066146,-1.3621743208214914,7.924182398006336,-16.89357182091391,14.169223179270928
PTY,4CIfCFjW57F8uf8CwvVlAg,6181,-0.013644394592713951,4.55417123949868,-1.364439459271395,5.7926859582605426,-12.718103937462057,9.989225018919267
PS,5hhr/hIobq1q7KRHjKuQug,7901,-0.013680493108548178,6.806369962299441,-1.3680493108548177,7.657279871178561,-16.376317858364796,13.640219236655161
IPN,05cxHQb1+VEYT+g7WFVH2A,7394,-0.013717203082862919,3.7860498262733704,-1.3717203082862919,4.402978878113687,-10.001558909389118,7.258118292816533
IPN,52hwdRyEiH9VhptDuo63Zg,29008,-0.013739887783195981,3.482332853249386,-1.373988778319598,2.0446142661941944,-5.381432740060219,2.633455183421023
PTY,ZeDmP7zhcaan/mZTZ2spiQ,7123,-0.013753613600122717,7.730133727541987,-1.3753613600122716,9.159157662909646,-19.327310379315175,16.576587659290634
PS,O/TOE3IH7EqY+7mqanrceQ,5784,-0.013762966315242698,5.087883173608641,-1.3762966315242697,6.689951795653223,-14.488602151004587,11.736008887956048
ONG,q3qInv312SCuJq4KXOlaxw,26725,-0.013785470204447006,11.182602291803027,-1.3785470204447006,6.840439758965012,-14.785808948016124,12.028714907126721
IPN,wLSaDARnIcITItaRR1Psdg,13186,-0.013824763662189847,3.7611577555294873,-1.3824763662189847,3.2754050468338756,-7.8022702580133805,5.0373175255754115
ABS,OAGYr64FT7hajWrTvT3hmw,8280,-0.013830556355614736,6.6335806755369635,-1.3830556355614736,7.290089276907847,-15.671630618300854,12.905519347177906
PS,qxWFg3MZuVyidB0SJh5ywg,7115,-0.013832161970860676,7.174750587265607,-1.3832161970860675,8.505882053044626,-18.054745021053535,15.2883126268814
PS,2evIzzZ5Uo3OCXsCcSr5tw,10236,-0.013856810462654173,5.099856703665063,-1.3856810462654172,5.040723026147733,-11.265498177514974,8.494136084984138
IPN,oyYjx5kmXyGIced1U+ufiA,5775,-0.013870129213704691,3.554347407688856,-1.3870129213704692,4.677177802729488,-10.554281414720265,7.780255571979327
ABS,TqgvwA+ME+meLFjJeQBgwQ,9159,-0.013876242367692072,10.174725082165189,-1.387624236769207,10.63160062585669,-22.22556146344832,19.450312989909907
IPN,B3uPZvzxjcNMxLHRPbU7rA,5048,-0.013897418267375505,1.168727162054147,-1.3897418267375505,1.6449528888643237,-4.613849488911625,1.8343658354365238
PS,K3Ak/xji5XOF/8Ohbfl44Q,9816,-0.013942037098612196,4.175423624017584,-1.3942037098612197,4.214375894593802,-9.654380463265072,6.865973043542633
PS,f7Ru58xakF8ZOMw2AnNkLw,6479,-0.014118692732865583,9.397799596092213,-1.4118692732865583,11.675411324030193,-24.29567546838574,21.47193692181262
PS,uM/zH7YMSWKrSDTFuuod5Q,8433,-0.0141260542804224,3.551034006842362,-1.41260542804224,3.866907479981211,-8.991744088805413,6.1665332327209335
PS,mCPp22hC8fjyqvL/3m1XNw,5610,-0.014171122984027692,13.608723640757965,-1.4171122984027693,18.16920663516657,-37.02875730332925,34.19453270652371
PS,YSZU/z6XRzTbiE48su5f1g,15094,-0.01417185635844842,4.3191290021200945,-1.417185635844842,3.5155558580720827,-8.307675117666124,5.4733038459764405
IPN,CMPQrg4WOC5QkecW9keSdw,5655,-0.014234305250233618,3.6660938872683704,-1.4234305250233619,4.875142091881295,-10.9787090251107,8.131847975063977
IPN,1CmLC8kjcPnGeGqNqtDS3A,15952,-0.014247429795346505,3.260627512108489,-1.4247429795346505,2.5816277352164785,-6.4847333405589485,3.635247381489647
PS,74t5UAApEajXg9J5E3e0Cg,6251,-0.014442488405131813,5.615761699808409,-1.4442488405131813,7.1028709003086785,-15.36587580511819,12.477378124091828
IPN,muuCdWs+LcNPW42BQLnK9Q,26714,-0.014522846278614507,2.7877465007950515,-1.4522846278614507,1.7056260428093128,-4.795311671767704,1.8907424160448023
PS,I1TxPvWj8NfG8orglCinNA,12878,-0.014658979526549546,6.422381581500277,-1.4658979526549547,5.65941960517403,-12.558360378796053,9.626564473486145
PS,X8df1JIWfueKCmTb2VK+mw,9788,-0.01466770656787477,3.14988636570064,-1.466770656787477,3.183815599301942,-7.707049231419283,4.773507917844329
IPN,5fFMA/X9S+hAYArQ2tW/oQ,15093,-0.014746073857300293,3.3123343221290926,-1.4746073857300293,2.6961644541644865,-6.759089715892422,3.809874944432364
IPN,XyRE3Zh0FKShygCLEAzBjw,15114,-0.014809945075461768,4.192337492050153,-1.4809945075461768,3.4100953936296956,-8.16478147906038,5.202792463968026
PTY,s1oFxLbXF8ZX3MbfdXUaZw,15004,-0.014852041615730872,8.608789276187093,-1.4852041615730873,7.028109991065652,-15.260299744061765,12.289891420915591
IPN,G99bxLuQXI4spv8pSXG0jQ,6538,-0.014910268652289605,3.9637660405471604,-1.4910268652289604,4.902138242826466,-11.099217821168834,8.117164090710913
IPN,R5F5LG2ufo/yKgBalQRRkg,7471,-0.015011376827823606,3.9619685356213195,-1.5011376827823606,4.58375771584352,-10.485302805835659,7.483027440270938
IPN,3s4xwCWsOBtubg68n/pMyQ,13230,-0.01501700630353782,1.3565880597133673,-1.5017006303537819,1.179418859598693,-3.81336159516722,0.8099603344596564
PS,RhM6nuLhqekZ3AHFTLn3Nw,9515,-0.01508104946117807,13.612149226885391,-1.508104946117807,13.95475786338642,-28.85943035835519,25.843220466119575
IPN,sjiVB0cwXLSixfyfEiaPfg,7430,-0.015109354955511491,3.6092173302213055,-1.5109354955511491,4.187151039961814,-9.717751533876305,6.695880542774007
PS,wGigCmBR/9XWkPpvYos3aQ,42904,-0.01517608881393684,8.441803102793543,-1.517608881393684,4.075550946785362,-9.505688737092994,6.470470974305625
ONG,M07yJsj9TIjrksxh10YZ7g,5274,-0.015270667009346631,5.936331653822282,-1.527066700934663,8.174253343115176,-17.548603253440408,14.49446985157108
ONG,5O4C4x2kL2QoDmV3Q4uWag,10980,-0.015506982869164973,10.45834188092406,-1.5506982869164974,9.980715234503474,-21.112900146543307,18.011503572710314
PS,M2QO2DxB5Wawg2h8HSpnYA,8931,-0.015585786747358145,6.658259080073341,-1.5585786747358146,7.045480955942443,-15.367721348383002,12.250563998911373
PS,bJ1XOeswR4EILwHe3gZwpw,5463,-0.01561504716038944,7.361631981024575,-1.561504716038944,9.959980826090648,-21.083067135176613,17.960057703098727
IPN,qBSthJsKg8k2yucgLKd2pA,5373,-0.015620742610950566,1.838687610778462,-1.5620742610950566,2.508415810642441,-6.478569249954241,3.3544207277641274
IPN,ApjNOCAknf62LNLi6CQYbw,13328,-0.015633328550574588,2.59790361047787,-1.5633328550574588,2.250300628397844,-5.973922086717233,2.8472563766023162
PS,8EbrQ/EvFWt2cr0GaU82gQ,10691,-0.015659279605967327,2.616207792366078,-1.5659279605967327,2.5302478826054973,-6.525213810503507,3.393357889310042
ONG,nH5qc5zc2D7NiSL9jENbwg,10190,-0.01566633816124822,10.26068901295757,-1.566633816124822,10.164579874454674,-21.489210370055982,18.35594273780634
PTY,fNRvcqd3sH3zLqGyoxsN0Q,9892,-0.015701376120878095,3.840451781956053,-1.5701376120878094,3.861359729198879,-9.138402681317611,5.998127457141993
PS,b8xy37C77ePmPWcUaQLC5g,10908,-0.015742174089829215,10.255180625395878,-1.5742174089829215,9.819078891910667,-20.81961203712783,17.671177219161986
IPN,HtkYdcJbnsmMo+9lWwI9Wg,6730,-0.01576374480486979,3.579024606255607,-1.5763744804869788,4.362718104611137,-10.127301965524808,6.97455300455085
FTP,RouSpaCyYwBgSqjmMuTZ1Q,9523,-0.015808478895069002,10.968091004439328,-1.5808478895069003,11.239426537684304,-23.610123903368134,20.448428124354336
PTY,vYkCCO/lH0HVLbJbbzr5zw,12138,-0.01586007362197545,11.520922302179471,-1.586007362197545,10.45715826987805,-22.082037571158523,18.910022846763432
PS,mrsCUICxBf1clod9hlaevQ,6051,-0.015874787549443766,9.837704916139112,-1.5874787549443765,12.646787322358795,-26.375181906767615,23.20022439687886
PS,cP5N2hni2lsxIl+VHILu4Q,11837,-0.015910896896633674,8.458553214036996,-1.5910896896633675,7.774550019735783,-16.8292077283455,13.647028349018768
PS,tcDl5n/c8Uakpn2A7eSNZA,5879,-0.015930429971006212,4.188294015289044,-1.5930429971006212,5.462424296464086,-12.29939461817023,9.113308623968987
IPN,yeU4myi/iRu4fEFAzZQfcg,6752,-0.016084123473455555,0.9153713340524897,-1.6084123473455554,1.113989483753177,-3.7918317355017823,0.5750070408106716
PS,Sp/kFo6JB7MsmzapMjN+MQ,5944,-0.01610699737608097,4.215649339459018,-1.610699737608097,5.467956846467781,-12.32789515668495,9.106495681468754
PTY,Y0zMnWQ/TPpPHDnxemLkPw,5848,-0.016133207599116454,3.510366778009022,-1.6133207599116455,4.590381850540463,-10.610469186970953,7.383827667147661
PS,2anuDyUSTIVhaaEIdZqcEg,6255,-0.0162669859643427,4.1980827966917245,-1.6266985964342702,5.308078570454503,-12.030532594525097,8.777135401656556
PS,V6p0jQ/RhUsqpHLmXvEX4Q,13077,-0.016475492150418717,6.27657856758745,-1.6475492150418718,5.488692591145586,-12.405386693687221,9.110288263603477
IPN,ZsSCaUdTW3HhyOR8VmJ0Aw,14536,-0.0165335489749646,1.4721893703092483,-1.65335489749646,1.2210718532774794,-4.046655729920319,0.7399459349273996
IPN,4UVEv3CyeBAPENTzketm3w,7612,-0.01655077520822514,1.6928854906265487,-1.655077520822514,1.9403415915298692,-5.458147040221057,2.1479919985760296
PS,JuAVoTfoxRTI/0dt1FigPg,7741,-0.016605739974177493,6.4198911763044135,-1.6605739974177494,7.296744386400996,-15.9621929947637,12.641044999928202
IPN,6b/U4Y18Ze3upNECpsNwzQ,18566,-0.016666666515990986,3.482985511796934,-1.6666666515990987,2.556186252734792,-6.676791706959291,3.343458403761094
PS,+sGQGE4x1pd5JqoPtHOlOw,12937,-0.01669153337625104,3.2582321585675986,-1.669153337625104,2.8646082394830015,-7.283785487011787,3.945478811761579
IPN,XfxfC2uDAOunUFZ5lTVAFw,11872,-0.01671053690087763,1.2847881751831207,-1.671053690087763,1.1791514431651438,-3.9821905186914446,0.6400831385159185
PS,wW2yMsdaDMWAy7w3WAeyEw,17551,-0.01675574043397932,3.9998073853951945,-1.675574043397932,3.0191740138615453,-7.59315511056656,4.242007023770697
PS,Rk40XvJnbYw8ikRCBlDUEQ,22378,-0.016767919473836143,3.5707961077272135,-1.6767919473836144,2.387010986769999,-6.355333481452812,3.0017495866855834
PS,v4NvM4DfzG6aPGzUkLQJdA,13230,-0.01679251735181022,5.745681139476186,-1.6792517351810219,4.9953002671795135,-11.470040258852869,8.111536788490824
PTY,MIZHvTl36lXNyQ0PVhjuUw,8355,-0.01687444714480428,2.01273172228527,-1.687444714480428,2.201976421910377,-6.003318501424767,2.628429072463911
PS,5PEvQhppou+ACm933EyAuQ,9179,-0.0168961750079437,6.218011696858306,-1.6896175007943701,6.490136780956404,-14.410285591468922,11.031050589880182
PS,chcQaINmc7q5SDwWAq7gwQ,15408,-0.01691832146366772,5.540209902284878,-1.6918321463667718,4.463269224592418,-10.439839826567912,7.0561755338343675
IPN,cse8xS5GH6Hmdz9ycXqPRA,6585,-0.016931662345892023,4.89250861955474,-1.6931662345892025,6.029116972585862,-13.510235500857492,10.123903031679086
PTY,kRkoJo8WAd1sRlLjs4ZFdA,10862,-0.016957007667838243,5.937420774530309,-1.6957007667838242,5.696956829591783,-12.861736152783719,9.47033461921607
PS,HTuEqtvnfJS+tJjsOks05Q,31192,-0.01696156092453509,6.877245243971029,-1.696156092453509,3.8939726832372057,-9.328342551598432,5.936030366691414
PTY,wkx4V03OB0OQ4nPoDMTiqQ,8429,-0.017044253830299328,7.413161315473125,-1.7044253830299327,8.074496002310989,-17.53043754755947,14.121586781499605
IPN,AEyLdlA/NAXg8D3ihn2z6A,17287,-0.01707294452471062,3.473743743680808,-1.7072944524710618,2.6420313197007785,-6.885675839084588,3.4710869341424644
PTY,0nwVd2ntrOn7TxD2znrGNA,6977,-0.017099759890781323,9.168584335017691,-1.7099759890781323,10.976602130721052,-23.22411616529139,19.80416418713513
IPN,ICaRRU3AoeaIBAh8XxTy6A,5531,-0.017103688106078218,1.414632243933535,-1.7103688106078219,1.9021366938595587,-5.438556730572557,2.017819109356913
IPN,Y86D80BfhBU+dO3ZffQWuA,20127,-0.01726648236207104,4.291713848363454,-1.726648236207104,3.0251104387294667,-7.6558646961168595,4.2025682237026505
ONG,PAdoaz3AYr8nojUfOFzzig,41777,-0.017271725566598988,10.421959992236784,-1.7271725566598988,5.0989502732356895,-11.721115092201849,8.266769978882053
PS,J2fAoZKgsPb+T3znw6vuQA,11511,-0.017468507134246945,4.096757588232113,-1.7468507134246944,3.8184203846594245,-9.230954667357166,5.737253240507777
PS,wJ4yTj40EWc5BLxmpU15xQ,7522,-0.017480721602618012,6.146635500994764,-1.7480721602618012,7.087136466851255,-15.63885963529026,12.142715314766658
IPN,SoSKDjy4GCC7Kyp+2sLL5w,12229,-0.01753005157537458,1.3869881061252962,-1.753005157537458,1.254230230736258,-4.211296409780523,0.7052860947056077
PS,vgGEOcusG2MRQAN5U8BHEg,8267,-0.01764258609939778,4.544522416571397,-1.764258609939778,4.998207492253946,-11.560745294757512,8.032228074877954
PTY,kQ3/RcSMCYbNRMuQ7Mdztg,6041,-0.017650225987706315,7.302873223940232,-1.7650225987706314,9.395920718388345,-20.181027206811788,16.650982009270525
PS,jH9MknAp8wTIOizG8LvGpQ,5882,-0.017813242572261256,7.4953071654181755,-1.7813242572261256,9.77297809384615,-20.93636132116458,17.37371280671233
IPN,ZAg33fLDHy+NbSytdt2KeA,7548,-0.01786996573446665,3.8999416805271276,-1.7869965734466648,4.488923114219558,-10.585285877316998,7.011292730423669
IPN,G/dpbdz2/7w3iRAj1+2Z8g,9406,-0.017900276052275035,2.933817175032401,-1.7900276052275035,3.0250360839292645,-7.719098329728862,4.139043119273854
IPN,Mifj7RGcJg3XvvXZ/BcJ3w,7563,-0.017981621365721824,4.750051229189319,-1.7981621365721825,5.461994309087501,-12.503670982383685,8.90734670923932
IPN,DaSni7WDtPP1z8TYQRD+Qw,7348,-0.01807464595131726,1.299704922955852,-1.807464595131726,1.5162129098034876,-4.779241898346561,1.1643127080831093
PS,6e3F124M8aHa0gZgGEqHrQ,5924,-0.018242742987645187,2.7243525553574672,-1.8242742987645186,3.539613016563667,-8.761915811229306,5.113367213700268
PS,mAoqsxhtmCj+tEuoQhLK2A,18395,-0.018276615880154324,4.024009761667552,-1.8276615880154323,2.9669424988100648,-7.642868885683159,3.9875457096522946
IPN,f/WOkpaRsU7PIlDdC5ayEA,8671,-0.01833836913535015,2.238948618723668,-1.8338369135350152,2.404415583340466,-6.546491456882329,2.878817629812298
ONG,p59n0/8R1c9VqVdtpr9XxA,10841,-0.018372690635170184,13.53135502608834,-1.8372690635170184,12.99590765421529,-27.309248065778988,23.634709938744948
PTY,gYvvpVsZa538L5W+PoHsiA,15291,-0.018394905475218763,12.344777199440431,-1.8394905475218764,9.983097483732717,-21.406361615638,17.72738052059425
ONG,1Q9tLDVyNooMTGCbNSVGww,7113,-0.018424011096012636,5.897283190144216,-1.8424011096012636,6.992388967956775,-15.547483486796542,11.862681267594015
PTY,Pc6cWsiCTdOgxOuA5fpMAA,8778,-0.01848827032713989,9.478335265041045,-1.8488270327139888,10.1165929965559,-21.677349305963553,17.979695240535577
PS,ppSfAUqJ2iI/LfoBGgHizQ,36089,-0.018495941352807407,5.901584724703138,-1.8495941352807406,3.1065705598119813,-7.938472432512224,4.239284161950742
IPN,LEz9hs5xy18oLZFxXPqNTw,8753,-0.018496895618170694,3.493494437933754,-1.8496895618170694,3.7340625782303314,-9.16845221514852,5.46907309151438
PTY,XsIFk4GIX+XIjNDimIycLQ,5445,-0.018624608642853542,4.537458792714503,-1.8624608642853542,6.149131094311367,-13.914757809135635,10.189836080564925
ONG,Wfer4zz8jv7ecyIsqw41WQ,8547,-0.01864826013105814,11.598952322628401,-1.864826013105814,12.546191475366957,-26.455361304825047,22.725709278613422
IPN,ODWGeBs/tvSSKuCCkJ6vZQ,8840,-0.018649320122343382,3.4686287482957026,-1.8649320122343382,3.6891956402837907,-9.095755467190568,5.365891442721891
IPN,Iq6fvr41t60QQuexBwGeMQ,8641,-0.018689001797112227,1.2136722197709322,-1.8689001797112228,1.3056278602759077,-4.427930785852002,0.6901304264295565
PS,3vFaGWZ+ZBxlCH9r5LoozA,10920,-0.018909800858253906,6.826401337378272,-1.8909800858253907,6.53251624686315,-14.694711929677164,10.912751758026383
PS,V6xN9lNigNx0XPKNq5NkxA,7158,-0.018910486837648652,7.577581113242023,-1.8910486837648652,8.956426100496813,-19.44564384073862,15.66354647320889
PTY,JeqQNNaefQ85ghoYbq+PlA,10387,-0.01894839762614903,5.4501875104066375,-1.8948397626149032,5.347691904161236,-12.376315894770926,8.586636369541118
IPN,cXqNyxMi2nCqKWtAXQeenA,7378,-0.019082745794165454,2.7613202872013187,-1.9082745794165454,3.2147518742589978,-8.209188252964182,4.39263909413109
IPN,U/zpPLM23XwGwv2lOwNhyQ,5667,-0.01913710946398941,3.514402435431205,-1.9137109463989408,4.668473359873539,-11.063918731751077,7.236496838953195
IPN,2CSFcy2ecPqLq4H5ZxCtjw,7668,-0.019151017295238434,0.949695599447327,-1.9151017295238433,1.0845345041903305,-4.040789357736891,0.21058589868920463
ONG,voPQE/Ynf0DjPqdCQeTILQ,20221,-0.019230627406687524,9.714266345067818,-1.9230627406687524,6.831383904785017,-15.312575194047387,11.466449712709881
PTY,7gqi6rMWzhzI5BqoukZB1Q,8065,-0.0192708015691325,8.335051253751361,-1.9270801569132499,9.281241833521133,-20.11831415061467,16.26415383678817
PS,S35qP5agCY5xvb4+sWnFeQ,5685,-0.019300788002729205,8.85705384182969,-1.9300788002729206,11.746921058983855,-24.954044075881274,21.093886475335434
PS,E/5ZzK2/cFLc3fQReFJKDw,15492,-0.019308029504345233,4.924126435865023,-1.9308029504345232,3.9561746113026155,-9.68490518858765,5.823299287718603
ONG,I3+8bmMpfI49i+E0d0NIOA,9031,-0.01931975019080749,10.668964234395986,-1.9319750190807492,11.226757401720318,-23.93641952645257,20.072469488291073
IPN,QJYg2WUu7HV5sjxpRR0Ieg,11165,-0.019340752316759777,3.8705124925649295,-1.9340752316759777,3.6630184811550763,-9.113591454739927,5.245440991387971
PS,WkFnP5d58JULh05sfgbxOQ,10332,-0.019394601055248227,5.877005318207297,-1.9394601055248226,5.781810919173039,-13.27180950710398,9.392889296054333
PS,Z9W7+g1WMhhZDi7DwGbCFA,7757,-0.019438356427655665,3.1149881022545745,-1.9438356427655665,3.536791812119212,-8.875947594519221,4.988276308988089
PS,opOCI2p6kW0tINuVaAqmcQ,9360,-0.019493857771556218,5.729075352033323,-1.9493857771556218,5.921702839425245,-13.5559233424291,9.657151788117858
IPN,OXMz1K9oOJXcP1Xbu7BGzw,8537,-0.019659775027042393,1.6135229985267554,-1.9659775027042394,1.7463147383805895,-5.388754389930194,1.4567993845217158
PTY,cZUoTtiAAUQ7mQuCpvUTtQ,13690,-0.019706296833970845,9.829861183345646,-1.9706296833970844,8.401283898013581,-18.437146123503705,14.495886756709535
PS,Q2AM6aCbb+jnXwLVd2ZlMg,9704,-0.01971661111667003,6.975117190948636,-1.9716611116670029,7.080698703788243,-15.849830571091957,11.906508347757953
IPN,A5tLq8/1DipdW+tdsItcoQ,12353,-0.019750748743733386,2.1483119209671058,-1.9750748743733386,1.9329077066733171,-5.7635739794530405,1.813424230706363
ONG,9XpH+MlNwfEEawAGcm7j1Q,37186,-0.019908793239331788,9.396143667962765,-1.9908793239331788,4.872590521807843,-11.54115674667655,7.559398098810194
PS,HPEB+AtKw1+C/cxU0o1ciw,20376,-0.020051040588488674,5.041339217509574,-2.0051040588488673,3.5317215462006537,-8.92727828940215,4.917070171704414
PTY,adulcB0pawz7KxTq0mEUJw,5260,-0.020115780846318477,7.203082163897328,-2.011578084631848,9.93174354137223,-21.477795425721418,17.454639256457725
ABS,GFtUVlsJ70f+dYJ2u8YVyA,6705,-0.020148117809176535,7.403165166252819,-2.0148117809176536,9.041032857820813,-19.735236182246446,15.705612620411138
PS,UVQr2H6AWgrnrZssp/KAHA,7496,-0.020455578355746802,10.41450999606493,-2.04555783557468,12.028848420130785,-25.62210073903102,21.53098506788166
FTP,kf+xcM3Z8B7CRFr0DO/aEQ,6461,-0.020557182049501275,5.97621628592058,-2.0557182049501277,7.4349223336194346,-16.62816597884422,12.516729568943965
PS,W7MkoVO8RV4NeLuUgM+SkA,9504,-0.020560859330939225,4.599944840026698,-2.0560859330939225,4.718450573179786,-11.304249056526302,7.192077190338458
IPN,cadVjC3FyVwlYYUqlCrblw,24610,-0.02056555700999651,4.120527055945043,-2.0565557009996507,2.626618285156482,-7.204727539906355,3.091616137907054
PS,ryxFkeW5H1bJbaOeZGnGbg,5747,-0.020658601089023353,5.895245926291106,-2.0658601089023354,7.776449002869263,-17.307700154526092,13.17597993672142
ONG,lLQPaSCjRehBh9IEGaNsdw,5382,-0.02067585886583779,9.975594099931488,-2.067585886583779,13.597745952749605,-28.719167953973002,24.583996180805446
IPN,3sTkzdEpfuG7gn7Cqoy6Wg,8160,-0.020694547073513855,3.3592579145325816,-2.0694547073513854,3.7187610168480396,-9.358226300373543,5.2193168856707715
PS,xd5WuCILYgF1HtZHLtcv8A,17018,-0.020755523370557215,8.07840285451987,-2.0755523370557216,6.192574600732369,-14.212998554491165,10.06189388037972
PS,3piuSZGmftWmw19RAvijIw,6094,-0.02077863523923044,6.478751199299832,-2.0778635239230443,8.299273508289177,-18.344439600169828,14.188712552323741
ABS,/aDQZRvf1zdGaLGO0p5pTA,6100,-0.020800190958820405,6.098599465181182,-2.0800190958820406,7.808456474822266,-17.38459378653368,13.2245555947696
FTP,jSCaL6Fm4lAiTDVH2dFATQ,7584,-0.020849814575621347,9.299708500731938,-2.084981457562135,10.678743957939643,-23.015319615123836,18.845356699999563
PS,LjciLd8Os013Eg1oxFu07g,5482,-0.02088380178225297,3.0875271664515616,-2.088380178225297,4.170050092476366,-10.261678359478974,6.084918003028381
PS,fJI7wdug37GClDTOYZCLVQ,7358,-0.02088996100655374,5.540530109007774,-2.0889961006553737,6.459091362124799,-14.74881517041998,10.570822969109233
PS,RXcqdmlHYgOV1/IrnHFCcA,7529,-0.02095840633833831,14.60653305209376,-2.095840633833831,16.833657906713707,-35.089810130992696,30.898128863325034
PS,ufHpEqjSpMtiFKLEb2MjkQ,15758,-0.02098764679680123,7.14967051802575,-2.098764679680123,5.6955475290124316,-13.262037836544488,9.064508477184242
IPN,O2U1hDc/6sYcaF0iMwHe/A,5286,-0.02100044150628513,3.3672939897507,-2.100044150628513,4.631455075151888,-11.177696097926214,6.977607796669188
PS,bf4hkSta8R9GXDfNHgl4DQ,6719,-0.021192143034023052,5.300433366099186,-2.119214303402305,6.466347780761218,-14.793255953694294,10.554827346889683
PTY,/CvidgDaK40lpOn4Cd8tjA,8417,-0.021383550118982925,8.995099098104003,-2.1383550118982924,9.8045414906502,-21.355256333572683,17.0785463097761
IPN,gI5+y55UJNGr8PsanZrMKQ,21391,-0.021395681560984123,3.9229913699251213,-2.1395681560984126,2.6822657794853106,-7.396809083889622,3.117672771692796
IPN,uKeEElPFt0kh/9ykOxnglg,8308,-0.021436114809406336,3.089899743587437,-2.1436114809406335,3.3899722598793063,-8.787957110304074,4.500734148422806
ONG,eEQX3FJr3PaLBgkpdiGaZA,13774,-0.021499944776696894,9.443561272301862,-2.1499944776696895,8.046476794703091,-17.921088995287747,13.621100039948368
IPN,7DjPMAL/rXWAxq0C9fWE2w,25808,-0.02150622835661119,2.976623183921735,-2.1506228356611192,1.8528774035552207,-5.782262546629352,1.4810168753071133
PS,Q5VLZtNBNf8ULHxzfYSlGA,7516,-0.021510778334509224,5.284233439995532,-2.1510778334509224,6.095209105508274,-14.097687680247137,9.795532013345294
IPN,LlAko1NKMTFnZy8ajY1XFg,6971,-0.02155285941153923,4.127532647639956,-2.155285941153923,4.943596040563024,-11.84473418065745,7.534162298349604
FTP,NZbdVH+ZJQ9HZ7hL1Lt1/Q,19086,-0.021689808590490463,10.314752710679974,-2.1689808590490465,7.466229937558763,-16.802791536664223,12.464829818566129
PS,LHOTuTdsy4vGfZndfhg8Mg,7086,-0.021741463865579066,4.70575601528965,-2.1741463865579065,5.590219130141112,-13.130975881634486,8.782683108518674
IPN,I4QYVu4WNHKJRuCvb/1Sgg,26387,-0.021791664748174306,2.446324974723219,-2.1791664748174306,1.5059797789269667,-5.130886841514285,0.7725538918794239
IPN,zNCj7gsbtc8hYQy/Zra0Yw,9212,-0.021879070189741452,1.306181244034518,-2.1879070189741454,1.3609008289700306,-4.855272643755406,0.4794586058071144
IPN,myCwD5/QdyYDLXJb1cHILg,22265,-0.022015869877136558,3.6198503247180494,-2.201586987713656,2.425935577960165,-6.956420720515579,2.5532467450882677
PS,HtELMnIpQzpcPXm89PVHjA,24364,-0.022024434415889287,6.068554315617096,-2.2024434415889287,3.8878629556829285,-9.82265483472747,5.417767951549611
PS,pYpm7z0VlQ+jwNIU5YwX1Q,5227,-0.022065716205328354,3.38734153524747,-2.2065716205328356,4.685249655263415,-11.38966094484913,6.976517703783458
IPN,VkCuY5fHplKR8hyMFK5EeA,9655,-0.022105645404955934,4.269102175412649,-2.2105645404955934,4.344706164547122,-10.726188623007952,6.305059542016766
PS,YzQ18/GZJKEh7iRyDxM2xw,6273,-0.02224454164021602,9.50979367520972,-2.224454164021602,12.006970698771816,-25.75811673361436,21.30920840557116
IPN,97DI7MmOlPRIxSV3aCAoZg,6059,-0.02231253730048636,4.282553942627714,-2.231253730048636,5.501769175090548,-13.01472131322611,8.552213853128839
PS,NQlky8nZVRbU5k7THfro4Q,10150,-0.022483249523039227,9.955194590626,-2.2483249523039226,9.881360237092926,-21.615791017006057,17.119141112398214
IPN,ioMapPXolV6CLQFRHwVAng,15018,-0.022491564920856976,4.409114955021202,-2.2491564920856977,3.59786921139346,-9.30098014641688,4.802667162245483
PTY,13ZRPMG27VvGTV+tzV38eg,11581,-0.022652542864002,10.331738992396968,-2.2652542864002,9.600644649899811,-21.08251780020383,16.55200922740343
IPN,kANov0METcgSeTMsz3kHsQ,10859,-0.022673358101796045,3.7938037398761706,-2.2673358101796044,3.6406585039884773,-9.40302647799702,4.8683548576378115
PS,NDQC5c0/1VeQxTYxylyOZw,21958,-0.022705013280297896,4.284530122719631,-2.2705013280297894,2.8913909020144737,-7.937627495978158,3.396624839918579
FTP,fO/ftjQ650eyAteSUO5gVw,7177,-0.02272374493960004,13.593223447870542,-2.272374493960004,16.04541605835234,-33.72138996833059,29.176640980410582
PTY,eU7l9mCmhcBCZy/0+wdXsw,6763,-0.022894843461616625,9.61940177989502,-2.2894843461616623,11.697104527596126,-25.21580922025007,20.636840527926747
PTY,A4gCovITrfZEqUcmyVplMw,10084,-0.023002380230074296,8.269558058532638,-2.3002380230074295,8.235043206678931,-18.440922708098135,13.840446662083275
PTY,Mx3y5+9ywvX72c8FhvyHmQ,8511,-0.023009441202065876,8.630743423950788,-2.3009441202065877,9.355304136473803,-20.63734022769524,16.035451987282066
PS,RBC8rUh9rs5AnBYwhvWxvw,17209,-0.023047338790935706,4.774785045106609,-2.3047338790935705,3.6397873197206114,-9.43871702574597,4.829249267558827
PS,ab7yvSJSc1QVoFXLPuiu6g,5305,-0.02305403648542976,8.7063032573238,-2.305403648542976,11.953390190926001,-25.734048422757937,21.12324112567199
PS,X78b5v/uhqeXXoAijbw/yg,10599,-0.023079771075071913,5.551973661052444,-2.3079771075071913,5.3928079088914505,-12.877880608934435,8.261926393920051
IPN,qIX1CJrlLOrZI1PzYn2b0Q,16596,-0.023218697986133876,3.06003358839149,-2.3218697986133874,2.3753328802355753,-6.977522243875115,2.3337826466483405
IPN,XPi04IKHzUL5PVLuv4SkZA,5627,-0.023351696132024695,1.2126369839901492,-2.3351696132024693,1.6165619487371088,-5.503631032727203,0.8332918063222641
IPN,cEuLsQJlAY+Ql+4voSBQOg,8121,-0.02338278145350313,3.3274917608415793,-2.338278145350313,3.6924296830143106,-9.575440324058363,4.898884033357736
IPN,zJsZvkIxtkU9Nzws0+nWGg,8077,-0.02338392903962111,2.438502399185239,-2.338392903962111,2.713302067680056,-7.656464956615021,2.9796791486907983
PTY,/ItR09yP8qj4O5R1YDBh7A,5398,-0.023460912521481348,7.736033395094272,-2.3460912521481347,10.529358090101091,-22.98363310874627,18.291450604450002
PTY,4rGfOBNIe/NdsxLzfUcRpg,12069,-0.023507353221187834,13.63733628409515,-2.3507353221187834,12.41349021642585,-26.681176146313447,21.97970550207588
PS,SU98izkXBJ+LsqqLjn/6cA,6886,-0.023511471125104384,4.7829336447912905,-2.3511471125104384,5.763825799379669,-13.64824567929459,8.945951454273711
ONG,axwzIpRvBfzgTKAf+TdhbQ,9014,-0.02355262156247775,11.961945319366,-2.355262156247775,12.599201913837868,-27.049697907369996,22.339173594874445
IPN,UzaacLikcaYs3tk21F29ng,5287,-0.023594981108402652,1.8451078390432787,-2.3594981108402653,2.5375645513517884,-7.3331246314897705,2.61412840980924
PS,YjPIJbDeq2vAnqITevZL3Q,5572,-0.023595659852519962,3.0438512255614407,-2.3595659852519963,4.077724379495579,-10.35190576906333,5.632773798559338
IPN,er7UFJP9g6pLcfQmBQNHag,10444,-0.023606376783092648,1.2921232502850595,-2.360637678309265,1.2643593065570364,-4.838781919161056,0.11750656254252645
IPN,qoObhywnNR12+3ckCoiJeA,8750,-0.02361714303152902,4.1334487403823035,-2.361714303152902,4.418842574943683,-11.022645750042521,6.299217143736716
PS,PupPot5FQRqwF4kbvt3mRQ,7075,-0.023652119371158076,8.325561147416629,-2.3652119371158076,9.89806480135562,-21.765418947772822,17.034995073541204
PTY,NTryLkH3CI1IKEmet41P9A,5394,-0.02365869501364598,11.461986445248852,-2.365869501364598,15.606460570925458,-32.954532220378496,28.222793217649297
ONG,dpdomUAPQ7he/g2ahbcf7w,6756,-0.023670563703130483,12.074288386184888,-2.3670563703130485,14.689828448528136,-31.159120129428192,26.425007388802097
IPN,ejXm9NvmzqbFahBIQCTZig,21503,-0.023674409223069636,3.2175397269506765,-2.3674409223069635,2.1941908030621855,-6.668054896308847,1.9331730516949204
IPN,0HXOQlu61v4Mzo3dFM4/pg,7020,-0.023709400766595477,2.237297031162714,-2.3709400766595476,2.67026946943314,-7.604668236748502,2.862788083429407
PS,05sgLGfZdHvn7q5g4TL9pA,9807,-0.02377128790301644,8.096800627262253,-2.377128790301644,8.1760842475203,-18.40225391544143,13.647996334838144
PS,lGqZJRAw5tpnF3okTOeoLA,8825,-0.02381435440911281,10.154102219634169,-2.381435440911281,10.808966579277204,-23.5670099362946,18.804139054472035
IPN,jkCj96RvIXzhZmWtxSOxag,9654,-0.02382872403223667,3.273484850899226,-2.3828724032236672,3.3316294177843924,-8.912866062081076,4.147121255633742
ABS,WbyFTZtHE6doaricbG4ebg,6559,-0.023914774809101404,17.519168196484003,-2.3914774809101402,21.631900006142267,-44.79000149294898,40.0070465311287
IPN,nXl2kV+x4pYf2LuMNrhXig,9455,-0.02394500267940624,4.33950103660029,-2.3945002679406238,4.462816497585475,-11.141620603208155,6.352620067326908
IPN,thCpHI6x98n3rzmSniGsbg,13517,-0.02412724687192905,1.2455401961901251,-2.412724687192905,1.0713159992291887,-4.512504045682115,-0.3129453287036954
PS,1Jegba5gh3lpFD/nGk78yw,11002,-0.024132886424070164,3.359258594960732,-2.4132886424070166,3.202636262378476,-8.69045571666883,3.8638784318547956
IPN,hu18ed1VSF0WJAvBbsfD8g,27703,-0.024206434204850098,3.7187414877347864,-2.4206434204850096,2.2342542254742086,-6.7997817024144585,1.9584948614444393
IPN,5PlqFwj8jaLSbFGFhTkSrg,5233,-0.024240397368200918,3.3559112705572907,-2.4240397368200917,4.639114613665657,-11.51670437960478,6.668624905964597
IPN,SRV86056CQnrltxsqd/CSA,6115,-0.02428045818675081,1.1375728087326318,-2.428045818675081,1.4547252328657474,-5.279307275091946,0.4232156377417837
IPN,CSpBqv5Pmx7BYhSQD28XKQ,11324,-0.02428989247650866,3.502177082780128,-2.428989247650866,3.2910779702467803,-8.879502069334555,4.021523574032823
PS,5cFhtfJPxZcmBn/FTxOpJQ,12542,-0.02434420437698914,6.825150173573334,-2.434420437698914,6.094369942355132,-14.379385524714973,9.510544649317143
PTY,twygqTpwrhiEfMB3wS3bug,8642,-0.024353161013864706,7.0326173252833755,-2.4353161013864706,7.565016075953367,-17.26274761025507,12.392115407482128
IPN,QavgTg56fy3CyqNPctoLxQ,12445,-0.024426837789337047,1.3863141217115822,-2.442683778933705,1.2426939864499964,-4.878363992375698,-0.007003565491711772
PS,J6lWx4+lScmHl5t2pu5soA,8583,-0.024440949768189103,5.248313691441378,-2.4440949768189104,5.66500410160899,-13.54750301597253,8.65931306233471
ABS,yspTPyicC4Ere+tsoRHI1A,13380,-0.02471802212668218,12.379086154306382,-2.471802212668218,10.70189113443593,-23.447508836162644,18.503904410826205
PS,g+UdXbTA8Dcn0MXX3C2uOw,5174,-0.024726518406415706,2.738944553537784,-2.4726518406415705,3.807764042453792,-9.935869363851003,4.990565682567862
IPN,ZN0osHoOQrmRja5UbFLBuw,7559,-0.0247267484664917,3.3842164277972278,-2.47267484664917,3.892476117716225,-10.101928037372971,5.156578344074631
IPN,ZIKWHy1N/xGT4yxgmvwddw,6368,-0.0248201955952237,1.3068041214543276,-2.48201955952237,1.6376042928974732,-5.691723973601418,0.7276848545566774
IPN,MJbQhNbe0ToqEsZxRYC/gQ,67637,-0.024835379052095548,2.313100912502142,-2.483537905209555,0.8894108265626323,-4.2267831252723145,-0.7402926851467957
PS,NRJt5Uybr3/CVWVUzB+JfQ,7342,-0.024835876894704297,7.913802861501249,-2.4835876894704296,9.23587480709523,-20.58590231137708,15.618726932436221
PS,qdk58yeSTbPCl03qMVqzGQ,14510,-0.02484079961357529,5.6617334767323095,-2.484079961357529,4.700193256841143,-11.696458744766169,6.7282988220511095
IPN,HCiQIR9ydK8k7445soqpDQ,20575,-0.024946537365455674,1.8298981913086885,-2.494653736545567,1.2757248225498692,-4.99507438874331,0.005766915652176241
PS,kkYmUf9hmLbobrIZ8HGKQQ,6516,-0.02499348066228072,2.979488149636134,-2.499348066228072,3.691060167395566,-9.73382599432338,4.735129861867238
PS,nJwOn4XIllzZMp8nX0QC6Q,11711,-0.025033301441535708,9.49429728491646,-2.503330144153571,8.773357685882107,-19.6991112084825,14.692450920175359
FTP,2/8aS4kPooWNfPHD0Jd/3g,12385,-0.025067889407956893,7.061682398572819,-2.506788940795689,6.345417115338656,-14.943806486859454,9.930228605268077
PS,WrLI51S2iMb8GLMB83gGqA,5993,-0.02507091426328956,7.40767918999144,-2.507091426328956,9.56885617404783,-21.262049527462704,16.247866674804794
PS,Hj8iOffrNCxW289ZCKrmpQ,15780,-0.025122542444649607,11.11852451377206,-2.5122542444649607,8.85102685583035,-19.860266881892443,14.835758392962523
IPN,o4DnxprFrovTuvyxN8varQ,7017,-0.025127711672549815,4.754733861189298,-2.5127711672549813,5.676105706198899,-13.637938351404824,8.61239601689486
PTY,9OS1oePwaCMRA17Ht0YnXg,5747,-0.025170270608304086,7.1504086687597574,-2.5170270608304084,9.432140585400033,-21.004022608214473,15.969968486553658
ONG,YcwOV3VvCEzRymVrFt4w2g,13416,-0.02522153201716806,10.550328531726391,-2.522153201716806,9.10865931482433,-20.37512545877249,15.33081905533888
IPN,owGaEAIvsPYuGCvuGfusmA,10751,-0.025269044996827007,3.8124524548309378,-2.5269044996827006,3.6768846485027207,-9.733598410748034,4.6797894113826315
IPN,r/T+u+XO3lNAZydtmFfyZQ,7163,-0.025278863769727232,1.012875287302046,-2.5278863769727233,1.1967639527970868,-4.873543724455013,-0.18222902949043318
IPN,5dBdUpUmG6rsO+HyQyITKw,18427,-0.025348672613484568,3.2675389869742717,-2.534867261348457,2.407096271596808,-7.2527759536782,2.1830414309812864
IPN,CVHcmhjLfrid7MtjN1MYqQ,33223,-0.02537736728219148,3.4436143352996065,-2.537736728219148,1.889274591917548,-6.2407149283775425,1.1652414719392463
ONG,G5+cSsbcSo4KT6UG8A2URw,24639,-0.02541091771976041,8.351781710390213,-2.541091771976041,5.320685584803591,-12.96963551819108,7.887451974238998
PS,XOgEP0pfWKlQIgcigzVbFg,6338,-0.025566421511488104,10.858301756814079,-2.5566421511488104,13.639102377606156,-29.289282811256875,24.175998508959253
PS,HKNp5qp052ivweBNVmGnfQ,9347,-0.0256175323065346,15.85159401630561,-2.5617532306534603,16.395958844015578,-34.69783256492399,29.574326103617075
PS,fCHVCxDNm0zD5EP3l+SC6g,5279,-0.025738298300202765,7.499762742850743,-2.5738298300202764,10.322186309704941,-22.80531499704196,17.657655337001408
PTY,UUK+20UuCa9Ye8BM6BsRrA,10974,-0.025799367373837395,7.41792718820057,-2.5799367373837394,7.081089575015058,-16.45887230441325,11.298998829645774
PTY,7bFuH2bzCJQLTVzN/YSUYg,10419,-0.025803095275220286,12.727222907407118,-2.5803095275220285,12.468684371868715,-27.01893089638471,21.85831184134065
PS,7d8ozAvaxRrcAQyy+vxp2g,6190,-0.025873183375991798,5.180583019976336,-2.58731833759918,6.58465936682895,-15.493250696583921,10.31861402138556
ABS,3EA9QYFUt9qtTlUYPg56jw,20820,-0.025916857652654238,9.178460164512378,-2.591685765265424,6.3610596009357865,-15.059362583099565,9.875991052568716
IPN,Bjl1TSTBbxS5049MEgN2bw,5891,-0.02597606534201875,0.8958477484557887,-2.597606534201875,1.1671849933552998,-4.885289121178262,-0.30992394722548733
PS,TTJuRWt8KWR3Z57s5spHYw,11023,-0.026005474237314016,5.62690740851878,-2.6005474237314017,5.359445576245283,-13.105060753172154,7.903965905709351
PTY,pHVQn8W2Kodx2BPclFDpQQ,6504,-0.026143910350715616,10.267518061099958,-2.6143910350715616,12.731372033226515,-27.567880220195534,22.339098150052408
IPN,69ajL06dJJ/XBc/1PMcqUQ,13035,-0.026400076835421615,3.7857777635951204,-2.6400076835421613,3.3158860544806723,-9.13914435032428,3.8591289832399562
IPN,2L7G/Dl5wp+CWs7mflQoYQ,6118,-0.02655835415109695,3.3376399636754996,-2.6558354151096952,4.267118961162014,-11.019388578987243,5.707717748767852
PS,1H9z+0wJ4Wy7WTuXfDM6EA,5313,-0.026561264287517015,4.08124363390089,-2.6561264287517017,5.5991565871647095,-13.630473339594532,8.31822048209113
PS,ZVdoF1ZlNHyOahk/bEjzng,13945,-0.02660009538499033,3.970631715868196,-2.660009538499033,3.362407517238452,-9.2503282722864,3.930309195288333
IPN,zvS6AY8lT5/bcR7l370n7w,21171,-0.026674854508210274,3.413888187862311,-2.6674854508210273,2.346273345316406,-7.266181207641184,1.9312103059991288
PS,ckz3Cr8KwOC9WvdckGoouQ,9348,-0.026828733072000458,7.451536984087978,-2.6828733072000457,7.707020416371317,-17.788633323287826,12.422886708887736
FTP,HP/GNMYpEunCMLW5In5Yzg,18977,-0.026848637268796022,4.767977871355698,-2.6848637268796023,3.461150247816539,-9.468718212600018,4.098990758840813
ONG,bax2xvwj6losTStfBcOiVQ,18485,-0.026876037660205254,10.595495580805958,-2.6876037660205254,7.793123294320841,-17.962125422889372,12.586917890848323
IPN,ONFIamgIpuOJo1Wj/g3tzA,21543,-0.02692716905113737,1.9662516458405919,-2.6927169051137367,1.3396335280575118,-5.31839862010646,-0.06703519012101378
PS,XEbVvYh8SHwpiJ/SkzSdhw,5597,-0.027025195191071376,8.149359616135964,-2.7025195191071374,10.89295800648184,-24.052717211811544,18.647678173597267
IPN,AV/5a8gtJwXZLeX5L/xX7Q,9254,-0.027060027652717394,1.3538460580566678,-2.7060027652717396,1.4073578413075785,-5.464424134234593,0.052418603691114285
IPN,AT0bdUxAVbj0r4BPFiyVCA,8356,-0.027066380113662858,2.9452016274607598,-2.7066380113662856,3.2219278891865546,-9.021616674171932,3.6083406514393612
ONG,TJr4pMxUsHj7EqfiFgExRA,12397,-0.02716819804244875,11.902934403400078,-2.7168198042448752,10.690443919726196,-23.67008988690822,18.23645027841847
IPN,lASW27JCT1yZ6RwkfzDonQ,11561,-0.02719774782198769,2.7860213180203917,-2.719774782198769,2.5911152754720512,-7.79836072212399,2.3588111577264517
PS,333JA+kpCwgmIsHgv1CBzQ,5920,-0.02723001245050565,7.914086050607772,-2.723001245050565,10.285843559497046,-22.883254621664776,17.437252131563646
IPN,QSF6V9gCDr3sOk160h5aiA,12439,-0.027259828701444028,1.5261345009874208,-2.725982870144403,1.3683590742480405,-5.407966655670562,-0.04399908461824342
PTY,S3QIDkI32wG6ysjc5KIPvw,41095,-0.02730597683155692,9.470808408169843,-2.730597683155692,4.671889461304146,-11.887501027311817,6.426305661000434
ONG,pBEUuVforBNlBx+lw6RJrA,9338,-0.0273442296436925,8.818956798197563,-2.73442296436925,9.126206267202257,-20.621787248085674,15.152941319347173
IPN,Biad2eRUeWEhNFxgYLmOWw,9667,-0.027375349266472112,1.0449590727599052,-2.737534926647211,1.062804590964781,-4.820631924938182,-0.6544379283562405
IPN,8l5ByeWexojIPwNa1hoe7A,12749,-0.027391756541196556,3.1320228822008276,-2.7391756541196557,2.7738748678688414,-8.175970395142585,2.6976190869032735
IPN,vnu6TajlGi4iUDFHrXgLpA,5349,-0.027582258415079535,3.560407640650281,-2.7582258415079535,4.868144103239969,-12.299788283858291,6.783336600842385
IPN,ZTZA4M6ls3qBidLF4oEEZg,14171,-0.02768682478747988,3.7067054495373224,-2.768682478747988,3.1137793023489935,-8.871689911352014,3.334324953856039
PS,pCbv/VJ1PruCA+GRBLOZtg,8531,-0.02771246059331661,3.873448160292836,-2.771246059331661,4.1937040309923574,-10.990905960076681,5.448413841413359
IPN,GO7BGwEPk0u/w/Dx7bio7A,11863,-0.02786011102176844,1.4256556845720396,-2.786011102176844,1.308932903227262,-5.351519592502278,-0.22050261185141062
IPN,OKZClkViugaB0eR1C4B67Q,10059,-0.027871724234054904,3.7941824403023046,-2.7871724234054907,3.7830388881487598,-10.201928644177059,4.6275837973660785
PS,+DCR8+nns6rI9aagG7YDUw,45326,-0.0278812009641978,3.646996052637678,-2.78812009641978,1.7130166966647726,-6.145632821882734,0.5693926290431746
IPN,cHuqLCPrOImcBycWpxZWqw,7025,-0.02801613363082723,1.2105512210618856,-2.801613363082723,1.4443086286117839,-5.632458275161819,0.029231548996373036
IPN,n4jn30AwdhynAQrpwPxTSA,8969,-0.02803638567825081,3.548257851377724,-2.803638567825081,3.74665030902893,-10.147073173521783,4.539796037871621
PS,Imo4apYpsY+xqX4xC0ZIbQ,23625,-0.028076102395379353,6.53526689958705,-2.807610239537935,4.251844962696757,-11.141226366423579,5.52600588734771
IPN,WtJZtc5mQVC/GjUJylhv0g,10797,-0.028104287756364896,2.7744723027885,-2.8104287756364896,2.6701080922265796,-8.043840636400585,2.422983085127606
IPN,hTWiommftuHOGO9SEDRh6A,15994,-0.028125579087036886,2.2532791336506435,-2.8125579087036887,1.7817076681294757,-6.304704938237461,0.6795891208300837
PS,8uGNJe++Cfq65IT/kb5isw,14042,-0.02812686844176673,7.48062605659664,-2.812686844176673,6.3128207998563175,-15.185815611895055,9.56044192354171
PS,5M9ehA/eICF4MTdjuUPMXQ,12467,-0.02814750877713477,5.315553300111338,-2.814750877713477,4.760663635802072,-12.145651603885538,6.516149848458584
PTY,JDw14t4ZCKRqqhIyNSCMLQ,12055,-0.02824631937710342,6.4600595374204275,-2.824631937710342,5.883732413604809,-14.356747468375767,8.707483592955084
PTY,pMgViRkaGLGsgdHFj6hm8A,16419,-0.02846361088816457,9.057676516555718,-2.846361088816457,7.068763552490038,-16.701137651696932,11.008415474064016
IPN,9K2/++hNdKX8JSveeKMFdQ,30184,-0.028485152648261774,3.4297120968675685,-2.8485152648261773,1.9741005483225191,-6.717752339538315,1.02072180988596
IPN,aYuxQ15CsEeyaqzMG30nVQ,12367,-0.02857672145452073,4.724447026288498,-2.857672145452073,4.248335468464418,-11.184409663642333,5.4690653727381875
IPN,/Yeln+WfSRSRj9YPxbxxRg,16307,-0.02873821115116562,2.9993378792969305,-2.873821115116562,2.3487584565008737,-7.477387689858275,1.7297454596251507
PS,MDjvPhS5kIam+qLmXkqi5A,5162,-0.028798915404669077,5.791044788472031,-2.879891540466908,8.060239076812547,-18.6779601310195,12.918177050085683
PS,CZo9DttyMW9A05FqtRGaLw,7061,-0.028869846837051426,5.967899446166421,-2.8869846837051427,7.102126300504732,-16.807152232694417,11.033182865284132
ABS,ON1itzrD9eoJ1/bN9T6QWw,5067,-0.02894671528116942,6.043385889526802,-2.894671528116942,8.489944947154065,-19.534963624538907,13.745620568305025
IPN,WTLId0QOkZCz6APST8hPLQ,15552,-0.028989068343622203,2.1304052196738446,-2.8989068343622204,1.7083194820301082,-6.247213019141233,0.4493993504167917
IPN,c4CcgAhViVfPjnWWhLkFqQ,9866,-0.029010743174619616,2.9350335904724894,-2.9010743174619615,2.954898179080775,-8.69267474846028,2.890526113536358
IPN,oXLUmFiE54yZuXo6nrVKOw,5248,-0.029028011326927963,3.6396991307307194,-2.9028011326927965,5.024219118248571,-12.750270604459995,6.944668339074403
IPN,EBGZUPjErZqhv6aRNV3xzg,28482,-0.02905062844048272,2.655384847727098,-2.905062844048272,1.5734111797354016,-5.988948756329659,0.17882306823311467
PS,tFLCoxTp9YEdYeT8Dv9ucQ,5363,-0.029106060794564896,8.532816828715141,-2.9106060794564894,11.651679347198321,-25.7478975999652,19.92668544105222
PS,xjVJfEF0XybwddzivTo7Pw,6323,-0.029153092618057777,7.5510709488988175,-2.9153092618057777,9.496136747080522,-21.5277372860836,15.697118762472044
IPN,e4quII41uU77T0c8YLGrzg,6237,-0.02916025383380317,2.9967797838135173,-2.916025383380317,3.7946083520664184,-10.353457753430497,4.521406986669863
PS,gyAEyy5TxuripvoinnKkZg,9136,-0.029179344499718575,6.774527491229062,-2.9179344499718574,7.087628797544361,-16.809686893158805,10.97381799321509
IPN,2DhnXRcEJupA+kk61uPmtg,23471,-0.029224958927090667,3.523091741044467,-2.9224958927090667,2.2996310059076124,-7.429772664287986,1.5847808788698532
PS,KTVvqcIHDxGOitRlnt3gOg,7250,-0.029251034358452107,7.964776323905499,-2.9251034358452106,9.3541554026186,-21.259248024977666,15.409041153287246
IPN,eDod0F/WWvKytkVgDab6uw,24355,-0.029338259756675224,3.031474401746742,-2.9338259756675225,1.9424946814693616,-6.741115551347471,0.8734636000124261
IPN,gaiThtaG5ArvftzDNFBqSA,17042,-0.029348433318516973,1.163565450774681,-2.9348433318516975,0.8913136077319048,-4.681818003006231,-1.1878686606971642
ONG,J00alsOF8+8c45+OS1UNPQ,7994,-0.02935967322339695,9.355391110514208,-2.935967322339695,10.46356981427964,-23.44456415832779,17.572629513648398
IPN,inaHNxaxDN3PlCaYP9Udrg,7187,-0.02940543200154621,2.8086885179264174,-2.940543200154621,3.3130634734975324,-9.434147608209784,3.5530612079005426
IPN,fDGLEk0dohdeeO10nIGrNQ,10283,-0.02942437351439744,3.7878430710973405,-2.942437351439744,3.7353565278066836,-10.263736145940843,4.378861443061356
PS,Vh4JsLidKio33El+ejOAzQ,20619,-0.029538129891446285,8.393835310464144,-2.9538129891446285,5.845567027436361,-14.411124362919896,8.503498384630639
IPN,C8AXfEuLtseO206qVX9Yzg,6402,-0.029658701206810287,3.0192346490758366,-2.9658701206810285,3.77345375525101,-10.361839480973007,4.430099239610951
PS,WlEd9gcx2Z+OFCOiEANbvA,7345,-0.029681075413041248,4.732809213230613,-2.968107541304125,5.522339438854818,-13.791892841459568,7.855677758851318
IPN,D9xMSfZB71555xpeH1bHsA,25435,-0.029743562490831828,3.499130824031223,-2.9743562490831827,2.194038827935475,-7.274672351836713,1.3259598536703479
ABS,kIbanshKysxtdDXKqLAWsA,16912,-0.02979514541862402,8.31878368168255,-2.979514541862402,6.396793722501386,-15.517230237965117,9.558201154240313
IPN,AB0f11cJSkKlnTrBDiVRag,15683,-0.029854588930319365,3.965809009033938,-2.9854588930319363,3.1667751168625258,-9.192338122082488,3.2214203360186144
PS,v/8/QFHCvg8rqnaAbJLFgw,8802,-0.029868994180411033,5.822000438398373,-2.9868994180411033,6.205568182305911,-15.149813055360688,9.176014219278482
IPN,G+34DkZsX6TusB0xy2rdqw,16651,-0.02993664183234905,3.5932081745391153,-2.993664183234905,2.7845961517838904,-8.45147264073133,2.46414427426152
PS,Q1uciOZPBR/WkAlqa6cL4A,25273,-0.030006133835794136,6.1248994685587554,-3.0006133835794135,3.852747666631834,-10.551998810177809,4.550772043018981
IPN,/Ahu4w7e6rb5Gwwnj4zgEg,6385,-0.030062646257195888,2.5636187834727986,-3.006264625719589,3.208285394327605,-9.294503998601694,3.2819747471625167
IPN,3FTfWQ+NOkfIr3hJ0fkimw,15080,-0.030102784943517386,1.162538649953535,-3.0102784943517387,0.9466876894327225,-4.865786365639875,-1.1547706230636026
IPN,R9nKISCCpuy+EHeuj6f+VQ,17894,-0.030161646267309047,1.123693819464522,-3.016164626730905,0.8400289929580717,-4.662621452928725,-1.3697078005330845
PS,LDDnZboTLUejYUGrlfe3mg,5119,-0.030184606395474073,11.156585394403017,-3.018460639547407,15.593324946667881,-33.58137753501646,27.54445625592164
ONG,4pKqHFyNlS86I8S23yX5+Q,18485,-0.03020268638648772,8.800967218366832,-3.020268638648772,6.4732245999192335,-15.70778885449047,9.667251577192925
PTY,XDQGCBS3QHsAXK1CwUu12Q,8341,-0.03023498988846676,8.22116081416624,-3.0234989888466757,9.00169062784499,-20.666812619422856,14.619814641729505
PS,3M9VegR0omPy2Ghotz67eg,7426,-0.03027111964955938,5.138631774948915,-3.027111964955938,5.963071621225382,-14.714732342557685,8.660508412645811
PS,PO5NjzHXREqMGcJvulmqiw,15228,-0.030296712492474964,6.013477878706658,-3.0296712492474964,4.873088331390687,-12.580924378773243,6.5215818802782515
PTY,tocbs/XvaMOygYt0Cb99vQ,33106,-0.03035629450379614,9.26063397821513,-3.0356294503796137,5.089643503795986,-13.011330717819746,6.940071817060519
PTY,fMTOntY6SWg5a7emtufKiw,6079,-0.030362392274892964,7.0949225024407525,-3.0362392274892964,9.099794490668291,-20.871836429199146,14.799357974220552
PS,hVNsckPM13YQKqbhXzHS6w,25698,-0.030433821262926136,3.8704950750672453,-3.0433821262926135,2.414442442552206,-7.775689313694938,1.6889250611097109
IPN,8dErJxTWkZC23L278kJRPQ,7800,-0.030435897356424577,1.1653953573142055,-3.043589735642458,1.31955039878561,-5.629908517262254,-0.45727095402266205
PS,+2kMBNpY4nF1qNCRd8SJLA,15631,-0.03044313594270394,6.655838163668797,-3.044313594270394,5.323648488531893,-13.478664631792903,7.390037443252115
IPN,f6EhMArmMnzdV1ol/JE8Bw,6188,-0.0304613765702374,1.4440871676745555,-3.04613765702374,1.8357699489582713,-6.644246756981952,0.5519714429344713
IPN,Dnq9uAEw0/5OwWdWWpiksw,8107,-0.030473049007244964,3.4421164035632525,-3.0473049007244963,3.822922258482238,-10.540232527349684,4.44562272590069
IPN,9lpbXA5NOxrxnZvtc0kxfQ,7203,-0.03049371766494609,3.173930734749997,-3.049371766494609,3.7397342124431376,-10.379250822883158,4.280507289893941
ABS,tFnRqHDnxt47wukmc7kHhA,5374,-0.03051330156660364,6.084984204964183,-3.051330156660364,8.300621753883785,-19.320548794272582,13.217888480951856
PS,KLmNXHIuWnZYeJZEb8hPjw,10638,-0.030528294481091938,7.487454526702337,-3.0528294481091938,7.2594581316084055,-17.281367386061667,11.17570848984328
ONG,W2H2k5iMUqRa+nbTkR7ebg,7739,-0.030605813568511633,11.175597084702307,-3.0605813568511633,12.703643928623888,-27.959723456953984,21.83856074325166
PS,NhUN/JpAprdJeamFBgJH1w,13337,-0.030628325980607204,7.085539412628285,-3.0628325980607203,6.13541356947702,-15.08824319423568,8.962577998114238
IPN,g66CrAJWyaB6UQLG24v+cg,6880,-0.03066090031765228,3.7388933825515362,-3.066090031765228,4.507636241489828,-11.90105706508529,5.768877001554834
PS,2BWJS9CicmEgrQum6GwapQ,6154,-0.03073596991150651,5.82636970831225,-3.073596991150651,7.427100370848117,-17.63071371801296,11.483519735711658
FTP,9E7IoTzcE9qsrXcLJxV9dA,7975,-0.03077826464998311,5.835864858388107,-3.077826464998311,6.5349140583238965,-15.886258019313146,9.730605089316526
IPN,1425914,25084,-0.030938128424382746,2.9573031607597837,-3.0938128424382745,1.8672284307746798,-6.753580566756646,0.5659548818800979
IPN,OkmTkfL4mF2bbHWZWHCTzg,23052,-0.030979437674372307,1.1766497763979091,-3.0979437674372305,0.7749843119706658,-4.616913018899735,-1.5789745159747257
IPN,MotQGWM/vrOoOfngRLztGw,10630,-0.031293507544139815,3.464956080438756,-3.1293507544139816,3.3607104923688205,-9.71634331945687,3.457641810628907
IPN,iCBAxFl2OCf9g02pdHmwdQ,12091,-0.03130055465726637,1.2058818605750048,-3.130055465726637,1.0966641630630967,-5.279517225330306,-0.9805937061229675
PS,LzjUtwIzY2NmhaEXlhHlfg,13511,-0.03132484561718416,8.632392060950831,-3.132484561718416,7.426555135840309,-17.688532627965422,11.423563504528591
PTY,P2d9E25JL96NDv7urowW+A,6412,-0.03136790528224173,6.185866045741252,-3.1367905282241733,7.725093673495303,-18.27797412827497,12.004393071826621
PTY,z1tDSNNQ6qbt2fGvDMydqQ,22751,-0.031464202218908804,8.770115199371748,-3.1464202218908803,5.814401970825548,-14.542648084708954,8.249807640927195
PS,CYU+oGvHbGp+RrXxoE8jUg,6626,-0.031499142333788706,4.014750344983734,-3.1499142333788708,4.9321108437267345,-12.81685148708327,6.517023020325528
FTP,H/90KHTDjrloO6UZg1rjXQ,6530,-0.031528709899594186,5.692661917967157,-3.1528709899594185,7.0446399543324345,-16.96036530045099,10.654623320532153
IPN,+KzA32zWkgtp9krQ4wcVRw,6137,-0.03160746388546473,3.5696967114016522,-3.1607463885464733,4.556729595210222,-12.091936395158509,5.770443618065563
PS,rQhYIYXSyH/IivYM1dlV5A,7376,-0.03161266330556859,6.318408092445577,-3.161266330556859,7.356940075593253,-17.580868878719635,11.258336217605917
ONG,ZQY8dxWpTo7XWgsQu4phyQ,8036,-0.03165298309770537,10.85204110322441,-3.1652983097705367,12.105743451859535,-26.892555475415225,20.56195885587415
ONG,QGV7EJKliyAbZP4GdNy5hQ,8153,-0.031674230360335426,13.180658410383534,-3.1674230360335427,14.597496636328,-31.778516443236423,25.443670371169336
IPN,dYYjC1j0uOOeLY/KTJ6TGw,5046,-0.03172809764406202,5.661404286557661,-3.1728097644062023,7.96985731590328,-18.79373010357663,12.448110574764225
PS,CQYnEu8p054vb+YCu5aWGQ,10099,-0.03173614764392984,4.651809900270787,-3.1736147643929837,4.628953014318732,-12.246362672457698,5.899133143671731
IPN,OJ3Z07WfjjEd7s/xOXIsQw,16771,-0.03182082159575633,0.8938925183096565,-3.182082159575633,0.6902490583984787,-4.534970314036651,-1.8291940051146147
IPN,aqsgZOpQNHlS7sIFMbzQUw,19336,-0.0318251440827887,5.459519817641734,-3.18251440827887,3.9261883321642754,-10.87784353932085,4.51281472276311
PS,sWPSv81ZwIi/iV/JB9zJVw,18493,-0.0318370474997894,11.288579606383662,-3.18370474997894,8.301099416138015,-19.45385960560945,13.086450105651569
PS,Z3WN5ky78HO+kWgVeQohBA,6339,-0.03192617242389211,8.511509056437331,-3.192617242389211,10.690454998581279,-24.14590903960852,17.760674554830096
PTY,tmm/5mLTJ++UbM1pv7L6vg,9787,-0.03198119883520788,8.080710190507403,-3.198119883520788,8.168169421988914,-19.20773195061906,12.811492183577483
PS,JxpnpCmvRAcrEUy7mq1iAg,15577,-0.03210598923284588,2.885354248813552,-3.2105989232845884,2.311837112206185,-7.7417996632087105,1.3206018166395337
IPN,o8sqo5igGinUMERSCKqg9A,9594,-0.0321906919352134,0.9871367439434824,-3.21906919352134,1.0078072094001347,-5.194371323945604,-1.243767063097076
PS,cPO/1/dTcZpLkQFm3jH3Rg,33012,-0.03219798857978795,7.890995939408623,-3.219798857978795,4.343060724392713,-11.732197877788513,5.292600161830924
IPN,+H/YHw/ximtmZtcISKqB8A,14693,-0.032219152173734396,3.2032096620624797,-3.2219152173734398,2.6425920644545644,-8.401395663704387,1.9575652289575065
ABS,5eWT2KidVIoddK/XWNTnCg,7006,-0.03238795258853475,6.1776383052572985,-3.238795258853475,7.380527634804729,-17.70462942307074,11.227038905363793
PTY,xUDDjJUMa/9uBHOkzoAqyQ,17156,-0.03240139671729686,6.624887877269978,-3.240139671729686,5.057903203275912,-13.153629950150474,6.673350606691102
PS,E2QUOkHo2eCpKRqwDlvl/w,5117,-0.03242622614372795,8.393307811059724,-3.2426226143727948,11.733442299121803,-26.240169520651527,19.754924291905937
PS,J4E3ICIO/zqEJRkHK2K/zg,14353,-0.03243851381746795,4.332128422454639,-3.243851381746795,3.616012974030371,-10.331236810846322,3.843534047352732
IPN,Shzr7cvERpSWkTkz/BeX2Q,6962,-0.03256607230317144,3.909668201032125,-3.2566072303171443,4.685682876507162,-12.44054566827118,5.927331207636893
IPN,hII6spaqq2aiDOAT//eTjA,5535,-0.032670280883844195,3.803744663352124,-3.2670280883844196,5.1127262907987445,-13.287971618349959,6.753915441581119
PTY,jJUl/Er+vJFM4nE6yKJfWQ,5306,-0.032679231359268465,2.5010180532396387,-3.2679231359268464,3.433469578770521,-9.997523510317066,3.4616772384633743
ABS,uH8j5KPHb0KarEuGwwYhng,5777,-0.03274479009271034,7.1609399738924795,-3.274479009271034,9.421473903827215,-21.740567860772373,15.191609842230307
PTY,9Mud4+soX3/53v3gt33K2g,9610,-0.03280259902151951,9.122164200658506,-3.280259902151951,9.305424536816174,-21.51889199431165,14.95837219000775
PS,P9LEqGdeX4iHR1pYxC5UUg,6943,-0.03284723401159782,4.745169316811028,-3.2847234011597823,5.69479546970274,-14.446522521777153,7.877075719457588
PS,T3Z/CpmqxEpkK5BIl/XxnQ,30560,-0.032859715983437385,8.392986160901433,-3.2859715983437385,4.801089832411846,-12.696107669870958,6.12416447318348
ABS,vlmsJpJvCWGa7qyPTeIf8g,8490,-0.03287146227835767,12.369421869500547,-3.2871462278357666,13.424420787555956,-29.59901097144544,23.02471851577391
IPN,PCzqLrt9i76WCyarenWh+w,13906,-0.032903962189836086,1.401285003597096,-3.2903962189836085,1.1882979878563356,-5.619460275182027,-0.9613321627851907
PS,OvcyTm9+WXxU5tiSP47pTw,12573,-0.032947984483108726,4.684617950760005,-3.2947984483108725,4.177868059141155,-11.483419844227537,4.893822947605791
PTY,fBtLUSzQqHQTSFoj0mutzQ,5060,-0.03295810340347851,7.463040109120519,-3.295810340347851,10.491570837440825,-23.85928918173187,17.267668501036166
PTY,FxAwzYZkW6p3WzAH2WYRUg,7879,-0.03298417994638342,7.230095525798585,-3.298417994638342,8.145326269292,-19.263257482450662,12.666421493173976
PS,2i74rwDkPCQcFHCsiP362w,7962,-0.03298605920658493,5.35226596059345,-3.298605920658493,5.998278128644494,-15.055231052801702,8.458019211484714
IPN,zbkllO+BlTk2lbBm0JRR8w,8248,-0.0330564982242427,1.1745414100569527,-3.30564982242427,1.2932843043488507,-5.840487058948018,-0.7708125859005226
IPN,4vkNyuXzmfSLbO5imdQXnw,5073,-0.033101715563129866,3.9649041871877353,-3.3101715563129868,5.566731388456759,-14.220965077688234,7.60062196506226
PS,ri8CLkX3e9JF34dQNbsHGA,12460,-0.0331750914844629,6.883190447092353,-3.3175091484462897,6.16638682125348,-15.403627318103108,8.76860902121053
IPN,y4KdqUYEkmQZJjrEppkOyg,6365,-0.033227808945589146,2.5781607223008343,-3.322780894558915,3.23154928443211,-9.65661749204585,3.0110557029280205
PS,6zl/ZVtGnQKi8fyP8pHkNw,6409,-0.033315907801661444,7.082456118136969,-3.3315907801661444,8.846851890273966,-20.671420485103116,14.008238924770826
IPN,yHoS5iItpHHC+85s0twQHQ,6859,-0.03335921295809492,3.378040145551017,-3.3359212958094924,4.078818731767399,-11.330406010073593,4.658563418454609
IPN,BRgUUiPQUc31buj6DU4+yw,5743,-0.03344941633245411,1.4001938508460825,-3.3449416332454107,1.8476459649936947,-6.966327724633052,0.27644445814223095
IPN,sycpSD/L3En+mcLQYJzwJw,6240,-0.03358870205970911,2.9931677809716124,-3.358870205970911,3.7891235550955176,-10.785552373958126,4.067811962016303
PS,8Jg0L3U/z1lFwfUbhIcqng,17292,-0.03359116058098206,3.421545117275818,-3.3591160580982065,2.601954259141231,-8.45894640601502,1.740714289818606
IPN,veibI/Kd8DaQLo5PEfZzqA,6461,-0.03374168100122364,2.262727537101268,-3.3741681001223642,2.815025878518461,-8.891618822018547,2.143282621773819
PS,epAUIB7h2FJXzUPRIvSkRA,7622,-0.033741798717162014,8.36991091581347,-3.3741798717162013,9.587080266046696,-22.164857193167727,15.416497449735324
PS,8srN1dKQePlsv0GyTada+Q,13619,-0.03375706616008157,8.510102659168053,-3.375706616008157,7.292260746577731,-17.66853767930051,10.917124447284195
IPN,aGGUFNaHkxL0JRKaZYxxpg,18513,-0.03378704240319151,2.9705886036103757,-3.378704240319151,2.1832532233407576,-7.657880558067036,0.9004720774287334
PS,XMmZ4rB9jtOo90vmysYAKA,7971,-0.03385773428011578,6.376151476088271,-3.3857734280115777,7.141710169494007,-17.38352536021983,10.611978504196674
PS,353332,6587,-0.03394071768750995,5.6749571448330745,-3.3940717687509947,6.992279091824687,-17.09893878872738,10.310795251225393
PS,0PPOe2E/cqBbDsziXh+0Og,6756,-0.03403838674712633,4.167073403673416,-3.403838674712633,5.069747505983528,-13.340543786440348,6.532866437015082
PS,V4Ww27u2TDlsxvZf3T71ZQ,9626,-0.03405853978383558,6.910778491393001,-3.4058539783835577,7.043751797891322,-17.21160750225055,10.399899545483434
PS,lzqJdwOOro2LvU+VhIyLbg,18399,-0.03410430066419125,5.891011578115527,-3.4104300664191247,4.343029372748561,-11.922767637006304,5.1019075041680555
IPN,yjY2fZHydkq0Ruj9Ao0H2Q,5699,-0.03414857866555311,3.2550463327352865,-3.414857866555311,4.3117924354507915,-11.865971040038861,5.03625530692824
IPN,JzaKcbmalkCSgE64tFyqSw,11637,-0.034331227830157636,1.4719602492536517,-3.433122783015764,1.3645063614867576,-6.107555251529808,-0.758690314501719
ABS,XhnpogjPIJM10FhxKg9y3g,12208,-0.034381226772719535,4.946452117535956,-3.4381226772719535,4.476839751481936,-12.21272859017655,5.336483235632642
IPN,wxn7mzNqe96myxn7f77VkQ,21806,-0.03441789644875133,3.377636217586231,-3.4417896448751333,2.2873091586746193,-7.924915595877387,1.0413363061271208
PS,5bu/RaKpqJiWVQmRNMfN1g,15844,-0.03442207630018346,8.529230903498839,-3.4422076300183457,6.7760633083932635,-16.72329171446914,9.838876454432452
PTY,GEybAxbfxtHlmqlWhttF9Q,8554,-0.03444873979796392,11.214078265005714,-3.4448739797963923,12.124922178012483,-27.209721448700858,20.319973489108076
IPN,aqPn2ELsK1duCPYoA4yXbw,36460,-0.03444992499369811,3.187186327282069,-3.444992499369811,1.6691644308145557,-6.716554783766339,-0.17343021497328204
IPN,aqWsRYPQs5H2UhmNbN5gIg,11614,-0.03448327053264515,3.9890031498970697,-3.4483270532645145,3.7014634763315977,-10.703195466874446,3.806541360345417
PTY,FGp82VhpblSWkbWyJxYLlw,5724,-0.03456394288267167,8.48752824520786,-3.456394288267167,11.218412889482718,-25.444483551653292,18.53169497511896
IPN,3+LNtC1qVvXhH5A1F/hEzg,24251,-0.03456509037119281,3.5549506442898897,-3.456509037119281,2.282804656207577,-7.930806163286132,1.0177880890475701
PS,mBRWbnUl8diyBO1qTJaNzw,6758,-0.03465509949597638,5.567338526081002,-3.465509949597638,6.772336609676049,-16.739289704562694,9.80826980536742
ONG,rUiyK4fVzgMaYKIqKZuvFw,6056,-0.03466603070463065,12.865498666710556,-3.4666030704630653,16.532315735506806,-35.869941912056404,28.936735771130273
IPN,8144366,35356,-0.0346796855504109,3.4924053483985427,-3.46796855504109,1.8573471427338673,-7.10836895479947,0.1724318447172899
ONG,SMSArH1GRe5PEGvjFoQ5/w,23802,-0.03470867073089673,10.051110284020275,-3.470867073089673,6.51489338266981,-16.2400581031225,9.298323956943156
FTP,8NcGY1gHrAAaiKfsH9OMnA,13216,-0.03472022648244537,9.66511927355577,-3.4720226482445367,8.407312740417,-19.950355619461856,13.006310322972784
PTY,mhjHa17i03NRpJbA31cPCA,9500,-0.03475337332447893,10.546618031530164,-3.475337332447893,10.820601788060888,-24.683716837047232,17.733042172151446
IPN,Y1tswCrtrgAlBbIELBrlXQ,5838,-0.034840698987909195,1.3675170717692133,-3.4840698987909193,1.7897843709562022,-6.992047265865075,0.023907468283236977
IPN,5YbUPsv7Gezm6EWUqRnxmQ,6461,-0.03484522536191718,3.6452155234679404,-3.484522536191718,4.534958744739149,-12.373041675880451,5.403996603497014
PS,Zb2kdeopg0MY1HAfJ16K7w,17302,-0.03487747049790447,6.630934765829419,-3.487747049790447,5.041114961810814,-13.368332374939644,6.392838275358749
PS,/B79dUjmfYeWZsPcp9s2/w,5493,-0.03497693960648318,5.8493592715972555,-3.497693960648318,7.892298403574385,-18.96659883165411,11.971210910357476
PS,Nfbtmvtaqa1nYGAEBZ3KyQ,9076,-0.03499834426486214,6.841841412991381,-3.499834426486214,7.1816752018489565,-17.575917822110167,10.57624896913774
IPN,8nsQNoAikA57kSLsU+stJg,9496,-0.03511620579693834,3.529271339423269,-3.511620579693834,3.621718540220541,-10.610188918526095,3.5869477591384262
IPN,6pC5I1Xx3N8H1nnhOKioUA,7922,-0.03514661681498581,4.074044414305576,-3.5146616814985805,4.577289068932465,-12.48614825660621,5.456824893609049
PTY,dcJz7+OBSBiYsuCI/HnptA,12641,-0.03519668786288971,12.614391117397219,-3.519668786288971,11.21955357650347,-25.509993796235772,18.47065622365783
PS,npn4gXTHdGw+D+QYPgympg,6522,-0.03524430311116173,7.787812014167284,-3.524430311116173,9.643286339837097,-22.425271537196885,15.376410914964538
PS,MieTRHajNuuNGoIxavbMKw,14019,-0.03526392935424654,8.526640724284523,-3.526392935424654,7.2014416509824875,-17.64121857135033,10.58843270050102
PS,jSEItZVTvrRpBvsunDhQxw,10923,-0.035372149478226346,3.8443150836722295,-3.5372149478226347,3.678307297929359,-10.746697251764179,3.6722673561189088
IPN,JkIYE5gt2xbV7cHeLRjeCg,6411,-0.0354619009634984,4.166326383311199,-3.54619009634984,5.203438194226987,-13.744928957034734,6.652548764335055
PS,Qja23pMv2wQuz16oElUQ0Q,14039,-0.035502171101764644,9.408868566533624,-3.5502171101764644,7.9408924645552865,-19.114366340704827,12.013932120351896
PS,tgqZB0yEdxmQe58ZWQ8CeA,19945,-0.03554792240239618,7.150416754059911,-3.5547922402396184,5.063074695592243,-13.478418643600413,6.368834163121178
PTY,zHBj5rxMtUBNSg/xGVPGJg,86049,-0.03555945366721283,7.990392129592521,-3.555945366721283,2.723925209820134,-8.894838777968745,1.7829480445261794
PS,rJin6XHxhALBaCvBbpE4xQ,22178,-0.035658087423880054,7.335913100881164,-3.5658087423880054,4.925983906019818,-13.220737198186848,6.089119713410836
PS,bypIyrYcAAifLfhZpGlKLA,13381,-0.035808234196664346,11.206902036904344,-3.5808234196664346,9.688159726159737,-22.56961648293952,15.407969643606652
IPN,mE2evX+gEpodM+mn6cIUuw,12561,-0.03583462636340396,3.1201910448732675,-3.5834626363403963,2.7839990212856276,-9.040100718060227,1.8731754453794336
IPN,dklpM7NQlCtLJeHRiseuZw,10654,-0.03583959153966472,3.363762883402977,-3.583959153966472,3.2588849447219714,-9.971373645621536,2.803455337688592
PTY,0MYMgQFV8fMWDsoOfTBHAw,7780,-0.03594074691514123,8.342923817059006,-3.594074691514123,9.458635274504772,-22.132999829543476,14.944850446515229
PTY,SStIO+Mva+JhI5WcN1Ku/w,6842,-0.03594943125849577,4.640337576573428,-3.594943125849577,5.609937734104637,-14.590421084694665,7.400534832995511
PTY,YLOjI0DoJAYc6uu5i3fseQ,5552,-0.036056376988959284,2.3913472821989132,-3.6056376988959284,3.209356206841516,-9.8959758643053,2.6847004665134424
PS,PpKfU59upx0Kn/p0ReII8w,18033,-0.036278676504201794,8.392599097313465,-3.6278676504201792,6.249747717781994,-15.877373177272887,8.62163787643253
ONG,27bIFCtRcNeigxkMmUnmcA,13737,-0.036293497122376735,9.047962399444915,-3.6293497122376737,7.7197784732864685,-18.76011551987915,11.501416095403805
IPN,+HVz1Ub9olE89CwkoBtLeA,17725,-0.0363416083810696,3.7694994293937136,-3.63416083810696,2.8313304520568496,-9.183568524138385,1.915246847924465
IPN,z+rmh2/FbU3eWFGz6FhuYA,6144,-0.03634439626087745,4.634647960790077,-3.634439626087745,5.912772209044931,-15.22347315581581,7.954593903640319
PS,VNd4+vrjQO9Y+cvfFOO3ew,35500,-0.03635816866046631,4.254029182744866,-3.635816866046631,2.257804261008192,-8.061113217622687,0.7894794855294256
PTY,r6XadFLF1UF1x9Ntxn8dyQ,21740,-0.03662952645853155,10.275211412589382,-3.6629526458531547,6.968848069087949,-17.321894861265534,9.995989569559224
IPN,LEh21LD81GkPBldf2tExFg,74102,-0.03664729340105854,4.163554695001078,-3.6647293401058536,1.5294993943706006,-6.662548153072231,-0.6669105271394766
PS,VetSQ3BWFef5U+Z2GprZRQ,5822,-0.03668670760859885,5.309972047620822,-3.668670760859885,6.959148987598611,-17.308602776553162,9.971261254833394
ONG,xB8bPYcziA5HAlIpJMbpdA,55410,-0.03675545805759635,11.235994370186807,-3.675545805759635,4.773285793000675,-13.031185960040958,5.680094348521688
IPN,O6DeI3uPxgsABPq7uWR8wg,5520,-0.03678668417792389,1.8309377361188952,-3.678668417792389,2.464359352304406,-8.508812748309026,1.1514759127242469
PS,vjlFg2FrfbAuJOwdLnu5lw,13076,-0.03682694695468305,5.014121764327312,-3.682694695468305,4.384877048739693,-12.277053710998102,4.911664320061492
PS,XD1i5m5PvBDnRzJaG/vINw,6384,-0.03684758749454373,5.553284078090981,-3.684758749454373,6.95029840734156,-17.30734362784383,9.937826128935084
IPN,THf6/1yhf4oD7g4UXQP6Ig,6610,-0.03690746344524505,1.523146504732032,-3.6907463445245052,1.8734450031545602,-7.362698550707443,-0.01879413834156729
PTY,7DRe1mZ9SwVLkvMSe4i02g,14092,-0.03692306018096884,10.356764912877752,-3.692306018096884,8.724444838392897,-20.79221790134696,13.407605865153192
ONG,W4J5pHs0c92OBQ6hlM6b4g,12540,-0.036971761259522166,13.858639241574595,-3.6971761259522165,12.375758370206178,-27.953662531556326,20.55931027965189
PS,uBzCQm+qXOlI3ZTN7Mnzxg,14488,-0.036972320200191436,7.119706763323389,-3.6972320200191438,5.915042756290703,-15.29071582234892,7.8962517823106335
PTY,PKl0xV+Lp7ZfUDJGzW9TzQ,10871,-0.03697424332728032,9.022643594703098,-3.6974243327280316,8.653644593321776,-20.658567735638712,13.263719070182647
PTY,OplkGm9dAqg6DgaxwUXz4w,18804,-0.037013916771441314,8.840178216922787,-3.7013916771441315,6.446676822049109,-16.336878248360385,8.934094894072121
ONG,PFlMyKjYSUGBXs86rLk9Eg,15532,-0.03711021192824675,12.285698504000301,-3.7110211928246746,9.857939816289111,-23.032583232751332,15.610540847101984
FTP,24PXoLbYKhsNpyQIQg5RYg,13689,-0.03713717791800535,10.076416033301431,-3.7137177918005353,8.612321395984129,-20.593867727929428,13.166432144328356
IPN,hSbdXn0Vlsxg7uTlJd0Txw,16654,-0.0372113304377547,2.3046588915880504,-3.72113304377547,1.7858598568955948,-7.2214183632908355,-0.22084772426010435
ONG,iJwI6VGLU6fXkAeY/c4ZBQ,35838,-0.037240126373488405,9.644224157103492,-3.7240126373488405,5.094427820573697,-13.709091165673286,6.261065890975605
PS,XmlMTJt1Qp+AnOBZgjSGAg,8141,-0.0372649751573402,7.827420021768479,-3.72649751573402,8.675205304446296,-20.72989991244876,13.27690488098072
IPN,qsr9KeIGPBvR73dAXkB7RQ,11692,-0.03730153067855039,1.3773356517373534,-3.730153067855039,1.2737828162492664,-6.226767387703601,-1.233538748006477
PS,tciPYRUq2qhf/jPizp1Z3A,6909,-0.037358518053352496,6.3805956600222045,-3.7358518053352494,7.676329846623418,-18.781458304717148,11.309754694046651
PTY,IOJF2l0YwqzPnKgD/WR6NA,10078,-0.03737646571502288,7.960415468929549,-3.737646571502288,7.929550292970754,-19.279565145724966,11.804272002720388
PS,X2FbN8NOn8WV6yNtlG08fQ,11326,-0.037444818984640166,5.51262390282246,-3.7444818984640165,5.179884609547122,-13.897055733176375,6.408091936248342
IPN,q66C1wHIZlizz0GfO7VhTA,15296,-0.03759577645136971,1.292232033649874,-3.759577645136971,1.0448442697891387,-5.8074724139236835,-1.7116828763502592
IPN,GMOv2nPl6rwcpilFzlOayA,26032,-0.0376991111677559,2.4029058359576543,-3.76991111677559,1.4893027258689338,-6.6889444594787,-0.85087777407248
IPN,SoopcF2cPJ5BGKqYp9BvVw,8234,-0.03771981897358759,4.397257772569979,-3.7719818973587587,4.84592283075636,-13.269990645641224,5.726026850923708
PS,eBrej2jnlUCs/JgxFCRn2g,11169,-0.03775763302679235,6.023136264652187,-3.775763302679235,5.699221591231999,-14.946237621493953,7.394711016135482
IPN,9aEc97omCrMR2rU9XRO2JA,6816,-0.03777355861635835,3.846194072141911,-3.777355861635835,4.658717792267145,-12.90844273447944,5.3537310112077705
IPN,X1l44bEaSljUHxGr0W7f7g,15879,-0.037803072826982004,1.2473963554945269,-3.7803072826982005,0.9899035836479698,-5.720518306648222,-1.8400962587481797
IPN,DdxkNiL3xiZ6y39FGoWFTw,25606,-0.03784041529771435,3.0263649644503046,-3.784041529771435,1.8912564841469104,-7.490904238699379,-0.07717882084349048
IPN,mX9llxAWx0RnZ+85ZR+w+Q,13055,-0.03784163122385318,1.5021763493539526,-3.784163122385318,1.3147176155739289,-6.361009648910218,-1.2073165958604175
PS,mddoKnqZkdOH7AJOJ/i0DA,7413,-0.03788516299846072,8.800207098035944,-3.7885162998460715,10.221058938419194,-23.82179181914769,16.244759219455545
IPN,pC7EVY20LiY8y25FgMlXrQ,10013,-0.03792070361459028,1.1512794458545657,-3.7920703614590283,1.1505318430485816,-6.0471127738342485,-1.5370279490838086
FTP,txHbZw5SHiYXezh4FU4YXA,18945,-0.03812540033662593,5.622402383725797,-3.8125400336625934,4.084835945322434,-11.818818486494562,4.193738419169376
PS,oP1wzZ1ka9H4Faz6ibdoUw,11964,-0.038266885091853615,8.503461523745052,-3.8266885091853617,7.774232930939486,-19.064185053826755,11.41080803545603
PS,ukbwJ1XW++ikbWr5EbqmtQ,9635,-0.03829959970630694,3.7167870733701545,-3.829959970630694,3.786533666405255,-11.251565956784994,3.591646015523605
IPN,ENueR2a6GS+HkubsWgNYKg,14675,-0.03849148258033765,3.1452646600448864,-3.8491482580337655,2.596379313815893,-8.938051713112916,1.239755197045385
PS,/QVLqh5OBTIgWzqraoVnPA,9207,-0.03859400145561426,7.769772250225526,-3.859400145561426,8.097467568002507,-19.73043657884634,12.011636287723487
ONG,rAtsgvqzzCZdMLnZS+ZC+Q,16434,-0.03860251599503641,9.588379621786805,-3.8602515995036413,7.479517435680197,-18.52010577343683,10.799602574429546
IPN,Yznq7dbaFLKMrudO4U3XyQ,7934,-0.03860284764068927,2.8761314749778584,-3.860284764068927,3.228959789562177,-10.189045951610794,2.4684764234729406
IPN,XrTYDbpcFf1so6YftAQglw,10784,-0.038624969794683,2.2650913477352943,-3.8624969794683004,2.1812014692349924,-8.137651859168885,0.41265790023228455
IPN,tSzlMZHrAQlVV57XN5tTLg,6710,-0.03862578263048266,4.333286051557352,-3.8625782630482655,5.290005198431844,-14.23098845197468,6.50583192587815
PTY,oSw1im/CFB3kXgdwvptd4w,5957,-0.03874768996766015,9.618684523683276,-3.874768996766015,12.462405575898956,-28.30108392552797,20.55154593199594
IPN,tbgGSy2u3JnZF8TQQq53Gw,8396,-0.038814615243500106,3.0077180277074462,-3.8814615243500104,3.2824710459433413,-10.315104774398959,2.5521817256989383
IPN,f7ujeQ1dBi/bcVKt0HLG3w,30641,-0.038824081144671826,3.518431908833832,-3.8824081144671827,2.010007524705264,-7.8220228628895,0.05720663395513448
PS,ypbx0MJRtfn31yeaUV92IQ,6281,-0.038858463980294286,3.552408438115972,-3.8858463980294284,4.482378189678887,-12.671307649800047,4.899614853741189
PTY,HKQx7JwuBk05AjDNGALIKw,11020,-0.03886533454128164,4.048152074835852,-3.886533454128164,3.8562574623785775,-11.444798080390175,3.6717311721338475
PS,uA7KWBs9LxOYrL/6dBcr6w,6315,-0.038887293690480794,18.47960784361059,-3.8887293690480793,23.25445005654867,-49.46745147988347,41.689992741787314
IPN,aWfs8FN3IHyzI9v5oXD/9w,21186,-0.03894176550563307,2.538850434534359,-3.8941765505633072,1.7442656692379581,-7.312937262269705,-0.4754158388569092
IPN,gMDssmOFxaJ+sa6bQT0Zng,15702,-0.038942756606976464,3.506285163574925,-3.8942756606976463,2.7981419823242017,-9.378633946053082,1.5900826246577893
PS,7z9orGDJpUnEvIwifKWQCA,18887,-0.03901113796277603,6.591689652873973,-3.9011137962776026,4.796398535938549,-13.302054926717158,5.499827334161953
PS,VjQkDJwVftvTJbSOqaaMUw,21690,-0.03902366593885444,5.1661341652225765,-3.9023665938854437,3.507808730523951,-10.777671705712386,2.9729385179414995
IPN,0ZrWwY9rYDX0Z30c72GYqw,29525,-0.039100998467454254,3.605968498138234,-3.9100998467454255,2.0985869855711416,-8.023330338464863,0.2031306449740118
PTY,Qg1KP1lMCycQomkRUrsxIg,16317,-0.03912927527107349,6.552259483078618,-3.9129275271073487,5.129451540857374,-13.966652547187802,6.140797492973104
PS,GrnpgaQPD/rr02vwQ1dWMw,6971,-0.03913426981618185,6.653322947096505,-3.9134269816181853,7.968765794417164,-19.532207938675825,11.705353975439456
IPN,/DnbJuGds4m85TXycAfokA,7123,-0.03928997768338905,2.8887855766184436,-3.9289977683389052,3.4228182180492506,-10.637721475715436,2.7797259390376254
IPN,PZNJSFQAysNo0ldRYJybaA,17606,-0.03938023141875912,4.417398897672314,-3.9380231418759117,3.3291722787421585,-10.463200808210543,2.5871545244587186
FTP,VFJXICOm3PLivLOuOyqUkQ,5472,-0.03948373588469909,5.238839337849413,-3.948373588469909,7.082099687180623,-17.82928897534393,9.932541798404111
IPN,ub4XHTG4aODzk0JhGAyP9g,5055,-0.039536596547248455,3.0354313808084687,-3.9536596547248455,4.2693311261000195,-12.321548661880882,4.414229352431192
PS,KhK0IlEvDj/i/OCkSnpDFg,5422,-0.03957857162241966,7.668596863603375,-3.957857162241966,10.414445485139508,-24.3701703131154,16.45445598863147
PTY,GyeNn0f9/GK8xBofxCKizA,8737,-0.039606691324371106,8.972717045623094,-3.9606691324371104,9.599371616152366,-22.775437500095748,14.854099235221526
PS,EA7bMLCBa4k9ygRYI3QAgw,5873,-0.039658607881425514,3.991803840490953,-3.9658607881425514,5.208818097354096,-14.17514425895658,6.243422682671477
PS,K/sdY32vRmk3Q5IzI5mL3A,9332,-0.039746034602194294,9.831603658618361,-3.9746034602194293,10.17740360023986,-23.922314516689553,15.973107596250694
PS,0nYwkOzEC0gk/fDjbG0Kgg,6661,-0.039820596129440396,7.345836557865768,-3.9820596129440395,9.000601719270128,-21.623238982713488,13.65911975682541
PTY,FLf4mU5/Iy8zZi1O7nhZrg,5103,-0.04006257593958793,7.922042392220032,-4.006257593958793,11.089816955304451,-25.74229882635552,17.729783638437933
PS,igt7PzIFoP60WRLNWSYvYg,9959,-0.040078657851983224,6.048343898733496,-4.007865785198322,6.060781261710915,-15.886997058151714,7.87126548775507
IPN,iP6Cl2jEoEhoMKSlp3v9FQ,20885,-0.04013137605620081,3.7165755966087795,-4.013137605620081,2.571732132254605,-9.053732584839107,1.0274573735989447
IPN,lYQLgts6tjE82be34i1RpA,24086,-0.04014207439189792,1.2057989396964262,-4.014207439189792,0.7769490797528918,-5.53702763550546,-2.491387242874124
ABS,GMdM9fVK5CwO/31pjnWvVw,6762,-0.040154464500996176,6.7195526665863365,-4.015446450099618,8.171518701727118,-20.03162310548477,12.000730205285535
IPN,bBgWgIZ1P55eB004ONT/1A,13462,-0.04018607923807777,2.9545931676488566,-4.018607923807777,2.5464954005605422,-9.009738908906439,0.9725230612908851
PS,GMp0daYOX1F/1fRxGQsrKw,10469,-0.040220174219643266,5.963372912671046,-4.0220174219643265,5.82826605102274,-15.445418881968896,7.401384038040243
IPN,kV7fnjMPxAW7crpRQc731Q,63370,-0.04032131137580023,3.551342547673144,-4.032131137580023,1.4107521181012246,-6.797205289058423,-1.2670569861016223
PS,vZGoOTJLQLhkPj4I+LNGig,7883,-0.040362593047646916,6.9644484532112205,-4.036259304764692,7.84406104914944,-19.410618961097594,11.338100351568212
PS,BgIoOWt+syHhkuoswO71Hg,23052,-0.04052425096048721,6.315207194161073,-4.0524250960487205,4.159425005205665,-12.204898106251823,4.100047914154382
PS,+1e7ZVI1NdRD9O52TIRbEw,5215,-0.040637584455661326,6.216060180007576,-4.063758445566132,8.60771846565848,-20.934886638256756,12.80736974712449
IPN,Xqh8MAhszn5NkbzIRicbAg,13609,-0.04069042534295252,1.3674385696866558,-4.069042534295252,1.1721811099548585,-6.3665175098067746,-1.7715675587837296
IPN,4gvOrvAo1GXwSJrL8Ein6Q,5913,-0.040737358362122715,4.463033681376378,-4.073735836212271,5.8039842449251235,-15.449544956265512,7.302073283840971
PS,R4PZrrC2AT5pBzajK1komQ,13452,-0.040786130118139204,4.820482760088864,-4.07861301181392,4.156206379877385,-12.224777516373596,4.067551492745754
ONG,yj/qP26mnTc3rY+/oTzXkQ,7159,-0.04083723329004504,11.128157342243181,-4.083723329004504,13.152159782086716,-29.861956501894465,21.69450984388546
IPN,WkvJWo2ykjPgMsKXoPvrgQ,44416,-0.04101604760036688,3.510450058261642,-4.101604760036688,1.6656857742147981,-7.366348877497693,-0.8368606425756835
PS,V138SURkdX8LdVBPKdJJag,5440,-0.04107996462570394,4.812388654045994,-4.1079964625703935,6.5247104620219005,-16.896428968133318,8.680436042992532
PS,pT/ZKeVfnXc11EkesBXhLA,7655,-0.041116264093348516,5.72359752433754,-4.111626409334852,6.541788358866775,-16.93353159271373,8.710278774044028
PS,BrRmUq2TP+zdcAI9BD9tXQ,8213,-0.041189576721533956,4.229948374329255,-4.118957672153396,4.667498161087835,-13.267254067885553,5.0293387235787606
IPN,Z06iBVVPKnIy2nLGlB/nkw,5173,-0.04120271841469895,3.717337283866518,-4.1202718414698944,5.168454869074842,-14.250443384856585,6.009899701916795
IPN,X5WxMn6rPTNlhv8LwxrX9w,10185,-0.04121624978664288,3.587550027974778,-4.121624978664288,3.5548186444204886,-11.089069521728446,2.8458195643998696
IPN,f1HZsmfdn4A2DdchiL7UTQ,12209,-0.04123200180196813,3.5087344383585646,-4.123200180196813,3.175487829860389,-10.347156326723175,2.100755966329549
IPN,D3wzHvlY9qn9fHzXIBydYA,13076,-0.04127401363306288,3.5166044774278458,-4.127401363306288,3.0752899485354463,-10.154969662435763,1.9001669358231865
PS,rfwqG4sgU5al1qBMr/LB8A,15620,-0.0412967347393287,6.178316804181988,-4.129673473932869,4.943444457745045,-13.818824611113158,5.559477663247418
PS,09tjJUmfGFXMP+9LH5JP0A,12021,-0.04134972365823292,9.204051738715473,-4.134972365823292,8.394769050792751,-20.588719705377084,12.318774973730502
PS,VkJlVBOIyQNG2mXDdDjEDw,5794,-0.04141957291508332,3.738672585308398,-4.141957291508333,4.911658778603501,-13.768808497571193,5.484893914554529
ONG,ZNHjcu0IfC40JYwvZ4ZQXQ,11799,-0.04143769026663922,8.758029567272107,-4.1437690266639216,8.062761372103253,-19.9467813159863,11.659243262658455
PS,3qJxnU3p4F4YBoh1V6AJAA,6748,-0.04147303008535688,4.504295838957263,-4.147303008535689,5.483266699708303,-14.894505739963963,6.5998997228925855
IPN,1FiInEBJAmUKHPGf+nnbVA,5403,-0.041481538787939226,2.71225880942377,-4.148153878793923,3.6898919131508907,-11.380342028569668,3.0840342709818227
IPN,k8EQ/F1XrtXzf84uSu1oLA,9455,-0.041505870486238786,4.111422552128657,-4.150587048623879,4.22825671417735,-12.437970208411485,4.136796111163727
IPN,F1ThfRE7KTExV/uCerEjKQ,43202,-0.041528297515882565,3.901529224280198,-4.152829751588256,1.8770806728025295,-7.8319078702812135,-0.4737516328952984
IPN,hcyXAt2oddPY8vTXm7luJw,13161,-0.04156029143781614,1.2499136877359185,-4.1560291437816135,1.0895209347118784,-6.291490175816895,-2.0205681117463317
IPN,698zZSx4tLsQ7qE2O0NKbQ,9749,-0.041623072216285535,3.206168123574755,-4.162307221628554,3.2471792025133235,-10.526778458554668,2.2021640152975603
PTY,Jy+SRWQGOeiSU+3y1NivVw,19385,-0.04164568866313134,4.349975992411674,-4.164568866313134,3.1243088384650575,-10.288214189704647,1.9590764570783783
ABS,DSbskv5D5qKxR/MXeY2lfQ,5649,-0.0416766686945663,7.026521398200168,-4.16766686945663,9.34877237824776,-22.49126073082224,14.155926991908979
IPN,5gsdTUXx1aVPn9VZIobfXQ,10916,-0.0417231555363336,5.019881362832624,-4.17231555363336,4.804649263053671,-13.589428109218556,5.244797001951835
IPN,cyZdutDGrqm0YCMeXz0zGw,17060,-0.04175278381613746,3.209715706465548,-4.1752783816137455,2.457406790468429,-8.991795690931866,0.6412389277043751
PTY,uDw4DAjzV4XN/I6Td4nwOA,5117,-0.04180007655510615,7.98943671392736,-4.1800076555106145,11.168849849856286,-26.070953361228934,17.710938050207705
IPN,lV2gJXM59vvQ9r3A+ecv/A,8990,-0.04189794156389587,3.8014132190026553,-4.189794156389587,4.00926935743057,-12.047962096953505,3.6683737841743307
PTY,gowq6vr5dOUnlyu8paBpvw,15990,-0.04193272301536974,10.189754620997629,-4.1932723015369735,8.05822693965434,-19.98739710325948,11.600852500185532
IPN,fYIrnAe8f0cjMmKJtCc2Rg,5003,-0.041939835845768846,2.5367947770832853,-4.193983584576885,3.586493791914661,-11.22351141672962,2.83554424757585
PS,ntfnAgyLg28vJG5SmpmHVA,5531,-0.041976285541689085,13.318173922146835,-4.197628554168908,17.90782545863504,-39.29696645309358,30.901709344755766
PS,vt0D55ov/GY9hyEvkI7bUQ,7443,-0.04198172787034462,5.559590553116388,-4.198172787034462,6.4441968576594055,-16.828798628046897,8.432453053977973
PS,1sD0yzCvyVa6etN5oSEawQ,8919,-0.042065254860031445,6.926352530598998,-4.2065254860031445,7.334094644313587,-18.581350988857775,10.168300016851486
PS,Jr+K1YnQUiyuElDUVlIKOA,6459,-0.042128036632519066,4.912733823008082,-4.212803663251907,6.112805704725484,-16.193902844513854,7.768295518010041
PS,4Zpj7jmQfzDDZVRQone8aA,10168,-0.042128246351944634,8.601981583421562,-4.212824635194464,8.530622810356606,-20.932845343493412,12.507196073104483
PS,6lQU/ENm6JIPzDLsVlAP5A,6331,-0.04218212045850375,7.874936077344267,-4.218212045850375,9.897166590849276,-23.616658563914957,15.180234472214206
ABS,Zdvui/GqghgL1CttQtVJYw,8769,-0.04219879678449781,9.046967560414107,-4.219879678449781,9.661131602332766,-23.155697619022003,14.715938262122439
PS,pPE+SzvL5F7GXpqIgik3gw,10018,-0.04220602848100571,6.388616042765362,-4.220602848100571,6.382874038870421,-16.731035964286598,8.289830268085455
IPN,jS9qrgKtM5EyCdS5cKLe0g,11074,-0.042262144740660826,3.0695782036479407,-4.226214474066083,2.9169329261714925,-9.943403009362207,1.490974061230042
PS,4f/prNWBYEioszXw9k+K/g,6497,-0.042293368049891374,12.804889933959656,-4.2293368049891376,15.886177708139076,-35.366245112941726,26.90757150296345
PS,Ikc09dtbuz0rCsPXj2IRHw,18023,-0.042339602061778066,7.933784387217787,-4.233960206177807,5.909719287567617,-15.817010009810335,7.3490895974547215
ABS,mYyfwqfleZpc87Qk+Yb+TQ,6479,-0.04235970186980087,15.030714553294509,-4.2359701869800865,18.67349618486993,-40.83602270932515,32.36408233536497
IPN,cdBlKgWrXHvdIzc8RD3bLw,7131,-0.04239073342652429,5.348643308216852,-4.2390733426524285,6.333859395359261,-16.65343775755658,8.175291072251722
ONG,IiFzY5+fzgRSt5/j1XVjzQ,29219,-0.04244474117174342,9.025199535305779,-4.244474117174342,5.279881046253203,-14.59304096783062,6.104092733481936
ONG,z9mjhbF0H4poKwretPRdng,10547,-0.042512638149111034,8.34786769019841,-4.251263814911104,8.128512615161684,-20.183148540628004,11.680620910805796
IPN,VInKR2SvcwJ4CisDBstFvw,7866,-0.04257352267880492,4.385893978160531,-4.257352267880492,4.9451692273974075,-13.94988395357941,5.435179417818427
IPN,yjTcVvW5AG9visfQH4n80A,5582,-0.04257524231350665,1.348311896701119,-4.257524231350665,1.8046602411934318,-7.794658304089792,-0.7203901586115387
PS,8RH5iODna/JI7vmVAqmzsA,8014,-0.0426372595871435,3.391850922846564,-4.26372595871435,3.7888907862442016,-11.689951899752984,3.1624999823242854
PS,kpdth4TfqyQQx2zhM4SIow,5246,-0.0426429678897934,4.807106518831618,-4.26429678897934,6.636966147305219,-17.272750437697567,8.744156859738888
PS,SxBwCNbO+GJ6wUsB6RXUOw,5503,-0.042654915047833517,6.230163306844706,-4.265491504783352,8.39846031227468,-20.726473716841728,12.195490707275024
PS,ZWU9RNYtjmm4cElg1I0F4w,7217,-0.042656227327378414,8.728457254686125,-4.2656227327378415,10.274463100360478,-24.403570409444377,15.872324943968692
PS,yVcWPFMToVhoCSFDHRkZ9w,10116,-0.042698693156799174,5.568547843246442,-4.269869315679918,5.536528565738413,-15.121465304527208,6.581726673167372
IPN,ZZPre3awT89wTO11LSUTRQ,6151,-0.042761011407387355,4.737984546836483,-4.276101140738735,6.041166096082555,-16.116786689060543,7.564584407583073
PS,8uJs1XKddf/SXyBGzNUweQ,5295,-0.042767390836737314,7.559213863913418,-4.276739083673731,10.388280081910061,-24.637768044217452,16.08428987686999
ONG,An3h0d86B/ps1kAWTROByw,13258,-0.04276757374313698,5.687914889146769,-4.276757374313698,4.9398536425473605,-13.958870513706525,5.405355765079129
PTY,907ciPvkNWg7Nku8xmYzIw,5161,-0.042792329324686906,9.205125360125502,-4.279232932468691,12.813352614482616,-29.393404056854617,20.834938191917235
PS,jUjSF82wQjex00FKDvvC/g,7546,-0.042846541900139354,4.968923030980392,-4.284654190013935,5.720103264055138,-15.496056587562006,6.926748207534136
PS,GX1heJ+DSsvm7gzSPsYhhQ,11973,-0.042851034232083814,3.2586064213227126,-4.285103423208382,2.978039252471978,-10.122060358053458,1.5518535116366952
PS,H5Se03ZqSX7tbULXur2MAg,29419,-0.0429251514898313,4.990089619623487,-4.292515148983131,2.909339425554792,-9.994820423070522,1.4097901251042613
FTP,KuB8kje4QukV+YOgMkglPA,12200,-0.042925541507477155,5.2420140224213645,-4.292554150747716,4.7458965028526165,-13.594511296338844,5.009402994843413
PTY,L8cpEW6o6bsoJ6sdwAbuDA,5070,-0.04295416204681293,11.201824710036123,-4.295416204681294,15.732030971552696,-35.130196908924574,26.53936449956199
PTY,drasF6nCoZ1AEYJt0NKOfg,10391,-0.04297655411498423,8.391541515037483,-4.297655411498423,8.23214620619875,-20.432661975647974,11.83735115265113
PS,AjPdRlqq5A09+dJ1jqXnlQ,10547,-0.04301633813618099,6.0526920429477045,-4.301633813618099,5.89364679133047,-15.853181524625821,7.249913897389622
ONG,1yGzv8zFWKxFqId/yxaxXQ,7490,-0.043082447131183026,10.415013565312,-4.308244713118302,12.0342472786736,-27.89536937931856,19.278879953081955
PS,v+QfkGiuj9bgtuNoVnDO8w,22528,-0.04311212728068561,6.913648549902554,-4.31121272806856,4.606233823344224,-13.339431021823241,4.71700556568612
PS,Mllei8UDNaoVVMcg3HVJAA,11897,-0.04321642666447661,6.69820692816129,-4.32164266644766,6.141010349556736,-16.35802295157886,7.714737618683541
IPN,4gXnSQsh6GfWl+UnYQg9xA,11208,-0.04328593393677392,3.5948816562967023,-4.328593393677392,3.3956313678740915,-10.984030874710612,2.326844087355828
PTY,pdsWdhEfZLQ2TK5GJEqOZw,5112,-0.043314747575376074,8.467376760948595,-4.331474757537608,11.842774552437769,-27.543312880315632,18.88036336524042
PTY,/fMOyNer7yd0uej8PHsj1w,14491,-0.04341805208512702,6.778918284794898,-4.341805208512702,5.631333144886829,-15.379218172490887,6.695607755465484
IPN,sE5okNQ8dibqozp/18Y3TQ,12904,-0.04349542817046608,3.4511377458108927,-4.349542817046608,3.038086371518507,-10.304192105222882,1.605106471129666
IPN,1/9LN1OrSzaDD/kPCUTyiw,59314,-0.04365980982495065,3.9227090261604,-4.365980982495065,1.6106734070599729,-7.522900860332612,-1.2090611046575184
IPN,op4VCTL+nqgMT5pj6lTyTw,6333,-0.04366042987441595,3.152636399590184,-4.366042987441595,3.9615864858207432,-12.130752499650253,3.3986665247670613
PS,FOIUEMemcKhB3ISIIC61Sw,11266,-0.04370214100996554,7.795727930344287,-4.370214100996554,7.344661763556281,-18.765751157566864,10.025322955573756
PS,2FtU5xDLZSa63BtI3FiTzg,8357,-0.0437435672285348,5.762271411600323,-4.37435672285348,6.303307718228115,-16.728839850580584,7.980126404873626
IPN,MO3oIHNY3tvaNWVffox58A,19787,-0.04377576226070422,3.5420566905595687,-4.377576226070421,2.5180568498856375,-9.312967651846272,0.5578151997054279
IPN,+QuwBd8R6CyozKWpE0sxpg,22757,-0.04382605326795387,3.543683711294316,-4.382605326795387,2.349078054204875,-8.986798313036942,0.22158765944616743
IPN,SSWOf5MF/WG95T6wQAoOOw,9309,-0.043831237892239396,1.170223065144092,-4.38312378922394,1.212878056052647,-6.760364779087128,-2.0058827993607515
IPN,mQWqx8jwp8E3ur9AMppy4g,11768,-0.043917316591391184,4.137036941663024,-4.3917316591391184,3.8136257302785865,-11.866438090485147,3.082974772206911
PS,7aLMgt5IJZPbcymEmuCP5w,25056,-0.043944963992967025,4.883759552355486,-4.3944963992967025,3.0853071349587293,-10.441698383815812,1.6527055852224066
IPN,pdQno7e6vWuhtYDgUnhwFA,48421,-0.04410805793990359,2.7334129947242185,-4.4108057939903595,1.2421909977879753,-6.845500149654791,-1.976111438325928
IPN,4fW2OH+AGeJxuoFtFsbTDw,30241,-0.04419364413904145,1.5585770176490545,-4.419364413904145,0.8962521156908927,-6.176018560658294,-2.662710267149995
PS,qYnTdHkYjNM63+PbZeuPFw,6053,-0.04420259374126302,8.19054033888992,-4.420259374126302,10.52754766990629,-25.054252807142632,16.213734058890026
PTY,4oOmzlxOqopcwFRku+/9OA,32131,-0.04422036594690694,8.157455272291672,-4.422036594690694,4.5508506195820235,-13.341703809071461,4.497630619690072
IPN,nkoK4GxGLvqCGokk1aI0JA,9516,-0.04422288776045338,1.001657546584667,-4.422288776045338,1.0268146367607414,-6.434845464096391,-2.409732087994285
PTY,g3Vuc7ULeVhgYYYxE+1jWw,7824,-0.04428780070650782,8.589671278692174,-4.428780070650782,9.710959057316105,-23.462259822990347,14.604699681688786
IPN,AYTD452Jud52vRnBA0uFbg,8976,-0.044353442528881064,2.0860040483062026,-4.435344252888107,2.2017789987422525,-8.75083109042292,-0.11985741535329186
PTY,tChbvQ9+lXVzqOVLsuF+/A,6523,-0.04444473484742638,6.154110909632786,-4.4444734847426375,7.619765913337692,-19.379214674884516,10.490267705399239
IPN,m7GfquP5EfapBCQ5A8P0MA,7417,-0.04445179897095936,2.329917525796623,-4.445179897095937,2.7053683733667637,-9.747701908894793,0.8573421147029201
PS,iK8jYXN3pGMV/1YuvNHidw,6291,-0.04448100644932265,7.323167131255661,-4.448100644932265,9.232920652088843,-22.544625123026396,13.648423833161868
PTY,XdmIsXynrK1/q2jy4bDEaQ,19696,-0.04450566417883377,15.421138884288306,-4.450566417883377,10.988222141774182,-25.987481815760773,17.08634897999402
ABS,LT221YrZPBSgJyrBLTEuSA,10856,-0.0445778362546322,5.446774207263976,-4.45778362546322,5.227625345319623,-14.703929302289682,5.788362051363242
PS,88UM2Yt6ZTfnrBmPpGwhYw,8422,-0.04478033710907189,7.772643122781151,-4.478033710907189,8.469565074465285,-21.078381256859146,12.12231383504477
PTY,dIcsU4nAqJmyiAfb0l3NwQ,7363,-0.04478621179786662,13.707704395899835,-4.4786211797866615,15.97486990764891,-35.789366198778524,26.832123839205202
IPN,gkCrJnO0g2Zcb8Se3SblZA,9503,-0.04483145716866982,1.745495905731111,-4.483145716866982,1.7905583155158153,-7.9926400152779795,-0.9736514184559844
PS,IbKkxFPjux0+shmlNYRMsA,11562,-0.044848063979036894,5.267047522374222,-4.484806397903689,4.898360612664632,-14.085593198726368,5.115980402918989
IPN,KKn/M8USf/Qwjf3rnEKEOw,5666,-0.044880163236174365,4.249542022641665,-4.488016323617437,5.645518607067171,-15.55323279346909,6.577200146234217
PTY,5FeVQ7Uwbmaa2te3zF2MMw,5593,-0.044883252410412945,8.532042114233843,-4.488325241041294,11.408553433018682,-26.849089969757912,17.872439487675322
IPN,HGalJMMqGYRIW+6mnjmUhQ,18120,-0.04495378011636123,2.9848440813827724,-4.495378011636123,2.2173923927149857,-8.841467101357495,-0.14928892191475107
IPN,cM4ul+EaaE14WPxVrHVvDA,5245,-0.04495494136137549,2.991696354772195,-4.495494136137549,4.130900801075533,-12.592059706245593,3.6010714339704952
ONG,LvcJtsR7UASbFXKC3l5odA,6080,-0.045002054717195664,8.228103070628016,-4.500205471719567,10.552319536487161,-25.182751763234403,16.182340819795268
IPN,LjIePGr9MmEDqa5NsOTTqw,12125,-0.04509690723222556,1.5520089336940392,-4.509690723222556,1.409461908077889,-7.272236063055217,-1.7471453833898933
ONG,HlJ2Tx2bB6dy+jb7ax73Gg,6167,-0.045132562461941444,11.506103394215687,-4.513256246194144,14.651810669390047,-33.230805158198635,24.20429266581035
PS,3XM5njbdQQKEF+CdOVlhhQ,7224,-0.04518006797281743,9.114047185796675,-4.518006797281743,10.72315056610232,-25.53538190684229,16.499368312278804
IPN,HshE1T+FfQVE8lJUW77u1w,10210,-0.04523183205452302,3.2527102246142743,-4.523183205452302,3.2190854404289775,-10.832590668693097,1.7862242577884944
IPN,FckHTkLIDJ7Kd6QcHKGCMA,21549,-0.045240405480033746,2.9519931296838546,-4.5240405480033745,2.010952358403284,-8.465507170473812,-0.5825739255329379
IPN,GzZJ3OAGgEk7SlpV5B3NQw,15957,-0.04528291656340903,1.2261843973063673,-4.528291656340903,0.9706891227697957,-6.430842336969702,-2.6257409757121035
PTY,6+WW3VFQCXXQk7UoZrcgDw,5509,-0.04529630280638925,6.971407625814459,-4.5296302806389255,9.392562442404094,-22.93905266775095,13.879792106473097
PS,MlSO2M+JRtKqGMf8nB3uiA,10224,-0.045323747846116466,5.7128228491463595,-4.532374784611647,5.649894478231375,-15.606167961945143,6.541418392721849
PS,jdUVXKwoCSRn0qgtniCwag,5726,-0.04536063772493826,7.306774004381254,-4.536063772493826,9.656061055547214,-23.461943441366365,14.389815896378714
PTY,tyQls37NEr2+hvhGGwMobw,13807,-0.04538618131744626,8.968770652013045,-4.538618131744626,7.632788983551339,-19.49888453950525,10.421648276015997
IPN,ZZIOi5z/97CWYP+KKIvNIA,8138,-0.04539659581977749,1.6981566404124127,-4.539659581977749,1.8824303009713808,-8.229222971881654,-0.8500961920738428
IPN,0ItXTxnZQelA1OhcUh2TbA,41531,-0.045405698082052144,3.365420255583028,-4.540569808205214,1.6514031555746245,-7.777319993131478,-1.3038196232789505
PS,VhEjZuJkp5H5HzlHAaYYoA,18501,-0.04549889296251377,7.0206933604118404,-4.549889296251377,5.161576915618007,-14.66658005086267,5.566801458359918
IPN,cct+Axxsci0hta89cPG07Q,12629,-0.04567067899144416,3.190771671972809,-4.5670678991444165,2.83929976214795,-10.132095432954397,0.9979596346655653
IPN,2iRlJ5zUfu7KOWQVniEiHg,7242,-0.04572874195698841,3.652896083147921,-4.572874195698841,4.292477796907931,-12.986130677638384,3.840382286240702
IPN,z7LT76Q20szkzBSoK95SCg,6155,-0.04603038260260798,3.446900758001486,-4.6030382602607975,4.393541681389951,-13.2143799557851,4.008303435263505
PS,lYTAT1ltFtlbM28PfV7O9w,12629,-0.046176461522673254,7.521448529689984,-4.6176461522673256,6.692941149296629,-17.735810804888718,8.500518500354065
ONG,h4YIZltf5E2d5duwii6yMg,12017,-0.046226562414275855,9.892971318825651,-4.622656241427586,9.024615746352636,-22.31090310427875,13.065590621423581
PTY,kzmAfn52Pf7n49urCRAy1Q,8372,-0.04652066213224302,7.592597164752907,-4.652066213224302,8.298044291650266,-20.916233024858823,11.612100598410219
PS,UKXz2mAWG0aA2YHz27bczA,11948,-0.04655841851056964,4.6106128359820095,-4.655841851056964,4.218043439965336,-12.923206993389023,3.6115232912750947
IPN,WHG+HAnzIOPeNkixwks7SQ,18597,-0.04658020101016892,2.191852661557977,-4.658020101016892,1.6072739709423733,-7.808277084063944,-1.5077631179698407
IPN,Cwout1g/lvLYUcTunEc29g,6085,-0.04659040622664164,3.011047493027419,-4.659040622664164,3.8600000862706434,-12.224640791754624,2.9065595464262968
ABS,9xsRsEs93cJjlt/4HA9gqw,7219,-0.04671307214284075,8.507872371674976,-4.671307214284075,10.013420298886825,-24.29761100010225,14.954996571534103
PS,hHMuVlXBgN7af16SDCul2Q,15505,-0.046767387780132924,6.344308061048967,-4.676738778013292,5.095049147287999,-14.66303510669777,5.309557550671186
PS,zSvEPTV1PVj1wJ4rAdYX1A,14468,-0.046967905833555056,4.616537550063603,-4.696790583355505,3.838063204495177,-12.21939446416605,2.825813297455041
IPN,zTvMmP5X5dRYeIBNjl+y1Q,7049,-0.04699815647164749,2.496860013108648,-4.699815647164749,2.973927925264604,-10.528714380683372,1.1290830863538739
PS,4D2A9I/vd0sKnbGT/w0S9Q,16672,-0.04701245482966318,5.351208087365191,-4.701245482966318,4.144364915544064,-12.824200717432683,3.421709751500048
ABS,CRoZguLh34mDa9XCf2BypA,6089,-0.0470192269320401,1.1323669805564096,-4.70192269320401,1.451156361358616,-7.546189161466898,-1.857656224941123
PS,+1bGEULmXVGNDhi0z+MY/w,23730,-0.04711518461211222,5.073274640277691,-4.711518461211222,3.293362258631132,-11.16650848812824,1.7434715657057973
PS,nYvbSvNm1PP/3P+tr+F4AA,14003,-0.04716953652800683,11.124152872548446,-4.716953652800683,9.400617975367828,-23.142164884521627,13.70825757892026
PS,sGFnnRCa1YAHAUmWgsW6Qg,20789,-0.047254317839384406,4.110896696322876,-4.725431783938441,2.8511480141724803,-10.313681891716502,0.8628183238396208
PS,I6AGBxLX6ebenLH1xvn50w,9160,-0.0472681948388459,6.8992939796079735,-4.72681948388459,7.208699364321489,-18.855870237954708,9.402231270185528
ABS,jM7yDdzcVuT22B+VkCl6Dw,9487,-0.047284869098026885,8.141670789318916,-4.7284869098026885,8.358899184379919,-21.111929311187332,11.654955491581953
IPN,3X4YxBcuoVB4J1dkzOz7qA,5586,-0.04729755956384814,3.479594251686431,-4.729755956384814,4.655626580272475,-13.854784053718864,4.395272140949237
PS,HX/CQJObuMVIi59AV2gnOw,17562,-0.04733971024288253,8.0605091053508,-4.733971024288253,6.0824071289137125,-16.65548899695913,7.187546948382624
ONG,FW6DrwFScvAJl23awT3WSQ,5437,-0.04745754320431396,15.10159681832866,-4.745754320431396,20.48062495738655,-44.88777923690903,35.39627059604624
IPN,NaGy/e2onsZgK9/tGrZbVw,18886,-0.04750391821683015,3.1166913484510212,-4.750391821683015,2.267899486965089,-9.19547481613459,-0.3053088272314408
PTY,adKn0Tuxp9h1GxplqPNz/g,20137,-0.04752385771681709,10.682999073852995,-4.752385771681709,7.528280732153556,-19.50781600670268,10.003044463339261
PS,jUxbAQn8l6rrQHdJxZqOWw,9283,-0.04756204037172944,8.525494537723533,-4.756204037172944,8.848617154351214,-22.099493659701324,12.587085585355434
PS,P9q5MqfooKU2HjS0NwqBXQ,8094,-0.04763034221189005,6.821083538795488,-4.763034221189005,7.581790300460154,-19.62334321009091,10.097274767712896
PS,rAaKUtv8NSKwBYb+HKJICg,9476,-0.04763085486028468,11.076278259271048,-4.7630854860284675,11.378403524917514,-27.064756394866798,17.53858542280986
ONG,L094Of/Hzxd1CBzTRo+92A,15184,-0.047652464143115365,12.577038191987802,-4.7652464143115365,10.206698406545113,-24.77037529113996,15.239882462516885
PS,5QqvJxfddUJ5IwSnVRIjCg,10945,-0.04773183956167071,10.227663747937779,-4.77318395616707,9.776165800677665,-23.934468925495295,14.388101013161155
IPN,kpUjOJMRkwMwbla6lqLfRQ,9468,-0.04781129360702605,3.3364255726064154,-4.7811293607026055,3.42888023835722,-11.501734627882758,1.9394759064775462
IPN,p9Le7AX2clXOjIyle/2Sag,9902,-0.04788174158008478,1.9264813626900756,-4.788174158008478,1.9359910751170712,-8.582716665237937,-0.9936316507790184
IPN,5HnoP5VtfnK3fn+2rgJo+w,5223,-0.047914800095234064,1.0178643881426568,-4.791480009523406,1.4084126175184568,-7.551968739859581,-2.030991279187231
ONG,oE5STXy/n+ps/jt+T+YpZQ,9666,-0.04801236135053038,10.424998053898634,-4.8012361350530375,10.603581705552793,-25.58425627793651,15.981784007830434
IPN,xNY8yO1l+PinLBKdWTYdVg,35401,-0.04802749953745839,3.1034165039289556,-4.802749953745839,1.6494239652703497,-8.035620925675724,-1.5698789818159535
PS,CJ6Y2ro8G7T2d4YNVIf/zA,6032,-0.04809847417033082,5.163871854797639,-4.809847417033082,6.648823280541256,-17.841541046893944,8.221846212827778
IPN,9YJOHteeLHQuWYT0HQqe7Q,13368,-0.04820691180186383,3.857659185716267,-4.820691180186383,3.336496224560864,-11.360223780325676,1.71884141995291
IPN,SvmlfeF1DtPlQjOKGs9iWA,48561,-0.04821397377855953,2.715329863297262,-4.821397377855953,1.2321931363015137,-7.23649592500692,-2.406298830704986
IPN,rJommgBTI36ea/a96bW0XA,22176,-0.04825015747207412,1.7001311435275688,-4.825015747207412,1.141670597757704,-7.062690118812512,-2.5873413756023123
IPN,TFNcVjnDgY2X1Hfz5mtrhQ,7563,-0.04831250825445913,1.2734958783286898,-4.831250825445913,1.464368888767717,-7.701413847430638,-1.9610878034611878
IPN,E/t2lYeifRyKmtge/VBZww,6199,-0.048460638701944586,2.9452897379118115,-4.846063870194459,3.7408233991434305,-12.178077732515582,2.485949992126665
IPN,X2sVJNeJ6QRNOxyw2fGzqg,16914,-0.04848131748524007,2.810215222105331,-4.848131748524008,2.16080919255968,-9.083317765940981,-0.6129457311070343
IPN,LiX4eM3rA7JmguAI7VSouA,5948,-0.04848688654476312,0.8729002153866569,-4.848688654476312,1.131824578412236,-7.067064828164295,-2.6303124807883296
ONG,fu+WlaPx96iyMSbTlMvtAg,25730,-0.04850791813121595,8.31105522972701,-4.850791813121595,5.181270607812033,-15.00608220443318,5.30449857818999
PS,FH49RWFG+b2/chfqdMRjXg,9117,-0.04856312838568425,9.18372713051002,-4.856312838568425,9.618182071202131,-23.7079496981246,13.995324020987752
PS,GmAhfWw04zAp/NX3z7ZxDg,18554,-0.04858539087462548,5.7128979681942935,-4.858539087462548,4.194089477428871,-13.078954463223134,3.3618762882980384
ONG,+27CIoYs2PAOb9WHeMmKNA,76164,-0.0487156337508403,8.618455633468784,-4.87156337508403,3.1228748355220683,-10.992398052707284,1.2492713025392241
PS,9PhG8JbbWKDgHSPiF9SYmQ,5973,-0.04886238097460969,5.83285173272522,-4.886238097460969,7.547179508043331,-19.678709933225896,9.90623373830396
FTP,qHKDydG5sLyP7VVbYrH75A,6222,-0.04886531628960488,5.27879327798709,-4.886531628960488,6.6922114029266915,-18.003265978696803,8.230202720775829
PS,gjgymnl3aCNAM4P48lmuHw,12445,-0.04895942085562891,4.302857885021753,-4.895942085562891,3.8570880398042537,-12.455834643579228,2.663950472453447
PTY,JDG/7oCT00QL3yBFxQRxPw,11719,-0.04900501336613423,10.530424367318869,-4.900501336613423,9.72748558975116,-23.966373092525696,14.16537041929885
IPN,KSeabSZuGTydcaDou8mdvQ,14775,-0.049023756843734716,3.650996683835346,-4.902375684373472,3.003638716626563,-10.789507568961536,0.9847562002145915
IPN,lLlvLk1pAEf41YNNWDi4yg,9627,-0.049051315796589494,3.9793217003877723,-4.905131579658949,4.0556789095085355,-12.854262242295679,3.0439990829777805
PS,eSwb5uQ9kh4yceibEZpFzg,29387,-0.04908352333502284,6.110617305708571,-4.908352333502284,3.5645725568132702,-11.894914544856293,2.078209877851725
IPN,5BICBCYLcTCjM2DHqf6suQ,5207,-0.04914538128169503,1.8466775587751942,-4.914538128169503,2.559159078926136,-9.93048992286473,0.10141366652572348
ONG,JWuirGVebhGtmbOw8K1XcA,15173,-0.04919699502279366,11.500264061939422,-4.919699502279366,9.336241639855796,-23.218733116396727,13.379334111837993
FTP,are3gYnwJQoh22iJCRUvHA,7216,-0.04919726377819766,5.473956293820415,-4.9197263778197655,6.443963372837079,-17.54989458858044,7.710441832940909
IPN,9lqBP2qWYX+7YEv0RLIjIg,10006,-0.04922683944755522,3.057279046688604,-4.922683944755522,3.056362275501011,-10.913154004737503,1.0677861152264594
IPN,qntDg1HjPOh5dkcY6Dz+zQ,5847,-0.04925089794202648,2.3074456785971496,-4.925089794202648,3.017622705487599,-10.839630296958342,0.9894507085530453
IPN,IfCGrYKKPIRrWh+fxriDow,8518,-0.04928054229338199,2.049571873279502,-4.928054229338199,2.220722714069727,-9.280670748914865,-0.5754377097615331
PS,9nH8PyNQ0zUg4TaCLwsOsw,5111,-0.0494136837668421,5.462671893863211,-4.94136837668421,7.641034765477099,-19.917796517019326,10.035059763650905
IPN,hVRZ8ID48jd+O/k4Y8/0TA,11263,-0.049430169994005735,2.9225170199861976,-4.943016999400573,2.753784854305565,-10.34043531383948,0.4544013150383339
PS,GWmK+9bG7KD0DGHalzYmUg,15143,-0.04953584105232972,5.099312943244842,-4.953584105232972,4.1438660088142,-13.075561482508803,3.1683932720428594
PTY,XV37y0L4rHYF9xOxVH7uTQ,7933,-0.04955452111063998,6.560502205750633,-4.955452111063998,7.365773477582258,-19.392368127125224,9.481463904997227
ABS,turd+9CckdZ5fpB7YjXEBA,6720,-0.04968332167371132,13.523007185384625,-4.968332167371132,16.496379623375493,-37.3012362291871,27.364571894444836
IPN,g10o3Cb+9khWwnTxxdVdGQ,8587,-0.0496954708281504,3.391323253238738,-4.9695470828150405,3.659725029612143,-12.14260814085484,2.2035139752247597
IPN,4g0xJ6HZI/Gd+d+yFxVBwA,21227,-0.04981339858391127,3.5194691210991653,-4.981339858391127,2.4156435422601312,-9.716001201220983,-0.2466785155612703
IPN,9U8/B7A5yNTf0Gtaev8s7g,7538,-0.049816529056253535,3.319746628397712,-4.981652905625354,3.823638905846146,-12.4759851610838,2.5126793498330926
PTY,pyAbKLWP6Aus56+A4uTNQw,9864,-0.04985675059745371,8.849909205771915,-4.985675059745371,8.910709458621556,-22.45066559864362,12.479315479152877
IPN,dyvzm+3rbNp4drpG/npvJg,11789,-0.04987485416468009,3.750259574961902,-4.987485416468009,3.4540040677578436,-11.757333389273382,1.7823625563373646
IPN,3hQjZaBsilfQbocHxcALNA,13541,-0.04990384683643519,2.417862724300866,-4.990384683643518,2.0778120990823092,-9.062896397844845,-0.9178729694421923
PS,TLW1jfx7K6Xs8iVrMMPOeQ,15864,-0.05000945372026521,5.138184511475607,-5.000945372026521,4.079466255298466,-12.996699232411515,2.994808488358472
PS,B8Fa6Jubd09KXIL9L+rYRA,15356,-0.05008709906641899,8.332635678224827,-5.008709906641899,6.724242111821694,-18.18822444581242,8.170804632528622
ONG,0E/Y/7sardz4yEL/IeDNXg,15251,-0.050097204115344116,12.897340868994274,-5.009720411534412,10.44361894983783,-25.47921355321656,15.459772730147735
PS,hsxElthi4vjgC5S8ABW7cA,10483,-0.05012071211835213,5.8113828345116,-5.012071211835213,5.675925590344018,-16.13688536890949,6.112742945239061
ABS,1aSVy9/xe+Ubjm0WSW6q7A,10779,-0.05020236446903985,10.237503258688694,-5.020236446903985,9.86063349548294,-24.347078098050545,14.306605204242578
IPN,ahBTWaKTajmGf6oBsxchAg,17463,-0.0502526958408016,3.7607574723659374,-5.02526958408016,2.8458755211849938,-10.603185605602746,0.5526464374424274
PTY,pdsomDvDN367ell1b58YAw,6957,-0.050270783971040366,10.86481594876513,-5.027078397104036,13.026008944157962,-30.55805592765364,20.50389913344557
ABS,8HFWLcaI0X11RPN8idwaeQ,6076,-0.05029132163705129,1.0603742868331725,-5.029132163705128,1.3603488860578428,-7.6954159803785,-2.3628483470317567
ABS,x5Ve3banntM1u760WN4BBw,11166,-0.0502970644212644,7.366261555432302,-5.02970644212644,6.971052020702167,-18.69296840270269,8.633555518449807
PTY,eXEtYcXPU6OVFYMJhmP9Ag,60928,-0.05029912796270145,13.381846921442975,-5.029912796270145,5.421351876552753,-15.65576247431354,5.595936881773249
IPN,wga0qERXMDFz1GjuiuMrnA,6068,-0.050307075267727625,2.4106488527718226,-5.030707526772763,3.094647358454172,-11.096216349342939,1.034801295797414
IPN,VFJiiH1Qz/w85H8rofaJYA,10383,-0.05035081449804606,3.5018049260853057,-5.035081449804606,3.4366121588649987,-11.770841281180005,1.7006783815707918
ABS,adXSt7WNePaNdPOnAI7mAg,6466,-0.050354546334674,5.539576225868141,-5.0354546334674,6.889039780935735,-18.53797260410144,8.467063337166639
IPN,5z8MblhgCeZmSpHMO2aCSg,26953,-0.05043018351626238,2.265416117559419,-5.0430183516262375,1.379889882524325,-7.747602521373915,-2.33843418187856
IPN,Oeyc24pTmMbpCGaklcKpTA,8997,-0.050456171156605625,3.9457588071177696,-5.045617115660563,4.159888348564338,-13.198998278846666,3.1077640475255395
IPN,klgq1ADamwx2DOyVlJX2+g,39266,-0.05051268291917851,3.5952454895426915,-5.051268291917851,1.8143464486488838,-8.607387331269663,-1.4951492525660388
IPN,yJ0n1V0DEKQmEtx6LOtQdA,16906,-0.05052193013166064,3.2321621489134373,-5.052193013166064,2.4858373423455338,-9.92443420416331,-0.17995182216881744
PTY,kskJP1aet0ixkBeLPScDQQ,5396,-0.050542437793856816,7.687371912950081,-5.054243779385682,10.465064806702166,-25.56577080052193,15.457283241750563
IPN,5E4RybOxmos6kPjT6g65pw,11367,-0.05055520380771369,2.6561978984533305,-5.055520380771369,2.491365801965785,-9.938597352624306,-0.17244340891843013
IPN,dYhe5WwXsgpBqLo/i/ovBg,14051,-0.05057077743465659,1.5753163476348453,-5.057077743465659,1.3289668959576342,-7.661852859542622,-2.4523026273886965
IPN,4DfisgHaN7yaAQyIQ8/U5g,11148,-0.05062496649307892,2.89795430458315,-5.062496649307892,2.74468843982873,-10.442085991372203,0.31709269275641816
PTY,9/kjslWqK+P1HL+84BaOeg,11163,-0.0506674358698829,9.708667166060337,-5.06674358698829,9.189019019340028,-23.07722086489475,12.943733690918167
IPN,oI9sEB77ZeDxpDDeFwG2QQ,14746,-0.05068689736714603,3.6194862401851657,-5.068689736714603,2.9806419890382587,-10.91074803522959,0.7733685618003836
IPN,gpc/nZ7BMReNDQyB7EKsLg,12664,-0.05097783799797993,2.485733319732721,-5.097783799797993,2.2088645378234686,-9.427158293931992,-0.7684093056639947
PTY,dbR87LXRf3txZWDh1qeOEQ,6669,-0.05098129396378091,5.0057037680399015,-5.098129396378091,6.129637424906714,-17.11221874919525,6.9159599564390675
PS,8B/dhbQjIWe6ASCdgzktNQ,8227,-0.05105080569650418,7.035600343180357,-5.105080569650418,7.756761045018527,-20.30833221788673,10.098171078585896
PS,vkfxu8f/jMYKUk6Ly4eujw,20520,-0.05116179476602849,8.325139989239842,-5.1161794766028486,5.81169570261432,-16.507103053726915,6.274744100521218
PTY,/5PVwAOrS+Aj47b7oTRRRw,5704,-0.05122358710171986,4.528324947275569,-5.122358710171986,5.995809492124105,-16.874145314735234,6.62942789439126
PS,L1w13xEklS+c0b2r4duz7w,17056,-0.05142446023964203,8.083790342635252,-5.142446023964203,6.189797591295089,-17.274449302902575,6.989557254974171
PS,ro5ILFKm2WPgVcRCUjLe5Q,14496,-0.051447986406952584,6.50537943174862,-5.144798640695258,5.403168881480106,-15.735009648396266,5.4454123670057495
IPN,Zuo+F00Gj+63aYdj4bIz0g,5804,-0.05148294259974416,3.1459834762320895,-5.148294259974416,4.12945497642878,-13.242026013774822,2.945437493825991
PS,gHqdgEgsRz3PAlj48k5I1A,7323,-0.05154012412618259,11.24813250212343,-5.154012412618259,13.144252903275236,-30.91674810303772,20.608723277801204
ABS,7I7RYE+DyVv9a2suFhCI8g,9122,-0.051549458055602,12.167351878758808,-5.1549458055602,12.739460425859773,-30.124288240245356,19.814396629124957
IPN,iA72eQiWNBOxr5b7tPHq0Q,14590,-0.05163896556910462,3.306675945387838,-5.163896556910462,2.7375621659819656,-10.529518402235114,0.20172528841419002
PTY,adIJCVSLZyW60peCZx9H/w,6336,-0.051726958402220836,5.432663720209117,-5.172695840222084,6.825040595496193,-18.549775407394623,8.204383726950454
IPN,iFz6eTgd4c9g0+qFIuUWfg,5261,-0.05191060049274171,2.1291958388136982,-5.191060049274171,2.935495762821696,-10.944631744404695,0.562511645856353
IPN,6tzwDt17T072E4AlVywp7A,11846,-0.05196522050223479,4.201457205666418,-5.196522050223479,3.8602379876761193,-12.762588506068672,2.369544405621715
PTY,Er8bgrteLYaibOWrtPIzkg,14748,-0.05212591818321909,8.397355063394315,-5.2125918183219095,6.914741550171241,-18.76548525665754,8.340301620013722
ABS,ewKo/o6k+dGFqzlwPoTpNw,6248,-0.052190379991175824,5.8399657189893075,-5.219037999117583,7.388219461421792,-19.699948143504294,9.26187214526913
IPN,0uaMfcC2V3RYjKpH7IAWMg,7739,-0.05220842552456164,2.905218662692964,-5.220842552456164,3.3024511483296197,-11.693646803182219,1.2519616982698905
FTP,URgUuIrf/VRmDn9uPTBb/g,6216,-0.05221605536790428,4.763264731282487,-5.221605536790428,6.041561717494313,-17.06306650307928,6.619855429498425
IPN,hh//6vxwsZD3nbWo0iTgMw,9509,-0.05224466362715595,4.398124716918815,-5.224466362715595,4.510244823328386,-14.064546216439233,3.615613491008042
IPN,yR29DlRfWDOgTgrCFBap0Q,14862,-0.05228249775001394,3.948057937893427,-5.228249775001394,3.2385073633979067,-11.575724207261292,1.1192246572585036
PS,Y1oURgURBWvaOMsZm0trPg,5574,-0.05230714179706437,7.389110316000869,-5.230714179706437,9.897116176697779,-24.62906188603408,14.167633526621207
IPN,BeWmJHdV64mNEuqnS6gHxw,17651,-0.052370658387381946,3.3715945785727084,-5.237065838738195,2.5377608272998193,-10.211077060245842,-0.2630546172305488
PTY,AXUR2F4YE3Ddt55ugO0BiA,5109,-0.05238422646208574,10.227793637127292,-5.238422646208574,14.309155573375401,-33.28436757002436,22.807522277607212
IPN,9SDJYFfZJXvjk+gszYXqtw,19485,-0.052451988278458234,2.799155791403292,-5.245198827845823,2.00528851016635,-9.175564307771868,-1.3148333479197776
IPN,NDGahz9+vjce2OSm3COsVA,28973,-0.05247561011526535,3.171885546689111,-5.247561011526535,1.8634630031650772,-8.899948497730087,-1.5951735253229842
IPN,PmOvK7SU/+6gTge7vulgDg,8338,-0.05250287770824657,4.643987962869734,-5.250287770824657,5.085810100572228,-15.218475567946225,4.717900026296911
ONG,G85z1nApCvHFYzJkdUd+bg,12373,-0.052523404483487024,8.442320955554283,-5.252340448348702,7.589695502983327,-20.12814363419602,9.623462737498619
PS,Xl88SmJfCmb6KZNmEeXGzg,20702,-0.05263227317401256,9.277612271628435,-5.263227317401256,6.448074795217082,-17.901453916026735,7.374999281224223
IPN,QJ8YPIpIFzYFX5F6rbR98A,9594,-0.05275693143783372,1.8452241568909613,-5.275693143783372,1.8838628180782901,-8.968064267216821,-1.5833220203499239
PS,uADoZTMe5RfyBqX1cJUwmQ,5292,-0.052764552451799694,6.627191848559086,-5.276455245179969,9.110026185087813,-23.132106567952086,12.579196077592146
PTY,mdJOHHQxOaAEGp8gppUlkQ,5527,-0.05283179211103185,10.60143037252833,-5.283179211103185,14.260006814915513,-33.23279256833759,22.66643414613122
IPN,O8eGSmJTPUXabYPeQsEZ5Q,8667,-0.05287559209596716,3.9429397837234816,-5.287559209596716,4.235315292261452,-13.588777182429162,3.013658763235731
PS,1tFuD56+Kq2arh8fxuWM+A,10009,-0.05288815029089786,10.267098522614443,-5.288815029089786,10.262481444573309,-25.40327866045347,14.825648602273898
PS,oXJmURqW5MKBlVtFKgkeEg,7985,-0.05292110182928084,7.205918356296924,-5.292110182928083,8.064025213221386,-21.097599600842,10.513379234985834
IPN,TlDjfheMI9gt49euPd++lA,13653,-0.05294687934981103,2.220514383622866,-5.294687934981103,1.9003760374270848,-9.019424968338189,-1.5699509016240167
PS,R4q3pVcRx3lN6K7MdQCSMw,16673,-0.05302670038845539,6.076499721020007,-5.302670038845539,4.705942400418946,-14.526317143666674,3.9209770659755954
PTY,N8+fOEO152X1Hrs/tjFCSA,11796,-0.05306386281605134,8.497434355433112,-5.306386281605134,7.823848573296671,-20.64112948526661,10.028356922056341
PTY,++ppi4J0SLtUr7xveJxZ3w,12397,-0.053068407642569204,7.269155737535553,-5.30684076425692,6.528684366577851,-18.103062122749506,7.4893805942356675
PS,UvAWinFnY5w1mIdVjvNbWA,8619,-0.0530808365447048,9.828268648564611,-5.30808365447048,10.586406806970698,-26.05744099613305,15.44127368719209
ONG,IEXqTSQQff2tPn90yLl6eg,11838,-0.053117518967939883,10.62189473948239,-5.3117518967939885,9.762539982183776,-24.44633026187419,13.822826468286213
IPN,vkSzvWNuHY2Cp8j4/m8e+g,9881,-0.0531883583463598,2.937875797458438,-5.31883583463598,2.9555137340802298,-11.11164275343323,0.47397108416127054
PS,oiyYexRvmNRJ7FGjkHictw,9606,-0.05322402620437169,5.361337487106331,-5.322402620437169,5.470182994107142,-16.043961288887168,5.399156048012829
IPN,CQdO+NU2sGSc9nc1FTmkFA,15980,-0.053337765829136435,3.539306315085432,-5.333776582913644,2.7998177564511115,-10.821419385557823,0.15386621973053494
IPN,AWxy3szPsZWygZHfqCUFMg,27598,-0.05337125905675036,3.888278153890217,-5.337125905675036,2.3405532171432983,-9.924610211275901,-0.7496416000741712
IPN,in0bkIIsTSBSNNhSlMoxaA,5583,-0.05347787804358454,2.943749143285952,-5.347787804358454,3.9397347593717065,-13.069667932726999,2.374092324010091
IPN,MU6WC7xCkk0EXkLjyikwPw,15352,-0.0534978715965933,2.23619131823963,-5.349787159659329,1.8047891697422154,-8.887173932354072,-1.8124003869645873
PS,fX0zRSYrmREcEyCzEOxEqA,14874,-0.05364192629885943,4.723602671125631,-5.364192629885943,3.8731067841635456,-12.955481926846492,2.2270966670746066
PS,tzqVv8iAUF1TyXqskWXHRQ,15232,-0.0536915698796002,7.1838024212875595,-5.36915698796002,5.820709348427063,-16.77774731087706,6.039433334957023
PS,InPVaJvm+o/W7F3/UcQ8Jw,7553,-0.05372997308434768,6.588428702683084,-5.372997308434768,7.58092339606831,-20.231607164728654,9.48561254785912
IPN,lRf1ATQ9XQ3llptmMAfVrw,12726,-0.053736287927769945,3.796865203368253,-5.373628792776994,3.3657295800877143,-11.970458769748914,1.2232011841949255
IPN,FhcwFrT4nWXbfprwS533/g,5860,-0.053779862378644454,2.8603082165477614,-5.377986237864445,3.7364917324919382,-12.701510033548644,1.9455375578197538
IPN,UKHkqQwT5CnfzkNjv2pyoA,26740,-0.053784125838247626,3.2225901290567256,-5.378412583824763,1.970717490417092,-9.241018865042264,-1.5158063026072623
PS,S0DjRIBGyPj9fosJHf76Pw,10854,-0.053885051119823425,4.939143083819296,-5.388505111982343,4.740855288377821,-14.680581477202871,3.9035712532381863
PS,994uSYm6XPv9cDR5xVxMmQ,8753,-0.05389399764346257,6.720532270076869,-5.389399764346257,7.183319882520232,-19.468706734085913,8.689907205393398
ONG,0/ouVy3dOmspdrOFf3fanw,10264,-0.053950703378936635,8.902768169132061,-5.395070337893664,8.78752842164479,-22.618626044317452,11.828485368530124
PS,H2XeHSuof1sWC7yfkpPCVQ,12413,-0.053952105787507594,7.374285760777021,-5.39521057875076,6.6188354645138965,-18.368128089197995,7.577706931696477
IPN,503nYoJbu0dQ74Dt68TFbQ,6487,-0.05404254736693776,3.0220592239364357,-5.404254736693776,3.752157172667932,-12.758482795122923,1.9499733217353707
PTY,QMZh2jddWcdXQaKKVaCKXg,36791,-0.05405758103788481,9.715117310662086,-5.4057581037884805,5.064974379974286,-15.33310788853808,4.521591680961119
PS,dy22DuOSxwZmtpvg2JovIg,21491,-0.054270857406814706,6.457119862301259,-5.427085740681471,4.404641193515254,-14.06018247997137,3.206010998608428
PS,CT7Xj/V/O5rBlhtt+RZeFQ,12745,-0.05429580128160165,5.510101332998679,-5.429580128160165,4.880784871823048,-14.995918476933339,4.136758220613009
ABS,/vWzwrlbykwemKDJ7f/Snw,5963,-0.054297585375188445,10.275605976178204,-5.429758537518844,13.306843155200921,-31.51117112171265,20.651654046674963
ABS,arrhJBpX5+1wZC0mSrIBZg,5556,-0.054316731697502244,5.074141986378004,-5.4316731697502245,6.807403554719734,-18.7741841370009,7.910837797500454
IPN,2lBv8YQUPIDE24dKlLxYXA,10725,-0.05445501124108588,3.4628765191835953,-5.4455011241085876,3.34378507622767,-11.999319873514821,1.1083176252976452
IPN,DuKVO2ARX9RoPpvja68u1Q,11278,-0.05449104432751892,3.7134285255260924,-5.449104432751891,3.4967052379356036,-12.302646699105674,1.4044378336018912
PS,zaogaltCDFVsIASEnrXs2w,8367,-0.054496236355202565,6.985066118759268,-5.449623635520257,7.636346685796518,-20.416863139681432,9.517615868640917
IPN,AutoDUb06MYYStC8TZ+rxg,6213,-0.05450869186017012,2.1826623466088675,-5.450869186017012,2.7690824020957217,-10.878270694124627,-0.023467677909398077
PS,2gE8+qo/o/g/YfMLaszAYQ,8642,-0.05450965920961088,8.37241369969818,-5.450965920961088,9.00624067870731,-23.10319765122742,12.20126580930524
IPN,1qxNxzjPLQOexoVxEDlUKg,23000,-0.054597348016241325,3.877529502560172,-5.4597348016241325,2.5567672390042566,-10.470998590072476,-0.44847101317578986
IPN,harFc7OKvN2oQjVi8mejAg,9889,-0.05462888064911493,1.6968126322058856,-5.4628880649114935,1.706309073727532,-8.807253849417457,-2.118522280405531
PS,8FU0bKuLRdwURbDqZgGeHg,15443,-0.0546330058378992,3.9309729721583677,-5.46330058378992,3.16325513756995,-11.663280653427023,0.7366794858471826
PTY,mpvH+Ul6yekMxa6JY2s6LQ,6463,-0.054748572492443165,8.858790651773875,-5.474857249244317,11.019385097270622,-27.072852039894734,16.123137541406102
PS,IDYRvH3UCWMtNQUWuOLsag,8322,-0.05496815359499686,8.457972493697069,-5.496815359499687,9.271551451140558,-23.66905620373518,12.675425484735806
IPN,XYc4i1gmo0QIjIaCxXn4MA,10280,-0.05505700358388953,2.8457961783219714,-5.505700358388952,2.80677264028161,-11.006974733340908,-0.004425983436997072
IPN,H2v5gOldrpXKXfKa+yi+eg,23780,-0.0550741164648202,3.580373856575887,-5.50741164648202,2.3217874115022457,-10.058114973026422,-0.9567083199376185
PS,AQtCQETfiDsxj6doW6ChqQ,22922,-0.055145929390003054,7.1776862147179274,-5.5145929390003054,4.740871830918218,-14.806701727600013,3.7775158495994017
PTY,k000IrBAdsj91F5ICB8iIw,5983,-0.055180514924951705,9.341853971671577,-5.518051492495171,12.077403409697315,-29.189762175501908,18.153659190511565
PTY,b59J7ARbOs/kbscifi/9tA,5205,-0.05560065423506138,8.833027039926122,-5.5600654235061375,12.24331978361482,-29.556972199391186,18.43684135237891
PS,E7roqZ4HqXaVvYhTaXwuNA,6792,-0.055694935408402216,6.930700337256284,-5.569493540840222,8.409657004055537,-22.052421268789075,10.91343418710863
PS,VvdR9F3I+2yELkfTVvC1dg,9671,-0.0559727528627772,6.8987993713508535,-5.5972752862777195,7.015163920619528,-19.346996570691996,8.152445998136557
PS,CqLHJkex2nYirJagQYH0aA,14929,-0.05604237584123084,9.05833026404771,-5.604237584123084,7.413662168296974,-20.135015433985153,8.926540265738986
PTY,gV9FYr4KdIfpiAIiXAIzhw,8891,-0.056072092038006206,9.207855164282064,-5.607209203800621,9.76524568619033,-24.74709074873367,13.532672341132425
PTY,WqIyyhgHwj+NW0Bx9DFcSQ,5518,-0.05612873071051888,10.153471929811811,-5.612873071051888,13.668590243383926,-32.403309948084384,21.177563805980604
IPN,/dZep2zZQfAsTMP9BoxaJQ,5141,-0.056336316332421026,1.5478103145024837,-5.633631633242103,2.1587081666148764,-9.86469963980726,-1.4025636266769448
IPN,vbGz30gLdx0i6rsEtHn+Sg,12498,-0.05639362380988771,4.046626861651866,-5.6393623809887705,3.619702684690835,-12.733979642982806,1.4552548810052661
IPN,hFP4NkABQn2wHjyBOFT7dw,7971,-0.056402897792902786,2.8155150353051654,-5.640289779290279,3.153562526770154,-11.821272331759781,0.5406927731792237
PS,X9zgx8jLy3hIFZMnnOgFnw,5442,-0.056499447970651435,10.31548274438602,-5.649944797065143,13.983319737775966,-33.057251483106036,21.75736188897575
PS,Nx0bR/kof5MSfu0v8ZJv7A,7551,-0.05652474166748698,4.276033773609743,-5.652474166748698,4.920836004237508,-15.297312735054213,3.9923644015568165
PTY,Ni3Y3XE9h5BMfjDB1AMBfg,7675,-0.05655736368088846,10.431412262898348,-5.655736368088847,11.90704287788641,-28.99354040874621,17.682067672568518
PTY,7T4zkWjNP3X2wK/qxrSrLQ,55091,-0.05656367221629472,12.98732305857046,-5.6563672216294725,5.533237554589746,-16.501512828625376,5.18877838536643
IPN,BE+1UlMihV/8DG7anhOkJA,9919,-0.056590886699635363,3.998883719523533,-5.659088669963537,4.015178254980272,-13.52883804972487,2.2106607097977964
IPN,SabcVf0zQlmEiE2c39l6LA,10481,-0.05670384558406612,3.899367136570918,-5.670384558406612,3.808840327021072,-13.135711599367912,1.7949424825546894
IPN,fO9prbaN42kcZhMpDs6OMw,19385,-0.05674531796189476,1.6127032737886198,-5.674531796189476,1.1583013563543536,-7.944802454644009,-3.404261137734943
PS,agzle+RlsR50ndzd+tbGSg,8331,-0.05676497627542008,7.1433660672581665,-5.676497627542008,7.82626121638692,-21.01596961166037,9.662974356576353
ONG,40512503096,6917,-0.05676696476608287,9.391738799517299,-5.676696476608287,11.292422475965072,-27.809844529499827,16.456451576283257
ABS,vETYfpoA+FhBercnDPJrRw,13440,-0.05681698295049414,8.273176000838035,-5.681698295049413,7.1362922806950495,-19.66883116521171,8.305434575112884
IPN,udU8eirtB3od2PYheCtWhQ,15899,-0.05685451830158489,2.6658039617360125,-5.685451830158489,2.1141865439674157,-9.829257456334624,-1.5416462039823546
PTY,kL6deQ4FdlRsAZVVLq4vaQ,28428,-0.056908062589620174,9.651872894321398,-5.690806258962017,5.7245116119621064,-16.910849018407745,5.529236500483711
IPN,GOdwaSzNY5YXtZWzK9J5Eg,7802,-0.056931395464694,3.0540072065989485,-5.6931395464694,3.457538976327717,-12.469915940071726,1.083636847132925
IPN,iVcUbr9eOfbgmfvDhxDqOg,7221,-0.05695568460322635,3.614488889579622,-5.695568460322635,4.253517477391267,-14.032462716009519,2.6413257953642493
IPN,WIE/t4686HGhewBO/61LuA,8132,-0.05699192537970573,3.9054962500451187,-5.699192537970573,4.330893858349888,-14.187744500336352,2.7893594243952062
IPN,rs2OPu2XGA+Q/I3K9QmIow,9491,-0.05722737221883127,3.2900474022747743,-5.722737221883127,3.377117478347364,-12.341887479443962,0.896413035677706
PTY,rF+Sueq2ILKc9FJ1AWHENA,8183,-0.0572775287532499,11.613047253276171,-5.72775287532499,12.837779664431208,-30.88980101761016,19.434295266960177
ABS,imLtn/9RRisp29uN9gUA1A,13372,-0.05731400903807454,4.959439249707432,-5.7314009038074545,4.288786140928732,-14.137421740027769,2.6746199324128597
ABS,S4wJtKvhgTmAVk3a0dsCcA,5372,-0.05743996141657333,7.481164805148124,-5.743996141657333,10.207072982571054,-25.7498591874966,14.261866904181932
IPN,U+WCzFIP/PDPLMhw7DivnQ,34947,-0.05756223816098951,3.662920241870617,-5.7562238160989505,1.9593973314837263,-9.596642585807054,-1.915805046390847
IPN,HJiKjGJDoJP1aoG2BdrysQ,21148,-0.05756925152135928,3.1212961539371964,-5.756925152135928,2.146348930642618,-9.963769056195458,-1.5500812480763972
IPN,mtiwneeTVOABtMfcXbxLiQ,44086,-0.05765127304195952,2.4011616384162577,-5.7651273041959525,1.143591840931011,-8.006567312420735,-3.523687295971171
IPN,mOpioXKyBBptk/kcQy8dOg,15185,-0.0577377899799215,3.6113498347068598,-5.77377899799215,2.9306379073026023,-11.517829296305251,-0.02972869967905023
PTY,fEUWOD9DGPM/cuOJJryN0Q,9623,-0.05776576847217379,7.998499044450124,-5.776576847217378,8.153672326239791,-21.75777460664737,10.204620912212611
PS,12JYWc+tO4/0O3m9P8S8RA,5646,-0.057884783384080395,12.629745723636969,-5.78847833840804,16.808314673409022,-38.73277509828972,27.15581842147364
IPN,R5qe0iD3fE/X8jpmQpQgvQ,7124,-0.05790777652535393,1.806301218072068,-5.790777652535393,2.140071184543604,-9.985317174240857,-1.5962381308299296
IPN,IPU0g6B4RS8JuyQdRS7e3Q,8837,-0.05793821433961857,0.9543606817517225,-5.793821433961857,1.0152198747046186,-7.78365238838291,-3.8039904795408046
IPN,cbvypxhDcM5Fk4/TKx1KNw,5019,-0.05794979098974221,1.2838676422132849,-5.794979098974221,1.812223072933771,-9.346936321924412,-2.2430218760240304
PS,UvCEgXFViHGH8nISXC39mw,7409,-0.057963848311742165,4.441496697835586,-5.796384831174216,5.159998152896211,-15.909981210850791,4.317211548502358
PS,EI9GlTKVt3zmbjjBsaV2iQ,21139,-0.05797905023932948,8.125920010002634,-5.797905023932948,5.588951276420097,-16.752249525716337,5.1564394778504425
IPN,TO6O/LKhSS34phzhUGeX+Q,28183,-0.05810812117466928,2.8420830040793854,-5.810812117466928,1.6929461620550634,-9.128986595094853,-2.4926376398390038
IPN,wKxh+MvS8oM0jKpiF+1hPA,6276,-0.058169613490824945,3.9948227062641664,-5.8169613490824945,5.042617680925051,-15.700492003695594,4.066569305530606
PTY,VeWnUQTC+d+aVXdm57X6Uw,22676,-0.05817770893445009,9.474952169472962,-5.817770893445009,6.2920737171828085,-18.150235379123313,6.514693592233296
PS,Gir5NQDPM0PsuefpAZPY2A,19808,-0.05819163998338411,6.71758843388264,-5.819163998338411,4.773018072256859,-15.174279419961854,3.5359514232850326
PTY,0fwF5j/mkmiSomFUBeycNg,5718,-0.058218258515459004,7.839460948588949,-5.8218258515459,10.367263228178494,-26.14166177877575,14.49801007568395
IPN,quIuIgHsJmp5GsIWF2Uhvg,7347,-0.058253029097955177,2.6522906233754875,-5.825302909795518,3.0943261676058973,-11.890182198303076,0.23957637871204085
IPN,kNsGvODqgvv8gwdB11vhpg,5871,-0.0585668812698003,2.508426878920511,-5.85668812698003,3.27374920221813,-12.273236563327565,0.5598603093675045
PTY,XHrcTwts/HrNluPVZ1VfsA,11649,-0.05874226007062751,14.638739875014076,-5.8742260070627506,13.563112716120855,-32.457926930659625,20.709474916534127
PS,zAaOqanxZ0W9xHSd1YVl/Q,6601,-0.05892137313957757,4.8531224055352435,-5.8921373139577575,5.973328220300011,-17.599860625745777,5.815585997830263
PS,x9VGscBU5oUWy8rQ+Ik80w,6359,-0.05892436016678463,8.145656651982023,-5.892436016678463,10.214842804053587,-25.913527912623493,14.128655879266567
IPN,fMe+zzfqOr2hifg2dt6Bkg,12177,-0.058971709048717666,3.851512282632618,-5.897170904871767,3.4902869556797693,-12.738133338004115,0.9437915282605811
ONG,ZIvhoWMfoMxZNCK9q5XLlw,23169,-0.059050003555373196,9.797223947242278,-5.90500035553732,6.43649432371813,-18.520529230024856,6.710528518950214
PS,ha/O/lJyoRvWGUPp9S3uFA,9617,-0.05912845289348019,4.195963773926781,-5.912845289348019,4.278700836539936,-14.299098928966291,2.4734083502702537
IPN,SYN++mGkawnz3hjeqTj1og,27637,-0.0592695782557882,2.0754019030124486,-5.92695782557882,1.2484086275718556,-8.373838735619657,-3.4800769155379836
IPN,oOGNd1Xu55igW4SvjBqJBw,5379,-0.05927279077956481,3.2616617261985703,-5.927279077956481,4.447215199072471,-14.643820868138524,2.789262712225563
IPN,LSeV9msZHlwrH03KUNo3RA,7792,-0.0593101901501356,3.6490992443160906,-5.931019015013559,4.133911768263543,-14.033486080810103,2.1714480507829848
PS,+tMWRydglhJsZl3lFdLTdA,16784,-0.05938401038326089,7.250669873355182,-5.938401038326089,5.5966789747121055,-16.907891828761816,5.031089752109637
IPN,/7Ck7RbEQBg5ou+Prw4v+A,6643,-0.05939033633342228,3.470033136590209,-5.939033633342228,4.257469013872635,-14.283672900532594,2.405605633848137
PTY,0plqpYYCanhyCfLRzXHdnw,10896,-0.05940160180938467,6.459470683747807,-5.9401601809384665,6.188186360736331,-18.069005447981674,6.188685086104742
PS,hKeO5CxWJoYlGXQxV7hMqg,6071,-0.05941854459111625,8.179842035210806,-5.941854459111625,10.498198990657462,-26.51832448080025,14.634615562577
IPN,Pu8DCUCT2eh+f05X4idSJA,5575,-0.059463376079439585,6.296961642526513,-5.946337607943959,8.433514810989262,-22.476026637482914,10.583351421594994
PTY,9P2mjTQ7+4wm56GDuMn4gg,6823,-0.05954767224121859,9.600904928487337,-5.954767224121859,11.623167155449167,-28.736174848802225,16.826640400558507
IPN,GDKBgFNgRxNXvILBQrJ0EQ,7529,-0.059552729042707836,2.214115507575218,-5.9552729042707835,2.5517118187829193,-10.956628069085305,-0.9539177394562621
PS,QkN+JfoP7ktB9Jrm6QpCRw,5898,-0.05970717202581493,8.880645207332465,-5.9707172025814925,11.563575377650729,-28.635324942776922,16.693890537613935
IPN,Zb+yK8GGOGBb13Lmfcs39w,9642,-0.05971522118337568,1.3059836456764526,-5.971522118337568,1.330007760033366,-8.578337328002966,-3.3647069086721713
FTP,JP6k4T9ojHCkXkVB2FATRQ,6431,-0.05993663606974927,8.645302207190845,-5.993663606974927,10.780550154286013,-27.12354190937551,15.136214695425657
PS,iGNIlQDWdYCasIfPAKqzUQ,11117,-0.05995112508796762,6.560642354460723,-5.995112508796762,6.222323128953956,-18.19086584154652,6.200640823952993
PS,MJHnoGE9TsE5jGIlefvK/w,5421,-0.060023672173678974,4.867141295749828,-6.0023672173678975,6.610499102324728,-18.958945457924365,6.95421102318857
FTP,8hCaLTZCsCG8I/lwLnhBeQ,6182,-0.06003639652399483,4.744562933977082,-6.0036396523994835,6.034366883580301,-17.83099874421687,5.823719439417905
IPN,ZayeDDPPI9NSBSfixJ5RTg,5971,-0.0601390064750918,3.8084740172558265,-6.01390064750918,4.928644131628872,-15.674043145501768,3.646241850483408
PS,CkE3IyJF1KvdaAOmZY5XqQ,34529,-0.0601461447072253,10.795984113343154,-6.01461447072253,5.809921123551451,-17.402059872883374,5.372830931438313
PS,lonFKUteLEA4/NIKgewdjQ,21968,-0.060148701178064624,5.753476149765282,-6.0148701178064625,3.8818169958341557,-13.623231429641407,1.5934911940284824
PTY,Uz/KnbV+cA/kLFJ/KE6i+A,19505,-0.06014989063304163,10.339134508018958,-6.014989063304163,7.403058956596703,-20.5249846182337,8.495006491625375
IPN,+IXS2KEyBDDCmsGR3XWjtw,5036,-0.06018913829014167,2.035907817709582,-6.018913829014167,2.8688989352185965,-11.641955742042615,-0.395871915985718
PTY,3EfFcKmqI56V5DJ5GPKKBA,7085,-0.060195128580761696,8.34251506983508,-6.01951285807617,9.911219001188538,-25.445502100405704,13.406476384253367
IPN,Js9KsTpcCNVZ57PXuj5voA,5779,-0.060366139277431625,2.8371753259226633,-6.036613927743162,3.7321563312403447,-13.351640336974238,1.278412481487913
PTY,Igp2yDF2jj83DhcDPzAf3w,13370,-0.06040808016875941,7.514550104818559,-6.040808016875941,6.498861489258399,-18.778576535822403,6.696960502070521
PS,vhMxa2gL73pRA/i7YQozxQ,8690,-0.06043426358624349,7.5958077489944404,-6.043426358624349,8.14824494574377,-22.013986452282136,9.92713373503344
PTY,YEE/d+8mf2IRU8l4TBm1qA,11040,-0.06050208552379458,5.06752948735176,-6.050208552379458,4.8229387638564365,-15.503168529538073,3.402751424779157
PS,QTMNNiQzZ5qmtsjgGGo4wQ,7473,-0.060519203846252506,8.702657223123493,-6.051920384625251,10.067100099173333,-25.783436579004984,13.679595809754481
FTP,6HIAYBsqsJH0VNdIMeReGA,5383,-0.060606072743143176,8.338991262492089,-6.060607274314318,11.365834525298744,-28.33764294389986,16.216428395271222
IPN,EF2alpk4zl7dH0zEjNnoFA,57230,-0.06061549917418037,3.41423966057936,-6.061549917418037,1.4271911038631768,-8.858844480989863,-3.2642553538462105
IPN,vw/pRmu7NIoVgNxY+GeGhw,7294,-0.06063339739326977,3.53460238809005,-6.063339739326977,4.138640344568358,-14.175074814680958,2.0483953360270055
ABS,J/MRE0h1byBxOS3nscCzRg,13814,-0.06076337822645674,12.780426980971876,-6.076337822645674,10.873907581428172,-27.38919668224489,15.236521036953544
IPN,iBqjTWUTFcdiN6Iexpg9hg,6441,-0.060813538240842284,1.596881025118482,-6.081353824084228,1.9897380764229637,-9.981240453873237,-2.1814671942952195
IPN,gIQKhxVtA7prVq9vzX5ywQ,14743,-0.06085321831750084,3.2735741257084006,-6.0853218317500835,2.6960580976229607,-11.369595703091086,-0.8010479604090808
IPN,5+DwUs2k358LWTETXa1pPw,17188,-0.06098586221697831,1.1928387871295458,-6.098586221697831,0.9098484927596394,-7.881889267506724,-4.315283175888938
PTY,zj6ahQjUiEwd+d8ymLoKpQ,8220,-0.061063092672821236,15.957672474757642,-6.106309267282124,17.600849860993726,-40.60397499482983,28.39135646026558
IPN,P//9QMiLfGoEAjGIQxr3JA,10435,-0.06112625745134486,2.3384577793793664,-6.112625745134486,2.289197729404844,-10.59945329476798,-1.625798195500992
PS,fU+UW+4kcnC7R2T+saaNfw,6124,-0.06114358647472811,9.298836046237573,-6.114358647472811,11.88258691012583,-29.404228991319435,17.175511696373817
IPN,eb6fdQzDJ5Ce0uQeuVUj7Q,33567,-0.06115379647651477,2.0819709522404017,-6.115379647651477,1.1363664460056855,-8.342657881822621,-3.888101413480334
IPN,63sczDYMIMcDz4yijeZE+Q,13214,-0.06119078292200023,2.748299232042198,-6.119078292200023,2.3908199178430016,-10.805085331172307,-1.43307125322774
PTY,YIVBT1GLrwzICh8LpjkURQ,8803,-0.06126993070256571,9.111083575512863,-6.126993070256571,9.71079261768254,-25.16014660091435,12.906160460401207
ONG,z4jGQGTNI3tQMSdkLK7m4Q,22238,-0.061288467358663105,8.94587335441204,-6.12884673586631,5.998945033958152,-17.886779002424287,5.629085530691667
PS,at2WnMKZvKHxNWGNAaJs8Q,6375,-0.06135450921105404,6.424774678120329,-6.135450921105404,8.046699936375445,-21.906982796401277,9.636080954190469
PS,j/KzWp8Q4GoUfLHENwDUaA,5524,-0.06156166984681458,5.005062104785714,-6.156166984681458,6.734147673009614,-19.355096423780303,7.042762454417386
IPN,nKBLEKSHBHdz7F6fN2bM+Q,8044,-0.06159746363825729,2.184378274736493,-6.159746363825729,2.435520657707161,-10.933366852931766,-1.386125874719693
IPN,CwN8yujd0oU9y/fXbiBcwA,15955,-0.06160764729330361,3.50314205628027,-6.160764729330361,2.7733797776516576,-11.596589093527609,-0.7249403651331123
ABS,sSZBJzpy1ZH4aGvCJdw9qw,8735,-0.06169427625139782,5.682359823439146,-6.1694276251397815,6.079911761914629,-18.086054678492456,5.747199428212892
PS,4OX6Rr0/FSHMhSL+rC2zFg,5788,-0.061732033171073765,7.30288499039079,-6.173203317107377,9.599093014529082,-24.987425625584375,12.641018991369624
ONG,YiFzJvouaZkO7TfpGfe5aA,6533,-0.06173331644366095,8.94876191559403,-6.173331644366095,11.07150408467861,-27.87347965033617,15.52681636160398
PS,UseG9Q9h5YB4Vg2r+06HKw,20544,-0.06184417133593447,9.514729520822696,-6.184417133593447,6.638255190742638,-19.195397307449017,6.826563040262123
PS,IHF+NCzGsowdiVb/Axq8ug,13127,-0.06185647781940869,6.130266880751641,-6.185647781940869,5.350527977459025,-16.672682617760557,4.30138705387882
IPN,vofKzQncJlUWENM2n3pq2w,18729,-0.06197109612711305,2.918888232975934,-6.197109612711305,2.132849300943129,-10.377494242559838,-2.0167249828627725
PS,goMGo+GN7k/yKO9mqWPZmw,11365,-0.062067605277422604,5.611767518377159,-6.206760527742261,5.263988731882987,-16.524178442232916,4.110657386748394
IPN,YcDJKiwqLnHI54tUg6ZbbA,6135,-0.0621035056864234,4.156465189828748,-6.21035056864234,5.30660624926057,-16.61129881719306,4.190597679908377
IPN,w3SttMfQIgGSBnOxc7+6SA,5035,-0.062277721790476616,4.169715928243112,-6.227772179047662,5.876337502846236,-17.745393684626286,5.289849326530961
PS,Oe8dllOiCxTSDucrGxg89g,31740,-0.06235649084546747,6.725710297947574,-6.235649084546747,3.775154199328504,-13.634951315230616,1.1636531461371211
PTY,n9NIhmes8Gwq6Hd9gMmj4A,5530,-0.06238686155938757,4.531168340567818,-6.238686155938757,6.0932308409074825,-18.18141860411742,5.704046292239908
PS,N6fYvIzQLKaydFLKQGtMlQ,18860,-0.06239333739494342,6.164117497774797,-6.239333739494342,4.488487956886633,-15.036770134992143,2.5581026560034594
IPN,oZqBzx3DiYwEjfFqhPsDfw,5128,-0.06241305953533899,2.9174110661423893,-6.241305953533899,4.074024324697334,-14.226393629940674,1.7437817228728765
IPN,NG5uG0GANw3rKYm8SutVmA,8209,-0.06241405607068534,3.9411853342534586,-6.241405607068534,4.349924610956709,-14.767257844543684,2.284446630406615
IPN,OAzqDFsZ55W9ZHnvI7s1aQ,8953,-0.06242376851540204,1.4645132170218498,-6.242376851540204,1.5477791899686169,-9.276024063878692,-3.208729639201715
PTY,Abot1ELVfebDVxIgZCMA1Q,6809,-0.06263988918627143,8.487532490798616,-6.263988918627144,10.285840432954078,-26.42423616721714,13.89625832996285
PS,ncPxnbchtR6F9/em2lF3hA,5139,-0.06267585598278844,13.13434037074021,-6.267585598278844,18.32183458185732,-42.17838137871919,29.643210182161503
PS,UQvI9U+yfK7CFpG05UzCgw,6178,-0.06269949515024245,8.987685471592915,-6.269949515024245,11.434677322861274,-28.68191706783234,16.142018037783853
PS,LvwPSDkJAqFyQi/P2IsDhw,18204,-0.06275447751197925,4.698716612964177,-6.275447751197925,3.4825378031069487,-13.101221845287544,0.5503263428916947
ONG,avDvypjg5S3h9XxdBvXWQg,8409,-0.06281588218139544,6.672091466461057,-6.281588218139545,7.27595182852981,-20.54245380205797,7.9792773657788825
IPN,XtOnNilGk7Q9doOComGerw,7741,-0.06284071479467686,5.357883042868823,-6.284071479467686,6.089683133624567,-18.219850421371838,5.651707462436466
PTY,m1gIgIfiyRvt/kuTI+uxTQ,40944,-0.06295029694480503,11.265908116900771,-6.295029694480503,5.567639029398107,-17.207602192100794,4.617542803139786
PS,aj2o7GX+x/Stca5FN6oVyg,11874,-0.06296431921680999,5.616822717450443,-6.296431921680999,5.154567061950892,-16.399383363104747,3.806519519742749
IPN,sW9hW9KWIagc+cpIKoakIg,5617,-0.06300367896446919,1.8636546550786337,-6.300367896446919,2.486641781206916,-11.174185787612474,-1.4265500052813636
PS,8FrWYnWmXxpnQsvev8PEIA,14568,-0.06308587360743562,4.017769442408768,-6.308587360743561,3.328779628344495,-12.832995432298771,0.21582071081164855
PTY,OOFsMdA26YMDKEnafmjqTw,7275,-0.06310302666884518,9.776976773572702,-6.310302666884518,11.462730573800153,-28.777254591532817,16.15664925776378
ONG,VjkDFsk2ZuVCf5vQxqhOjw,8813,-0.06314819033617913,9.4057964245195,-6.314819033617914,10.019214852730764,-25.95248014497021,13.322842077734384
PS,nrvrLgOr3HnIbT+xgOwBUA,13220,-0.06320158971865265,5.794015738776136,-6.320158971865266,5.039227240453347,-16.197044363153825,3.5567264194232946
PS,h5rqfSeXBBukU1URz2zTpw,10056,-0.06320356130088749,4.857518755154683,-6.320356130088749,4.843974561779876,-15.814546271177306,3.1738340109998084
PTY,WN+XhS+6MA3If7FI6UceKQ,37878,-0.06323109863188166,11.06066250775219,-6.323109863188166,5.683130400311446,-17.462045447798598,4.815825721422267
ONG,+hqf8dh4yTDCfwOxxxJnZA,18305,-0.06339588565550942,12.146370131290688,-6.339588565550942,8.977628797678426,-23.935741009000658,11.256563877898772
IPN,hP74Noy/fmndPTrApFcTIQ,5896,-0.06344572657888586,4.226644376841623,-6.344572657888587,5.504488529923855,-17.133370176539344,4.44422486076217
IPN,T8gg6w6g/sa0EBtWuLKVCQ,5319,-0.06358337989537469,3.3259066388231204,-6.3583379895374685,4.560317274679183,-15.296559847908668,2.57988386883373
PTY,Z86DtslOSTRywHPlyDg8Lw,13730,-0.06367261573911061,8.687627403190051,-6.367261573911061,7.414227670956688,-20.899147808986168,8.164624661164048
IPN,e4AEVH/815q0e88RB+yGsQ,5993,-0.06368096161620676,3.0148120136595806,-6.368096161620676,3.894377957063416,-14.00107695746497,1.2648846342236189
ONG,xurPnOdN4AL26geZ9Dbz0Q,5851,-0.06368359328484616,12.169088529596767,-6.368359328484615,15.909004384665414,-37.550007922428826,24.813289265459595
IPN,J+RocJpTv16tFDVFntShyw,31234,-0.06370436080387416,2.9137370484364093,-6.3704360803874165,1.6486806967312557,-9.601850245980678,-3.139021914794155
PS,4vbVvEovz97jwL7SUYb1pQ,7189,-0.06386145498017506,4.707122786139564,-6.386145498017506,5.551639860268293,-17.26735962414336,4.495068628108348
PS,Xz3j0oocZIZCWSkFqum91A,7997,-0.06391089416204639,10.045190638223453,-6.391089416204639,11.23297093654827,-28.40771245183925,15.62553361942997
ONG,giGAGNSn976MyVBddAvQDg,22866,-0.0640267199409581,10.173176822989658,-6.40267199409581,6.72762062903215,-19.588808426998824,6.783464438807204
PTY,3sD3TVxc6PJCO8gaMuv94w,7072,-0.06429593228815098,10.163740028068569,-6.429593228815097,12.085995326371636,-30.118144068503504,17.25895761087331
PS,gT9QkaPGu3vvKBLvpGie+w,7348,-0.0643713714093047,6.829882722407991,-6.43713714093047,7.967621090953228,-22.053674479198797,9.17940019733786
PS,K3wxRjROpblZOM0T2Adypg,5179,-0.06438695049396374,6.995213884956378,-6.438695049396374,9.720263598194984,-25.49041170185854,12.613021603065794
ONG,l18L1pAryv0Rbjgx7fTtVw,35500,-0.06438767590510173,11.869993451935855,-6.4387675905101736,6.299938397843247,-18.78664685028294,5.9091116692625905
IPN,ddm7krDXrTzV7R04v10O0w,16938,-0.06448419723421782,3.0457263041692064,-6.4484197234217815,2.3402368296575182,-11.035283909550518,-1.8615555372930457
PS,0NkVvq1aCd+NL6DPYABM6A,12527,-0.06451015801267783,4.740952665673636,-6.451015801267783,4.235864709227978,-14.75331063135462,1.8512790288190537
IPN,2uEyYjZO8fv2ERraEABlMw,6871,-0.06452117584241285,2.1649949918867963,-6.452117584241285,2.611842123199087,-11.571328145711496,-1.3329070227710744
IPN,InMbXSaFj1iv9dyY7yCjjQ,7510,-0.06458555258383922,0.9059203895225594,-6.458555258383922,1.0453700802733132,-8.507480615719615,-4.409629901048228
PS,is0C+o+4W8624tMaRmJg7A,12851,-0.06491174419199564,9.018289290152538,-6.491174419199563,7.955284227053338,-22.083531504224105,9.101182665824979
PS,f100ZOH89YV69DJekDhLXA,5506,-0.06493234738729194,8.824617051113782,-6.4932347387291935,11.892626085534292,-29.802781866376407,16.81631238891802
PS,4vStZhq8M32K2oPWC5xdYg,21529,-0.0651163558095297,9.38041235261098,-6.511635580952969,6.393077968592113,-19.04206839939351,6.018797237487572
PS,aOhYi7ho63/tBLI15xk8Lg,8130,-0.06528443962078986,8.385292535702257,-6.5284439620789865,9.299785797458062,-24.756024125096786,11.699136200938815
IPN,IjKEufoTvYiVIJ9GeW+zLA,30908,-0.0652960878001991,2.2352970873436453,-6.5296087800199105,1.271451505659324,-9.021653731112185,-4.037563828927635
IPN,aQcjb0GOsDjkPO77My2XiA,16345,-0.06547038832291363,1.3351107041968304,-6.5470388322913635,1.0442988876244979,-8.593864652035379,-4.500213012547348
IPN,M06X/EmU7VtWsNzufn65CQ,37893,-0.06548135525300725,3.2786344132725413,-6.548135525300724,1.6842769224378538,-9.849318293278918,-3.2469527573225307
PTY,9vOWjB13V8h5Ulk/2oRElg,8702,-0.06557297312284895,8.247906391223408,-6.557297312284895,8.841667602967243,-23.88696581410069,10.772371189530901
IPN,K+X+nk8vghHC20uJSpzbpQ,16493,-0.0657074213432715,2.5429320697998876,-6.5707421343271495,1.980089995060481,-10.451718524645692,-2.689765744008607
IPN,Rg1FU4wSKVzK1SvzFZcuEA,13660,-0.06597364614683573,1.9392024459014816,-6.597364614683573,1.6591964146696518,-9.849389587436091,-3.3453396419310555
PTY,cuAzkiVew0IuvT/bbYQpmg,22620,-0.06606534543347559,13.128771218342912,-6.606534543347559,8.729267054984435,-23.71589797111705,10.502828884421932
PTY,ba2jsI+XNihhToJqWpShEg,8608,-0.06611408175100818,8.778137571385066,-6.611408175100817,9.461309592646362,-25.155574976687685,11.932758626486052
PTY,A6u1D+qZpl1nv4gRsJTleg,7722,-0.06617941889247107,9.055283474329343,-6.617941889247107,10.30474268646822,-26.815237554724817,13.579353776230604
PS,qnNFKphfpf2Fens6gP7nrw,6537,-0.06623909862919176,5.002321910492412,-6.623909862919176,6.187032447023685,-18.7504934590856,5.502673733247247
FTP,uNxsSduvD1SmXKekMEmfCA,7685,-0.06628160744798828,5.238522625263384,-6.628160744798828,5.975673880695573,-18.340481550962153,5.084160061364495
IPN,oiLnbGpEhoQCL99Fyqu6aA,17068,-0.06651640549487187,3.5114698600537086,-6.651640549487187,2.687804198540872,-11.919736778627296,-1.3835443203470774
ABS,4l2dpFkUFoO4Grs1W9BGpA,11710,-0.06653545405127165,6.256917851688341,-6.653545405127165,5.782052165455152,-17.986367649419265,4.679276839164933
IPN,8Ut2ynOtARy+tEYmbBeMlQ,11986,-0.0665724181719143,4.124988389388774,-6.65724181719143,3.767780497235483,-14.042091591772976,0.7276079573901164
PS,QvZr1bduNjeB10fn3zHYsw,8508,-0.06658145414116268,8.547785749042658,-6.658145414116268,9.26701545655083,-24.821495708955894,11.50520488072336
PS,z5GxcHlYz/GSz6W2uFiTtg,16874,-0.0666045387807244,4.950103316820161,-6.660453878072441,3.810704221404267,-14.129434152024803,0.8085263958799223
IPN,PznweFxoXytkRpRYCJI8Gg,8092,-0.06679090425865637,3.427890032782249,-6.679090425865637,3.8106489699238986,-14.147962406916479,0.7897815551852041
PS,3fuyXYfPYNgf8gdF27oLvA,6936,-0.06689951222791683,6.284842112479198,-6.6899512227916835,7.546400141926254,-21.48089550096714,8.100993055383775
PS,17JeUjTVlMRoQ6IKvjOwiQ,5764,-0.06696478452269791,7.416352550381202,-6.696478452269791,9.768511240311486,-25.842760483280305,12.449803578740724
IPN,FUY2rzHTYtKZZzF07IH7Pw,7931,-0.06696665051034233,2.643573299882537,-6.696665051034232,2.968433894831783,-12.514795484904527,-0.8785346171639379
PS,DEotRXu6W2UJFCwI3+pWEA,21842,-0.06698631233706348,5.745403718258081,-6.698631233706348,3.887535337199332,-14.318200494617038,0.9209380272043424
IPN,FCtxb2QPKzgbgIv4owi+pg,7631,-0.06701022134260243,3.765621119494249,-6.701022134260243,4.3106810891938805,-15.149957069080248,1.7479128005597628
IPN,W6LawMHWkwL7fX/gy1R1Cg,13822,-0.06706500508784903,4.036362480451963,-6.706500508784903,3.433244367756008,-13.435659469586678,0.022658452016872666
PS,8CquHleaAIIGZlvQ7JSwQA,11495,-0.0671667363749847,8.305569723640271,-6.71667363749847,7.746667943807995,-21.90014280736214,8.4667955323652
PS,5jGfBYQMSYTrkZBiEhVOpw,13004,-0.06722841843457332,6.349688988329171,-6.722841843457332,5.568189068733117,-17.636492418174242,4.190808731259577
PS,FwZm/PYBdY5AZ9VVyh1m9w,5987,-0.06730464540505342,4.4847161607109784,-6.730464540505341,5.796026100739311,-18.09067569795439,4.629746616943708
IPN,BNsdnnqgi4YQL3uEpl0lww,14478,-0.06738154461476367,3.7210571007758473,-6.738154461476367,3.092516662650022,-12.79948712027041,-0.6768218026823245
PS,+I9+Q5UBvmMiQG4o65FO/g,10075,-0.06740049861907663,3.782801743900291,-6.7400498619076625,3.7686955353765743,-14.126693111245748,0.646593387430423
IPN,PwJtS4O9837x9aJ/7Up+8Q,23220,-0.06749590816013162,1.7625149059553329,-6.749590816013162,1.1566492774934285,-9.016623399900283,-4.482558232126042
PS,Qs8lOOwlWmK9cugIk75qbw,5742,-0.06762669922719741,3.0971871943690696,-6.762669922719741,4.087293841357678,-14.773765851780789,1.2484260063413064
PS,mjQE6WLHMgFvIJ+rWQ/34A,19740,-0.06763804531684513,6.389472131907529,-6.763804531684513,4.547695794991197,-15.67728828986726,2.1496792264982334
PTY,ECazRJPYZWcVj4iwUgC6fg,5621,-0.0676817184327718,7.295721795886865,-6.76817184327718,9.731089619478073,-25.841107497454203,12.304763810899843
IPN,fiNhkT3Z8YyXKVgjz88n3g,12186,-0.0677154115927781,4.9940056264716945,-6.77154115927781,4.523956709296791,-15.63849630949952,2.0954139909439
PS,6KEllNFvIAE2wJ3euybOjA,16402,-0.06776856473847949,7.627490400052019,-6.776856473847949,5.955706205980382,-18.450040637569497,4.8963276898736
IPN,WxBpQHNWfFMvXRJuWE+Xyg,22057,-0.06786741917783072,1.4283681079021522,-6.786741917783072,0.9617604708915003,-8.671792440730412,-4.901691394835732
PS,AdZRThJ4BLJSxSrtBxfkJA,7063,-0.06791424993270014,8.169950171364551,-6.791424993270014,9.721310273236968,-25.84519312881447,12.262343142274442
ABS,sM4fzwMpqQqsApKCsXn/jg,6579,-0.06807003574546917,16.072759763354068,-6.8070035745469175,19.815749807474525,-45.645873197196984,32.03186604810315
FTP,lw4sofHXexcP68Uiyc2npQ,7508,-0.06816761756437886,5.3802158334137244,-6.816761756437886,6.2092274141046655,-18.98684748808303,5.353323975207259
IPN,SUCQtL+sRXPpD1O+FQ0RLg,6356,-0.06819540487287028,3.9787016478780344,-6.8195404872870276,4.990561702746154,-16.60104142466949,2.961960450095435
IPN,ZjmVJOccwFA8gTwkX0NaUA,16364,-0.06825424688889851,3.913820393218437,-6.825424688889852,3.0595401475433452,-12.822123378074808,-0.8287259997048952
PS,MQ+BK8gYu8rRTQNw4g4veQ,27917,-0.06832163148574409,6.4637367709396205,-6.832163148574409,3.868559569283603,-14.41453990437027,0.7502136072214522
IPN,8YY6sIK46IGTOsMz5mjBkA,33160,-0.06835389025464421,2.7769683711285325,-6.835389025464421,1.5249783298751292,-9.824346552019675,-3.8464314989091677
IPN,AexNNscDw5nlfTzJBPZ29A,9105,-0.06841241026369835,3.638236885647259,-6.841241026369834,3.81286121412824,-14.314449006061185,0.6319669533215153
IPN,vxtitegxH+XjWOHPHCxiRA,7251,-0.06845573084450741,4.14747118140813,-6.845573084450741,4.870621981772648,-16.39199216872513,2.700845999823649
PS,MTqwQi3Qu/kqlLKuE65dlg,5216,-0.06845762910024246,5.329659236315986,-6.845762910024246,7.379563106286383,-21.309706598345556,7.618180778297066
IPN,oylUOmBpbTcEmZvxmN9CoA,52104,-0.06869163636547729,2.907689703358049,-6.869163636547729,1.2738330891845655,-9.365876491349477,-4.372450781745981
IPN,dVgNvuwB/aYU7FN3jTSRGw,37492,-0.06884346484412993,3.659356301660698,-6.884346484412992,1.889885067049118,-10.588521215829264,-3.180171752996721
PS,gbSfKlULxB+84cR9oxLxog,5650,-0.06895486698543603,5.001093488319286,-6.8954866985436025,6.653355807597758,-19.93606408143521,6.145090684348003
PS,w1ukf8uPa4+WH561TtVRxA,11558,-0.06919536134542366,6.8671488006784225,-6.919536134542366,6.3875617698062,-19.43915720336252,5.6000849342777865
IPN,ZF7ClBstvUFw2VBElw4J4g,14307,-0.06933057233206905,2.3312684943374,-6.933057233206904,1.9490276751893298,-10.75315147657799,-3.1129629898358178
ABS,35UCvV7ePH+Zcd1/lTlXbA,5460,-0.06934386346380025,6.626775318004105,-6.934386346380025,8.968213210920865,-24.51208423978492,10.64331154702487
IPN,KZYf/m67ngamrDUbt3b33g,14607,-0.06938522639946745,3.6441852896528655,-6.938522639946745,3.0152264632327137,-12.848366507882865,-1.0286787720106263
PTY,FDqEN3xZHi+3VrUx2ikxBQ,6408,-0.06939076276911137,7.477082153780515,-6.939076276911137,9.340516692473203,-25.246488994158614,11.36833644033634
ONG,2/bQPJuMwjPj4GfTnDD+OQ,15528,-0.06943467614926602,12.744765709171329,-6.943467614926602,10.227608488179133,-26.9895802517577,13.102645021904499
PS,ettgJAblGnistIlqNz4Jww,19971,-0.0695019041785766,7.62967010766283,-6.950190417857661,5.398907098921309,-17.532048331743425,3.631667496028104
PS,N5V7T+m4DGkK54dx67aGMw,6752,-0.06950514670020032,8.289458371463756,-6.9505146700200315,10.088112996655013,-26.723216143463855,12.822186803423794
IPN,71nIpw15ptUduMfXDeGqfQ,7084,-0.06954855968695048,4.015890999067147,-6.954855968695048,4.7713649971657,-16.30673136313982,2.3970194257497255
PS,lquriepNQBhDV5P1SWHhnA,14326,-0.06960875370127437,5.680542868619025,-6.960875370127437,4.745996003938185,-16.26302753784628,2.341276797591406
IPN,vRxl1r0rgcgqjbTGgydX8Q,5389,-0.0696836139700545,2.037512679843214,-6.96836139700545,2.7755319329293404,-12.408403985546958,-1.5283188084639425
PS,GWMN9ImIpGvsMkgq30QkMA,6407,-0.06969330287901142,6.84773867129124,-6.969330287901141,8.55499610420147,-23.73712265213602,9.798462076333738
IPN,rZJZtK7IpPdQRMiHW/WYZQ,27076,-0.06970785963938603,1.6530106248374477,-6.970785963938603,1.0045773739173567,-8.939757616816621,-5.001814311060584
IPN,ETC3L28ZjEUaP+h4Ph92QA,7991,-0.0697389563009238,1.7111054199525906,-6.973895630092381,1.9141510307911125,-10.725631650442962,-3.2221596097418
IPN,wV77wRsi5EhW8iCzHvQk2w,13274,-0.06985749128049121,2.9716054011721993,-6.985749128049121,2.5792309549605106,-12.041041799771723,-1.93045645632652
IPN,OfgB6cdKoeHy3vp7VFBWaA,20449,-0.06998190668091062,3.141854943378759,-6.998190668091062,2.1971013590061252,-11.304509331743066,-2.6918720044390563
IPN,pLRBIE9zdNLeD3A49vQ3Rg,16862,-0.06999540382709216,3.9681761213172675,-6.999540382709216,3.055880709206953,-12.989066572754844,-1.0100141926635882
PS,SPln6Lxkh4wA2QZY9ebScQ,9058,-0.06999751586087836,7.784653124562023,-6.999751586087837,8.17943127019848,-23.031436875676857,9.031933703501185
IPN,mZ15vLikD+CnuMcPzgN4bA,6831,-0.0700475771349322,1.7050615325887835,-7.004757713493221,2.062993757602933,-11.048225478394968,-2.961289948591472
IPN,GmumVxOuRJZYM13Tzat7TQ,8835,-0.07011035713828345,3.196856136345048,-7.0110357138283455,3.4011032459691553,-13.67719807592789,-0.3448733517288014
PTY,u2IjlnMGMCDuohJqYKBtvw,5883,-0.07017295886880379,8.785374923819177,-7.017295886880379,11.45409750875419,-29.46732700403859,15.432735230277832
ONG,pMckYe1dPvpGmww8NZSqoA,51959,-0.07033056939458569,10.843592079128202,-7.033056939458569,4.757105462708138,-16.35698364636652,2.2908697674493803
PS,SAfQgeBHdyF+x9FaA8IK3w,13561,-0.07047550416353811,8.814006038906712,-7.047550416353811,7.568807951823078,-21.882414001927046,7.787313169219422
PS,v28W0a5Cg54qRb49rqHY/A,10538,-0.07053900160521841,3.9164452555171603,-7.053900160521841,3.815161819269888,-14.53161732629082,0.42381700524714017
IPN,pDhFhglz7Sc3xQmLg3UJFA,13038,-0.07055359318095823,2.0169562826918157,-7.055359318095824,1.7664078931069365,-10.51751878858542,-3.593199847606228
IPN,veizHuD/Nzs/0hPnsbQJag,5888,-0.07065234365670578,1.5905593394071158,-7.065234365670578,2.072840929246767,-11.12800258699424,-3.002466144346915
IPN,fZkSW2vA/puqVUGxaDONPg,20205,-0.07071009678759217,3.0351349529925873,-7.071009678759217,2.1352492536800964,-11.256098215972205,-2.885921141546228
PS,RLrxPab3HgWDR/gJcc0GCw,6614,-0.0707537038243309,8.968996811477187,-7.07537038243309,11.028381329321032,-28.69099778790231,14.540257023036133
IPN,hnXNjbLLAglaz/5CJj+1ZA,8260,-0.07086380151513125,3.037280056649119,-7.086380151513125,3.341910499994568,-13.636524731502478,-0.5362355715237719
IPN,UaTWQrzdZKQ8q5iet9zH2A,9160,-0.07101266337273944,1.291132115653575,-7.101266337273944,1.349034160433883,-9.745373291724354,-4.457159382823534
IPN,2760054,16890,-0.07101447654942071,3.0560956523649865,-7.101447654942071,2.3515386339487026,-11.710463377481528,-2.4924319324026136
PS,L3OcNO1bgdqDI46j67KQPQ,5539,-0.07102093944740674,7.24486606959577,-7.102093944740674,9.73452307301555,-26.18175916785115,11.977571278369805
IPN,q/Ztpp2GYldWga8iBnSDJw,13921,-0.07146577105149825,1.768551884286539,-7.146577105149825,1.498934268680318,-10.084488271763249,-4.208665938536401
IPN,RIQZp3BmIlAWiSL/BX9ajg,11148,-0.07157660455613056,4.016643633467227,-7.157660455613056,3.8042129685253783,-14.613917873922798,0.2985969626966858
IPN,1fBuqFGM38Mpv2GnwnyxyQ,11289,-0.07165249316514315,3.1623917306496048,-7.1652493165143145,2.9763769267872995,-12.998948093017422,-1.3315505400112073
IPN,nlpifIrzXaF9GopUgb7qjA,5546,-0.07184231966959627,2.666479412033623,-7.184231966959627,3.5805381235557037,-14.202086689128805,-0.16637724479044724
PS,iYi91+O6tRZk7bmRSRYdtA,14970,-0.07193074927135865,6.99028759217499,-7.193074927135864,5.7132620402438565,-18.391068526013825,4.004918671742095
PS,Tr+879xPd74QdnpbodHZkw,9432,-0.0721849391313524,3.061383699603327,-7.218493913135241,3.1522152765139415,-13.396835855102566,-1.0401519711679157
PS,YbOrUsFDsumEjgxnZGevaQ,7957,-0.07221942672554431,10.402853668729968,-7.221942672554431,11.66212818045592,-30.07971390624803,15.63582856113917
PS,JIHQpdRw7/VaYXG8o1yaRA,11683,-0.07222673959002061,7.541112630770493,-7.222673959002061,6.976831574242271,-20.897263844516914,6.4519159265127906
IPN,L+OJkKmSjmB6MFMle7zLZQ,29237,-0.07225050446957551,2.2079310520669893,-7.225050446957551,1.2912760723236472,-9.7559515487119,-4.694149345203202
PS,FONMraB4GCHzDwDcfciKyw,5520,-0.07229891484468312,4.365327110572427,-7.229891484468312,5.875532782240148,-18.745935737659003,4.286152768722379
PS,1plVqKXeYe8uwLvNldgq8Q,26116,-0.07230977569852234,4.6055939849880705,-7.230977569852234,2.8499177043360553,-12.816816270350902,-1.6451388693535653
PS,M2vI5uYBc2sLZlmLJyBNRA,9530,-0.07231007184332934,11.074429861601025,-7.231007184332934,11.344227480281136,-29.46569304568396,15.00367867701809
PS,a7TZKzlWe4cJd3Vg6RNgtA,43461,-0.0723327706340775,7.7260144065215,-7.23327706340775,3.7060020584719156,-14.497041098012705,0.030486971197204227
PTY,gEZ7jU8nU360xAhS5Fn4Kg,9209,-0.07233373261239788,7.341160327898288,-7.233373261239788,7.649947813725825,-22.227270976142407,7.760524453662829
IPN,NWWjkw/2O2gq8A3+gNf2MA,7060,-0.07234171389182634,2.7391374319669377,-7.234171389182634,3.2599540028738594,-13.623681234815397,-0.8446615435498694
IPN,MzAcuEtetIrthIq3NUPTug,10111,-0.07243596091490685,2.7867746707635472,-7.243596091490685,2.771435651209612,-12.675609967861526,-1.811582215119846
IPN,Jp1wfwL0lcU2ChSachC8kw,13081,-0.07254313526783467,1.2899761563153485,-7.254313526783466,1.1278756226297324,-9.46494974713774,-5.043677306429191
ONG,NSzSJJ5oLVbmWh8wvRqTQQ,28262,-0.07258811682553247,9.968753975559153,-7.258811682553247,5.929791618683695,-18.88120325517329,4.363579890066795
PS,VhZ0CgdhPFPUjo40ZxBiHA,10342,-0.07260853418922965,11.108772325669984,-7.260853418922965,10.923549959089886,-28.67101133873914,14.14930450089321
PS,EP17SQz/iWcuYdNOGeBgkw,8693,-0.0726511764726752,6.109184088009644,-7.2651176472675205,6.552369379502105,-20.107761631091645,5.577526336556605
ONG,iL27H8pl55Kp85oaiEcisg,5160,-0.07270178796449142,8.53228609230507,-7.270178796449142,11.877924442914848,-30.55091070456224,16.01055311166396
IPN,tVYMa1fyFTMAUbv9vVza2Q,5576,-0.07274480078535066,2.7849446169734873,-7.274480078535066,3.7295392358550044,-14.584376980810873,0.035416823740741954
PS,qBK1utLVyQcJLm1C5Pz2nA,8048,-0.07275037204793046,10.678653655419424,-7.275037204793046,11.903440823763283,-30.605781219369078,16.05570680978299
IPN,Z9/SKM7PkXJJEj/GuBpiMw,11650,-0.07278858458023726,4.5296560002361765,-7.278858458023726,4.19664524515868,-15.504283138534738,0.9465662224872871
IPN,EPXfe4Rt6M3MQrCXL5r+Cg,10607,-0.07281512273204217,4.294961203507609,-7.281512273204218,4.170258351497956,-15.45521864214021,0.8921940957317744
PS,zssd7zTu27nh0k/di5RTmA,9579,-0.07285703140987534,7.8332063830149306,-7.285703140987534,8.00349139799555,-22.97254628105881,8.401139999083743
FTP,D07WL7Soa/6hhhTtcCaPFQ,6722,-0.07303598865077489,5.130366326384396,-7.303598865077489,6.257474987614194,-19.568249840801307,4.961052110646331
PS,S+V2o0DvLTIN82TMW9E+fA,10160,-0.07334616850643587,9.02563167641994,-7.334616850643587,8.954281690284903,-24.885008963601997,10.215775262314821
ABS,HQg4dAYPUt6c2wXfx8Qp2A,31221,-0.07336119255615699,10.477092546354086,-7.336119255615698,5.929490471489708,-18.957920579735525,4.285682068504129
PS,hpnS1J7OPWzl9a7kBytAYQ,20664,-0.07339463242760705,7.349924893529842,-7.339463242760705,5.11299896261105,-17.360941209478362,2.6820147239569527
PTY,t0VmEjLZG3O7JdXqxTrDog,10095,-0.07340123766148486,10.834141453699468,-7.340123766148486,10.783043070905986,-28.474888185124218,13.794640652827244
IPN,ZiZ0rgXESW+TUre1VY4pTQ,7514,-0.0734029144151813,3.1321342965576235,-7.34029144151813,3.613306311615505,-14.42237181228452,-0.25821107075174066
PS,viBahtQaNaBDkmoAdcobKQ,10764,-0.07353183398035706,4.608077674991627,-7.353183398035706,4.4415335451798885,-16.058589146588286,1.3522223505168744
IPN,/O8wvly3HNaKU8Zdb1Ff1g,11176,-0.07361073030389541,1.9310490178419257,-7.361073030389541,1.8266279619188084,-10.941263835750405,-3.7808822250286767
PTY,8pmvD6orOfumLCtKKMZoSA,12215,-0.07365900953203086,11.819589199345156,-7.365900953203086,10.694380865904098,-28.326887450375118,13.595085543968944
IPN,29+S9E+x2zotKNIY6GYKAg,5119,-0.07370384732920994,1.7632781385813057,-7.370384732920994,2.4644967984601927,-12.200798457902971,-2.539971007939016
IPN,PQWPK1O8nkEKowUs10+8Jg,18281,-0.07381981292051858,4.302359626527737,-7.381981292051858,3.182048063089898,-13.618795495708058,-1.1451670883956577
IPN,APvZZsAdBRDoWrd/Z9HGhA,7271,-0.0739650672542198,2.4682438121374,-7.396506725421979,2.894616174966487,-13.069954428356294,-1.7230590224876643
PS,VssfF/76fdNfvu2vqgDgEw,7318,-0.07398145013809791,8.448743582496544,-7.398145013809791,9.87633760268275,-26.75576671506798,11.959476687448397
IPN,q3AzGabpmX/KPU8ft7WTyQ,8845,-0.07405059380744257,3.5103627754861306,-7.405059380744257,3.732528065655097,-14.720814389428249,-0.08930437206026642
PTY,5PE47CWKx3NcewkJyshmTw,21582,-0.0740546647222101,10.497684691351711,-7.40546647222101,7.145747730558594,-21.411132024115854,6.600199079673835
PS,DU/hdoZGtdJYFguV22FF0A,11842,-0.07414372722066032,6.462310047021588,-7.414372722066032,5.938479509252116,-19.05379256020018,4.225047116068115
IPN,Jn/wz5QH8+Eb9VccPXTgvg,17892,-0.07414980181079568,1.9176347216681746,-7.414980181079568,1.433627885630546,-10.224890836915439,-4.605069525243698
ONG,tdHAlW68r/qfFlCezTBobg,13108,-0.07429146389529531,9.137723575668288,-7.4291463895295315,7.981229512013744,-23.07235623307647,8.214063454017406
ONG,OfvoW9d/mX4zzC0B5JguLA,8338,-0.07431728113509677,13.09572851251281,-7.431728113509677,14.341636730284005,-35.541336104866325,20.677879877846973
PS,cosMN1vYqnNt7HGTVBZMkg,20807,-0.0744109347649035,6.327709382736675,-7.44109347649035,4.386738954229695,-16.039101826780552,1.1569148737998507
PS,bfYefHhi739PN8bKCB8Vig,9684,-0.07446096686300895,6.155510703126374,-7.446096686300894,6.255135190369343,-19.706161659424808,4.813968286823018
IPN,jpnIhZdHtTixS4ZTJdQ1HA,11111,-0.07449261972234934,3.8813304553252,-7.449261972234934,3.6821717880867806,-14.666318676885023,-0.2322052675848445
PS,MBIBwBs9KBlA+kmENqYgWQ,5010,-0.07453592918709129,5.315363749291476,-7.453592918709129,7.509553700520549,-22.1723181717294,7.265132334311145
ONG,39whGOHwXaKLIlRqnt6hZg,9385,-0.07457596306065391,10.56908403148763,-7.4575963060653905,10.909885995235344,-28.840972856726665,13.925780244595884
IPN,pVWFMQDqKv+BoXwzYcSoyg,5064,-0.07464652436698595,1.2642599008659,-7.464652436698595,1.7765994156488283,-10.946787291370299,-3.982517582026891
IPN,8Dbk4Z1JejHdlqXsYJMJEA,13309,-0.0746825459987111,3.4665665343668546,-7.46825459987111,3.004877885899592,-13.35781525623431,-1.5786939435079104
PS,Fr6/n+DA92p5Hupefb3ejQ,6663,-0.07483741033804966,13.816134433892314,-7.483741033804966,16.925895051692034,-40.65849533512135,25.691013267511416
PTY,LoY7Z+JPvT/y59NfkkFx0w,29838,-0.07497362932112267,7.477720203600222,-7.497362932112267,4.328967807388768,-15.982139834594252,0.9874139703697171
PS,tpaXOlLFK9r8SXDSL4MJAw,16016,-0.07509240851045347,4.6033035972601075,-7.509240851045347,3.637412780206392,-14.638569900249875,-0.3799118018408194
PTY,pJQwe8QiWjDu2jwnQKAPew,6688,-0.07512121826174122,11.409738357849907,-7.512121826174122,13.951713625573,-34.8574805322972,19.833236879948956
IPN,acQkYMQwclXgIIyOyqo9Yw,7548,-0.075175541146571,3.2452223174449957,-7.5175541146571,3.735325977897958,-14.838793031337097,-0.1963151979771025
IPN,G9yc5uFtmmEOKeF1hnSxbA,13702,-0.07528496455004782,2.997684470169923,-7.528496455004782,2.5609077617561105,-12.547875668046759,-2.509117241962805
FTP,aNgAIuyE/TJCjUUBaTY2Bw,8156,-0.07530346370418385,11.976433996746925,-7.5303463704183855,13.261386017143106,-33.52266296401888,18.461970223182103
IPN,/+miAXSFrTCKD9gGK77PQA,12971,-0.07543072969045353,3.06643086576368,-7.543072969045353,2.6924425671673218,-12.820260400693304,-2.265885537397402
PS,G8IjETthk2wEBFprXTuT8g,6385,-0.0754476637785894,7.533114898967564,-7.54476637785894,9.427447895123345,-26.022564252300697,10.933031496582815
PTY,Elh/Oy7ipe59x5zRYw4cpA,11650,-0.07546418449693547,9.2461278735634,-7.5464184496935465,8.566372054455305,-24.336507676425946,9.24367077703885
IPN,KXXwrw1cn/8B9F8ol2B2qQ,31194,-0.07558506479200326,3.376714910735158,-7.558506479200326,1.9118722148453478,-11.305776020297207,-3.8112369381034443
IPN,0wFrYWFCaCZHi7R/6cmvzg,5169,-0.07559489299813284,4.943535886423582,-7.559489299813284,6.8759771546183455,-21.03640452286524,5.917425923238674
ONG,oR6Z5C9w+wbugyjzmZsM6w,8970,-0.07585052105628261,11.791942149954535,-7.585052105628261,12.450566676061129,-31.988162790708074,16.818058579451552
IPN,6V+wPzYI3cqQME4ZD3jaUQ,11170,-0.07595232732614024,3.048441076848864,-7.595232732614024,2.884371650822955,-13.248601168227015,-1.9418642970010325
PS,t1PD8HXzJ224//YOKcuM5Q,5240,-0.07618607039854841,10.339954186004423,-7.618607039854841,14.284102929659115,-35.61544878198671,20.378234702277023
ONG,fTYgK5zJ9mjnzHQI55k/lg,5346,-0.07619123031366777,11.821513952724372,-7.619123031366777,16.168086423042535,-39.30857242053015,24.070326357796592
IPN,i/9+I/1zBSrbuXUzRLIF8w,9360,-0.07631089627488047,4.509835746108124,-7.631089627488047,4.661468998412052,-16.76756886437567,1.5053896093995753
IPN,WM/8y2qKoctM+NEHIDnNuA,6413,-0.07632854790466727,5.26181296573019,-7.632854790466727,6.570596330592935,-20.511223598428877,5.245514017495426
IPN,Q3YmHGQONl1cXpi/Imc6kw,6838,-0.07642951258165372,3.659867685053469,-7.642951258165372,4.4258922476624365,-16.317700063583747,1.031797547253003
ONG,7ucnLXG4b3Y3sx/mKmHZ1w,19726,-0.07643317493645871,10.731135496062736,-7.6433174936458705,7.640577128447342,-22.61884866540266,7.33221367811092
IPN,OiGlb+aSuY0DVV8W/wdPoQ,42505,-0.07644214747639463,2.1754043146488,-7.644214747639463,1.0551640236736195,-9.712336234039757,-5.576093261239169
PS,ltfENBEaFQhp0cLGDIu4RA,24625,-0.07650390830893201,6.443237014675506,-7.650390830893201,4.105972039202718,-15.698096027730529,0.3973143659441263
PTY,6Ln78g+TaOB+dyhR5Dbcyw,10615,-0.07656507995672739,9.345179646697733,-7.656507995672738,9.070425387041531,-25.434541754274143,10.121525762928664
IPN,Xs5X0blEFQBSjCKQGOO29w,12165,-0.07658240892149223,3.0539635523061244,-7.658240892149223,2.7689033262166474,-13.085291411533852,-2.231190372764594
PS,bRA24L2TzI+1oKzOkdWO7w,10238,-0.07658978756484423,11.038540299917777,-7.658978756484423,10.909480865797073,-29.041561253446687,13.723603740477841
IPN,Bp+n6dnRcU1dAWC/MF1aBA,10653,-0.07664296501266736,3.241958361734141,-7.664296501266736,3.141025550469117,-13.820706580186204,-1.5078864223472666
FTP,5fERPzAP9/Rzl3H7kxXx6w,13601,-0.07673547570911035,10.76542852489146,-7.673547570911035,9.230939435823322,-25.766188865124747,10.419093723302675
PTY,4nTArBkGz8sB5nb+bDZBfw,5466,-0.07693999419530648,9.331980951656565,-7.693999419530647,12.622315459953596,-32.43373772103969,17.045738881978398
PS,FgZbrOLoX5nYj2H6XbQobw,5450,-0.07699633012876052,6.978493272330252,-7.699633012876052,9.45286407275095,-26.227246595467914,10.827980569715809
PS,sD+TKtt36XiiN6jqHiLwDA,5756,-0.07710389039835804,5.872285522554951,-7.710389039835803,7.74010355358167,-22.880992004855877,7.46021392518427
PS,R9M+AltInVYQt1JrBq5Zhw,5471,-0.07728660169677692,5.705109922268191,-7.728660169677692,7.713130141310472,-22.846395246646217,7.3890749072908335
PS,Iwt7QN2pmVUsOy7ml4wBkw,5894,-0.07728749315984722,8.114883010443245,-7.728749315984722,10.570053789405572,-28.44605474321964,12.988556111250197
PS,SmkLIObBprT0z+uzYluPEQ,13796,-0.07752525067417544,6.838004261707065,-7.752525067417544,5.821739576656467,-19.163134637664218,3.65808450282913
PS,ghNKXUBl/H+t83JF079ZBA,19440,-0.07755439891762564,6.582300236817418,-7.755439891762564,4.720951703135371,-17.00850522990789,1.497625446382762
IPN,eYk9Zo4rtHzebYDpcva4OA,7362,-0.07769324555406101,2.069542278426788,-7.769324555406102,2.411994962415482,-12.496834681740445,-3.0418144290717573
PS,7LDb2gRIYi8pt2m880Yyfw,8252,-0.07772277416801328,7.957650229725261,-7.7722774168013276,8.760022801876275,-24.941922108478824,9.39736727487617
PS,jggAXQmlIHEqGYTxLeK9Pw,7033,-0.07774278143976722,7.045805106533132,-7.774278143976722,8.40156742968148,-24.241350306152423,8.692794018198978
PS,Iq4YId69VP8O5xVtkyIOeQ,6327,-0.07774590305137337,7.238590745079519,-7.774590305137337,9.100287354084044,-25.611153519142064,10.06197290886739
PTY,Ww0jnPqHJqKME+QUuPLEbg,10610,-0.07779471047159414,5.541030463599861,-7.779471047159414,5.379387703327955,-18.323070945682208,2.7641288513633784
ONG,3U6KkXXv+ZS9LZwPlt1xQA,50817,-0.07782541758441108,11.967826253361245,-7.782541758441108,5.308976026127909,-18.18813476965181,2.623051252769593
PS,zxnPQvumz5dOaj3EQHzNuw,9393,-0.07795938573473085,4.497700780336331,-7.7959385734730855,4.640752405689909,-16.891813288625308,1.2999361416791366
IPN,cY9jYYt711gunIhYEUAx0w,7750,-0.07799774156078215,2.8525900661481214,-7.7997741560782154,3.2403245726488863,-14.150810318470032,-1.4487379936863984
IPN,Hu94okZ5MDr7s9l58gJJzw,7110,-0.07801237693148155,3.282432081396707,-7.801237693148155,3.892789751837943,-15.431105606750524,-0.17136977954578736
ABS,0nlK4bkWiM6nj69CXRGDkw,7186,-0.0781934537872726,12.994913988382034,-7.81934537872726,15.329563998237994,-37.86529081527373,22.22660005781921
PS,5gN2Wo+ifpZdahRrXUPNow,13981,-0.07830686830146726,6.194573431113734,-7.830686830146726,5.238926284201868,-18.098982347182385,2.437608686888935
PS,O2o4zh1AE+gEA9+n866qRg,5459,-0.07831653936834841,9.556667059744196,-7.831653936834841,12.934507856123641,-33.18328933483718,17.519981461167497
PS,fg/AugLR1FKTbzvLrjp44Q,5061,-0.07838026541576888,8.394320946390893,-7.838026541576888,11.799603152665643,-30.965248720801547,15.289195637647772
PS,2gbBTuto8x3Y4Xu98KItUg,10963,-0.0783927779511184,5.434065459750364,-7.83927779511184,5.189913967294223,-18.01150917100852,2.332953580784837
IPN,aImIwSijyUzmThdlIU0pEQ,5202,-0.0785005796831051,2.2034258850529356,-7.8500579683105105,3.0550144807115704,-13.837886350505189,-1.8622295861158324
FTP,nR8tIKncmrcYAMjopD6uAg,9402,-0.07852177012222825,14.108840732395953,-7.852177012222825,14.550610236543784,-36.37137307584864,20.667019051402992
IPN,adcE3pLLOGSBCV9Gv/jARg,39162,-0.07861624756505191,3.446025881334431,-7.861624756505191,1.7413501327046588,-11.274671016606323,-4.44857849640406
PS,Zr6NnwtCUBKSNhXEo9m+gQ,22116,-0.0787518088715776,4.748657638606338,-7.875180887157759,3.193137123886151,-14.133729649974615,-1.6166321243409039
PS,o3YLm/rSY916m/on1VjXPA,8537,-0.07885849808178134,9.527606526944302,-7.8858498081781345,10.311721441024158,-28.096823832585486,12.325124216229215
PS,td24Vz5sLk59kyRhkexMnA,6253,-0.07890772684877174,11.099051368489818,-7.890772684877175,14.035944654075891,-35.40122420686592,19.61967883711157
IPN,Sj0NfVyg/yT5bSQLbVsGmg,16722,-0.07899650186032944,2.8873965499149343,-7.899650186032944,2.2328642670042997,-12.276064149361371,-3.523236222704517
PS,A0LyK9e4j05ob81r+uYtiQ,8030,-0.07917247791617997,5.48245066769104,-7.917247791617997,6.118105474722795,-19.908734522074674,4.074238938838682
PTY,VsVxVQrx2WnrWeRjo9bkkw,10790,-0.07923379013620394,10.247046529063578,-7.923379013620393,9.864793211490163,-27.258373708141114,11.411615680900326
PTY,MCD5w4mNrHeMTq57nSc36w,6885,-0.07925665947292798,12.132410911029323,-7.925665947292798,14.62160807429806,-36.584017772916994,20.732685878331395
IPN,8HJiTl4tXwFHEMhaQ5DH+Q,17768,-0.07926685636454689,1.423857948173295,-7.926685636454689,1.0681872530264953,-10.02033265238662,-5.833038620522759
IPN,InUuVVMUBanWmBR33qMGtw,6999,-0.07941539264743815,4.473570246393597,-7.941539264743815,5.3473211095066615,-18.422288639376873,2.5392101098892415
IPN,TWdC7lvNVFlpLDLbRzhVNQ,11913,-0.07949187127567003,3.18627475078496,-7.949187127567003,2.9192591570919535,-13.670935075467233,-2.2274391796667743
PS,o2VnfZHm+Ret5ADaJK3Jrg,5633,-0.07973637529605027,8.827489801278594,-7.973637529605027,11.761625550781671,-31.026423609137105,15.07914854992705
IPN,cxMgCOt6NjZQgD48UxZ0og,8475,-0.07973708013517666,2.943435884616696,-7.973708013517666,3.197309858703956,-14.24043533657742,-1.7069806904579128
IPN,C05p7NKGF2JoECk1lvqGwQ,5114,-0.07983766958309796,2.581994454324452,-7.983766958309796,3.6105631328664236,-15.060470698727986,-0.907063217891606
PS,+5Ps+cZDX+5MeZKtUUKpEw,15881,-0.08012940079057279,5.750927103480523,-8.012940079057278,4.563509298862309,-16.957418304827403,0.9315381467128461
PTY,tWLym26QuBAxqwWv5zVW1A,8051,-0.08021123444705687,9.04910483595042,-8.021123444705687,10.085111551778999,-27.787942086192523,11.74569519678115
IPN,tI8lOh44+zggj2NhkZEdLQ,14022,-0.08024597041295065,1.3253793278518313,-8.024597041295065,1.1192708961485498,-10.218367997746222,-5.830826084843908
PS,83N3uOHZXXb6QNQOaBGOww,9593,-0.0803918640772835,9.594564980167112,-8.039186407728351,9.795983981020754,-27.23931501052903,11.160942195072327
IPN,OZz4DL21RGxyELnotxIHpg,6045,-0.08040281215711897,1.443702441765944,-8.040281215711897,1.8568616142191494,-11.67972997958143,-4.400832451842364
PS,iSeo1yQ50Sar1iOerxXQiQ,12466,-0.0806276060496773,8.754626740516864,-8.06276060496773,7.841047289366021,-23.43121329212513,7.305692082189671
IPN,3omv/GAhacvV0+72tlrVAA,13645,-0.08063100174085785,3.8687730375218363,-8.063100174085786,3.3119706726953946,-14.554562692568759,-1.5716376556028129
IPN,ehulXWTnzvVi67TRy9aRSA,7913,-0.08065840951805543,3.071117108847354,-8.065840951805543,3.45243725620481,-14.83261797396697,-1.2990639296441149
PS,lyb+wgaewhwEcaMDe3j6zQ,5931,-0.08068411797457808,5.154252757293564,-8.06841179745781,6.692706036335507,-21.186115628675402,5.0492920337597855
IPN,Kx0IpKcMNkuTSRjYIU5qag,10005,-0.0807881062296496,1.980862401187285,-8.07881062296496,1.980367371215495,-11.96033067054733,-4.19729057538259
IPN,oPZbjHGG+TFYfhzAQ5ESkA,9927,-0.08080310862122243,4.036517374991328,-8.080310862122243,4.051331822029871,-16.02092123330079,-0.13970049094369585
PS,zDrucyjVn5aeekNEc3cJrA,20838,-0.08085940788981896,5.318137943663903,-8.085940788981896,3.684101451775798,-15.30677963446246,-0.8651019435013314
IPN,nvzgjN2OuFcIKQFhDMk3WQ,7746,-0.08101600742512453,3.881486507643797,-8.101600742512453,4.410210658744844,-16.745613633652347,0.5424121486274416
ABS,+vVOHkJeFJriVE5mVmp2Kw,5421,-0.08112285429468521,6.963997900975357,-8.112285429468521,9.458427252397383,-26.65080284416739,10.426231985230348
IPN,nPav6lX/9ygMz3rqLOepUg,10613,-0.08122152064799769,1.2399362823105833,-8.122152064799769,1.2035947539965075,-10.481197782632924,-5.763106346966614
PTY,rJGFecfeTT8ps2eruS+sFQ,24727,-0.08122702147614291,14.031165960112967,-8.12270214761429,8.922941527874135,-25.611667542247595,9.366263247019013
PS,a9/2ebY2VHzUQwTZizgLHw,16260,-0.08124815558557608,7.009856799031696,-8.124815558557607,5.497292878607837,-18.899509600628967,2.6498784835137528
PTY,CDIR7tKMwwUY/EKF+Ean0Q,5256,-0.08126389032975406,8.11814430310059,-8.126389032975407,11.197706716283026,-30.073894196890137,13.821116130939323
FTP,mADijDGFNfT9gHt7ScpQwg,5033,-0.08144082315525193,3.885196975331904,-8.144082315525193,5.47645567258726,-18.877935433796225,2.5897708027458375
IPN,lOiIloHMmSIxKlJRu1z3Mg,9164,-0.0815975005087609,2.533438693945833,-8.15975005087609,2.6464753859715,-13.34684180738023,-2.97265829437195
IPN,WFsHB76ZKzmIMgs3e8Gv1Q,27599,-0.08170761025519063,2.5128296871472107,-8.170761025519063,1.5125731296676574,-11.135404359667671,-5.206117691370455
IPN,NYeuq6AaVGNHkyL3QsuqKA,10596,-0.08181949953800689,2.3045584559166064,-8.18194995380069,2.23880750357593,-12.570012660809512,-3.7938872467918667
IPN,fgS8RbLcBkOItzdzeRWkIA,10532,-0.081942366061897,2.874257908090775,-8.194236606189701,2.800723978994667,-13.683655605019249,-2.7048176073601535
PS,age7+cyf9bw9seSANNyFAQ,9447,-0.08203838864165702,5.093511542417344,-8.203838864165702,5.2404711806208475,-18.475162378182564,2.06748464985116
IPN,s1KPZu61Xa/TiwycWagVMw,6689,-0.08218896732966201,2.612287871704589,-8.2188967329662,3.19404062856652,-14.47921636495658,-1.9585771009758215
IPN,5yF2CaPGOvGmxOx/y2MMCA,13100,-0.08221011475752328,3.5301955870520048,-8.221011475752329,3.084346205214231,-14.26633003797222,-2.175692913532436
IPN,pOnE2XrXmY2MsB4dZRjFFg,7213,-0.08222826732340392,2.592255634813539,-8.222826732340392,3.0522483039830717,-14.205233408147212,-2.240420056533572
PS,VvDeICNDmjZb2VPyNfzGeQ,9893,-0.08230946206266582,4.337765538748117,-8.230946206266582,4.361160497229436,-16.778820780836277,0.3169283683031132
IPN,Jy0acmWT6x801UWJg2zjcg,8415,-0.0823107539792891,3.042225843173249,-8.23107539792891,3.3163807920350745,-14.731181750317656,-1.7309690455401636
IPN,/zvdDH1WITv1D+E+bKk8IA,8455,-0.08237531988808278,3.1254553932819307,-8.237531988808279,3.399041750273253,-14.899653819343854,-1.5754101582727031
IPN,oOLY0iTycQwza4Yd2qim/w,27138,-0.08247975141141663,1.723507378646578,-8.247975141141662,1.0462229150078568,-10.298572054557061,-6.197378227726263
IPN,YNQSzgPswgV7lxuPxkPhag,7349,-0.08253741992673252,1.151411009850682,-8.253741992673252,1.3431244475260684,-10.886265909824345,-5.621218075522158
PS,zQdo1bz7y6a84KjG1Bb68A,8069,-0.08286218977665898,5.692662842447221,-8.286218977665898,6.337319530745957,-20.707365257927975,4.134927302596179
PTY,6hty48otttWu8Yr5JpzYZA,7966,-0.08296102015808984,10.2083009660442,-8.296102015808984,11.43755813735131,-30.713715965017553,14.121511933399585
ONG,2fW0zt8nSweSOhlT/tgW6A,9719,-0.08321578209170075,10.116621552209944,-8.321578209170074,10.261827570344604,-28.434760247045496,11.791603828705348
PS,KkdEWR35kCJa6T6fjjjJLg,12536,-0.08329491050356444,8.860265487966792,-8.329491050356443,7.913475160581914,-23.839902365096997,7.180920264384108
PTY,DPIdQ8sZhaDyshVs0SrMzw,7708,-0.0833405234774098,9.285090071415016,-8.33405234774098,10.575849648570403,-29.062717658938972,12.394612963457009
IPN,xTSBae+vLj2aP9+LGeWHRQ,19208,-0.08335282140004541,1.4735406234560744,-8.33528214000454,1.063214864489432,-10.419183274403828,-6.251381005605254
ONG,xD9mCVgtVuaYKzqkGNd2kg,23241,-0.08337041872744792,11.600146739321364,-8.337041872744793,7.6091488115622585,-23.250973543406822,6.576889797917234
IPN,bSIhbeXid5yEE8xUJc7otA,27100,-0.08373868064246934,3.0527309134648144,-8.373868064246933,1.854401966442358,-12.008495918473955,-4.739240210019911
IPN,8iGg4YwpZSUxeA4IwqFu5g,8938,-0.08397874187425522,2.3315920309548446,-8.397874187425522,2.4662232468226892,-13.231671751197993,-3.564076623653051
ABS,arrR3gw9I/wFxaNlKUqWaw,8683,-0.08408151929471935,9.863469910254471,-8.408151929471936,10.585096545723774,-29.154941159090534,12.33863730014666
IPN,VDClortxAkoMRI0vh4rvpQ,13873,-0.0841378577293611,1.5338903223867315,-8.413785772936109,1.3022942237301318,-10.966282451447167,-5.86128909442505
IPN,3OTUlVPUDQFhvA1QkVv0Hw,7860,-0.08432977091871752,1.7822698883805526,-8.432977091871752,2.0103061288241206,-12.373177104367029,-4.492777079376475
PS,yyTWP7c5st6wkKS/5ZhsCQ,5031,-0.08433810278515626,10.108655812492309,-8.433810278515626,14.251686188090359,-36.36711520717273,19.499494650141475
PTY,3ZmBgwjOT4PYZQkS0BuUCA,11736,-0.08447886880285005,9.819178456802735,-8.447886880285004,9.063899943185467,-26.21313076892852,9.31735700835851
ONG,mkMq4WM/Tvd5HvpQDy1ffg,5976,-0.08448670342454868,10.494037080978888,-8.448670342454868,13.574920661972524,-35.05551483992102,18.158174155011277
IPN,vaf5RTHyt0fd5aXlyg6Qzw,5174,-0.08449806679064674,2.18398663653394,-8.449806679064674,3.036244663314545,-14.400846219161181,-2.498767138968166
IPN,+CFu1F9ibIqm2+3m8IXT9w,28555,-0.08454211201565087,3.146415333635752,-8.454211201565087,1.8619798106255314,-12.103691630391129,-4.804730772739045
PS,briDsFheX/nVnJ1DDyjVig,5419,-0.08457095708823838,7.981635097936231,-8.457095708823838,10.842571467935551,-29.708535785977517,12.794344368329844
IPN,lftEF0LVjFJwderVVLc8KA,27847,-0.08461897170372008,3.6999856742972654,-8.461897170372009,2.2172304544338033,-12.807668861062263,-4.116125479681754
IPN,n/DntLExSVkaHum95aGEew,15234,-0.08467244412527476,3.7127777056970293,-8.467244412527476,3.008097938003653,-14.363116371014637,-2.571372454040316
IPN,InFKAk5TbEbsJxGMDG9csA,9615,-0.08470171636054742,2.508405387283316,-8.470171636054742,2.55813276671875,-13.484111858823493,-3.456231413285992
IPN,PUYcRVVobCKvD3hkYD2b/Q,6956,-0.0847853644097105,3.540591710651891,-8.47853644097105,4.245179531498446,-16.799088322708005,-0.1579845592340945
PS,nIO402x99JYQihKGdawJ6Q,6985,-0.08496683347935581,4.762060200204238,-8.496683347935582,5.697858713241483,-19.66448642588889,2.6711197300177254
IPN,qeXI3+0xm3V3QlWlpc607w,8753,-0.08498695715759653,2.870757234205073,-8.498695715759654,3.0684426009189036,-14.512843213560705,-2.4845482179586025
PS,htleMzse47WoixtOEnsqRQ,11221,-0.08499331537093982,6.1414602845919966,-8.499331537093981,5.797701700020858,-19.862826869134864,2.8641637949469008
IPN,YV65RNH6DR4u4kuRZih/VA,6293,-0.08506064935535992,4.207900796694528,-8.506064935535992,5.304404400695578,-18.902697560899327,1.890567689827341
IPN,Wf7zA+NOnQu6Y4YhKqIjMQ,5218,-0.08509965473411182,4.1112928764730166,-8.509965473411182,5.691495258318789,-19.66529617971601,2.6453652328936457
PS,CS9XhWCeY0Hf9CAlRmL4eQ,20116,-0.08528770598236432,7.478796844190073,-8.528770598236433,5.273038261740284,-18.863925591247387,1.8063843947745237
PS,LdwWpcTXLspGeVV57LJQLw,9371,-0.0853476981163222,9.951681699294069,-8.53476981163222,10.280246016632324,-28.684052004231575,11.614512380967135
PS,fTcCnlVwcOWZP+u+BE/qWg,11353,-0.08546331174337611,11.642724489783964,-8.546331174337611,10.92695870069836,-29.9631702277064,12.870507879031175
ONG,L/YpLJ+SbXwevFB3WKhzHg,9736,-0.08555221037048427,11.65438360621295,-8.555221037048428,11.81133605695189,-31.705439708674128,14.594997634577274
PS,W2CgzM8l7dQ32ch5KnUlww,7768,-0.08556063230095257,7.94985694697076,-8.556063230095257,9.019961947772435,-26.23518864772923,9.123062187538716
IPN,R6Ph9dFERTUr6snWot0cVA,74354,-0.08556229637825884,3.2292329255085637,-8.556229637825883,1.1842603892523904,-10.877380000760567,-6.235079274891198
IPN,7Rja9plE4bk52/O3vH2Lxw,9060,-0.0855739512059336,3.72891412323951,-8.55739512059336,3.9175836893446014,-16.23585915170878,-0.8789310894779421
IPN,cPlgpkwNi5fcz6vUUxZXmA,11627,-0.08567558789156858,10.163549324916922,-8.567558789156857,9.425655507676533,-27.04184358420286,9.906726005889146
FTP,/LuU7QO7IerFklQM/ZhgJA,5884,-0.08567867267757837,4.82855476196969,-8.567867267757837,6.294783955503577,-20.905643820544846,3.7699092850291738
ABS,PU2rlkcJC/O2IjKdtVdoFw,9194,-0.08568735235837269,11.107329718734043,-8.568735235837268,11.583969737717341,-31.273315921763256,14.135845450088722
PS,ldg8TWStqAlnKZxzDraWqA,7284,-0.0857791063565769,7.334949934090204,-8.57791063565769,8.594333162879249,-25.422803634901015,8.266982363585639
IPN,EmBfhXvyh5ngVopXp0t+Sw,25949,-0.08578006913608759,2.939811756280753,-8.578006913608759,1.8249846220223207,-12.154976772772507,-5.0010370544450105
IPN,20fPrIgvoGqK+mfpx8e4+g,15400,-0.0858230516740254,3.668128520869157,-8.58230516740254,2.9558621971128183,-14.375795073743664,-2.7888152610614156
ABS,i0kcNhvtBGf01WCD86MzJg,7466,-0.0858636392974523,12.182456485127972,-8.58636392974523,14.099083285581152,-36.22056716948429,19.047839309993826
PS,2VJVlYNJOy8qelQrwCY3+A,6599,-0.08590998466206078,5.65236880337943,-8.590998466206077,6.958112185409971,-22.228898349609622,5.046901417197466
PS,XXKEQHlk6PllTzUlRU4uQg,7171,-0.08594652011381701,8.880239112291042,-8.5946520113817,10.486602318434706,-29.148392555513723,11.959088532750322
IPN,GNDNsUNF+tIdE+wd1ARLDw,14860,-0.08598250365674416,3.584605392960295,-8.598250365674415,2.94057289069058,-14.361773231427952,-2.834727499920879
PS,IYBKVnE2Basnr88BAhH+bQ,5953,-0.08600355545833253,7.311877621669478,-8.600355545833253,9.476783796960714,-27.17485178787625,9.974140696209744
PTY,1Rp2gSEwRie1+B13WqvSMQ,7130,-0.08606101133106969,9.913016487257169,-8.60610113310697,11.739809873752419,-31.61612848566171,14.40392621944777
PTY,i1Fa32e689cXOpQHfr8pNQ,5209,-0.08607487233752915,11.728540632987956,-8.607487233752915,16.250502621088096,-40.458472371085584,23.24349790357975
PS,JrKEjqpAAydBwaxZX8A08g,21492,-0.08607697092664351,7.810219652036856,-8.60769709266435,5.327516850854566,-19.0496301203393,1.8342359350105983
PS,ayJnz151A2Xq7fy9JQpSBQ,6275,-0.0861298835788115,4.343451276799322,-8.61298835788115,5.483124272087479,-19.359911931172608,2.1339352154103075
IPN,tRgFwWp4aFjTqthnXX77IQ,7559,-0.08618203414655076,2.6080188408267557,-8.618203414655076,2.9997050333686155,-14.497625280057562,-2.7387815492525895
IPN,pHvC+XjnfWFdquzCKtp0Cw,8195,-0.08631686019490156,3.225516169933162,-8.631686019490155,3.5630731986980577,-15.615309488938347,-1.6480625500419626
PS,9Ots2+ox6qDgvu3Q17HzgQ,21068,-0.08642882532106816,6.994645845402679,-8.642882532106816,4.8189683642652525,-18.088060526066712,0.8022954618530793
PTY,5zSNVAVR4CelC6GDmiBRng,7510,-0.0868207078491562,11.111563917613413,-8.68207078491562,12.82198369620461,-33.813158829476656,16.449017259645416
PS,+oASMsVwjy/wDO/3OoX+SQ,14129,-0.08697749081329624,11.00932529774659,-8.697749081329624,9.262004585106508,-26.851278068138377,9.455779905479131
PTY,CnWY12MXwvxBmhovDv416w,24110,-0.08707822080375568,12.944016655743834,-8.707822080375568,8.33624476904992,-25.04686182771341,7.631217666962275
IPN,gztTB3npWhEOS/EyaFE/pA,13210,-0.0874333458177796,3.373868702768746,-8.74333458177796,2.9354640687043676,-14.49684415643852,-2.9898250071173997
PTY,bf3AmlJ6M1ZtaTL+AvEaIA,13933,-0.08757132995970746,3.985249197866517,-8.757132995970746,3.3762388619810815,-15.374561165453667,-2.1397048264878267
PS,x/QanOWwPH0XR9IXynaTIA,50941,-0.08757583825864153,7.795625598900931,-8.757583825864153,3.4539594929245436,-15.527344431996259,-1.9878232197320473
ABS,QE2Vn7Qn2j+IUR+rOKncTA,8488,-0.0876419396441637,12.675913992487883,-8.76419396441637,13.758674564064577,-35.73119610998294,18.202808181150203
PTY,lu2lpy+867H5ZxU6sYvAQg,7579,-0.08764498689972422,8.557556439021925,-8.764498689972422,9.829780465063902,-28.03086840149767,10.501871021552825
PTY,cuI0nOk8+A3cnWYEvGPORg,5219,-0.08768921210208394,4.405273281136907,-8.768921210208394,6.097884675194591,-20.720775173589793,3.182932753173006
IPN,FN2aL3m8n1j63UamEyEiDA,7201,-0.08772334849200403,3.9173100635680953,-8.772334849200403,4.616273619838864,-17.820231144084577,0.2755614456837705
IPN,6S4XgLLnjBPtwmMHxjSeWg,17630,-0.08781281933484264,1.7678060314872945,-8.781281933484264,1.3313997012434977,-11.39082534792152,-6.171738519047008
IPN,c4PsbEwKwJFMojJUb4KaIw,12174,-0.08788811853019322,4.189876841076228,-8.788811853019322,3.7973848081448613,-16.23168607698325,-1.3459376290553937
PTY,H1e3WYuGw7+Fz25QzG6uxQ,5895,-0.08801117462814613,14.151290400402567,-8.801117462814613,18.43122235732849,-44.92631328317846,27.32407835754923
IPN,Y89YHPpI73BB3rYxEKsvbA,6349,-0.0880112617029733,3.7505224626973317,-8.80112617029733,4.706944823210345,-18.026738023789605,0.4244856831949466
PS,sJNHTWcSlLHRCZ9+YRLLqA,6953,-0.08804688377389715,6.654365388169327,-8.804688377389715,7.980324099316983,-24.446123612051,6.836746857271571
PS,gUZ/dtP+k8u5tLEL90ICUw,5077,-0.08807333639768052,6.390977660292921,-8.807333639768052,8.969406722390875,-26.387370815654165,8.772703536118064
PS,eCKCn7jqCf5uvm8nItM1FA,5861,-0.08809958613113604,7.336537389119467,-8.809958613113604,9.583083548372233,-27.59280236792318,9.972885141695972
PTY,o1Ljyn4Acr9xJ971S86MaA,8671,-0.0881437535991989,11.615271448274232,-8.81437535991989,12.473684943641409,-33.26279784945705,15.634047129617272
IPN,rqzFyJMysZ/3YPsNUsOb4A,11239,-0.08821069551475193,2.7971053437228024,-8.821069551475192,2.6384264211432997,-13.99238533691606,-3.6497537660343244
PTY,zbaEfTTp/7TbfnuM0o14/A,5896,-0.08824901074850919,5.835040805913368,-8.824901074850919,7.599152501159506,-23.71923997712355,6.069437827421712
ONG,/l93RYzk9SAzIVdHQWbZIg,19023,-0.08825088663459771,9.045349056918678,-8.825088663459772,6.558217667767373,-21.679195292283822,4.029017965364279
IPN,7aU8otCCdrHq/WLMPBOLsQ,38221,-0.08827725574555488,3.3052630302631174,-8.827725574555489,1.690655038863288,-12.141409450727533,-5.514041698383444
PS,/v3foUnOl1FkcUkbE/vgVw,6603,-0.08831516226439626,5.004757094651218,-8.831516226439625,6.159030507069151,-20.90321602029516,3.24018356741591
PTY,e+Z3IJWYP7MTBdBSIFIEzw,19367,-0.08839928691582268,7.821443561692368,-8.839928691582267,5.6202513624899,-19.85562136206247,2.175763978897937
PS,MBsXuvjFJl7pQkHEqjcR1g,5982,-0.08849465095916646,9.124700099731655,-8.849465095916646,11.797646937838117,-31.972853094079355,14.273922902246063
PTY,0QQxWeu9MzHugOrnC27Uyg,5830,-0.08857564533234767,4.495993108645574,-8.857564533234767,5.888319401485301,-20.39867056014596,2.683541493676424
PS,RABUDH7K/nDa7MRfTkv2Lw,13547,-0.08861712988755038,9.586112907053137,-8.861712988755038,8.236087928238874,-25.00444532810323,7.281019350593155
IPN,Jlf6uJyOidbwRkQIMw1fxQ,7738,-0.08863239913493294,3.403469402651636,-8.863239913493294,3.869078025126968,-16.44663284274215,-1.2798469842444362
PS,CLGzsHlpSUXZTzp9Er/gLQ,6654,-0.0886941447026573,11.105483705197813,-8.86941447026573,13.614323969341678,-35.55348945017542,17.814660509643957
PS,dK82AqOhdCzJKM6KsKrYKQ,8279,-0.08882493623476671,8.963221249522281,-8.882493623476671,9.850883329168221,-28.19022494864638,10.42523770169304
PS,Ofa82hFmK9SLpbNFpyobRQ,7577,-0.08883001246846405,5.122957332764572,-8.883001246846405,5.885347288028787,-20.41828193138283,2.6522794376900176
PS,rSaOg1LoxV9/2bt1P3uLkQ,14460,-0.08888577921045519,8.848981809084941,-8.888577921045519,7.358836534637152,-23.311897528934338,5.534741686843299
PS,g4k0NXISyLCqaSWZDBjfEg,5181,-0.08889837672402214,5.581193043606538,-8.889837672402214,7.753900935293458,-24.08748350557739,6.307808160772963
PS,AzqKl58B8D3CGiD79OHiFA,5485,-0.0889389257484142,6.024253421041807,-8.89389257484142,8.134201321652542,-24.8369271652804,7.049142015597562
IPN,05C18Oor9zmWDCWLLXOkmQ,6842,-0.08897252277615683,3.3061718426046167,-8.897252277615683,3.9969976039885218,-16.731367581433187,-1.0631369737981808
IPN,1QVpjO+9PQf37CiY0WV6tQ,14588,-0.08913947346441249,5.502272876232645,-8.91394734644125,4.55558597653602,-17.842895860451847,0.015001167569350216
PS,/lVH0GAsQm/ekXFdgSWzEg,5171,-0.08920324915377782,4.2725901420196415,-8.920324915377781,5.941607583819986,-20.565875779664957,2.725225948909392
ABS,fgop8iKBe7YY/OpABWczag,13455,-0.08926667397746983,9.278842767547877,-8.926667397746984,7.999299630475859,-24.60529467347967,6.7519598779856995
ONG,IlRT06MfDpUjjLdPsiZhRQ,5595,-0.08928551768253194,10.8773479162681,-8.928551768253195,14.541960960676674,-37.430795251179475,19.57369171467308
IPN,39wxXjVUAl+fKwy6sz/1CQ,22351,-0.08936052082699741,2.1837667223544353,-8.936052082699742,1.460689018933205,-11.799002559808823,-6.073101605590661
PS,mVSKxb2w4rFsDsvuxVc0wg,5265,-0.08939482191292762,8.01535382607886,-8.939482191292763,11.046469827292087,-30.590563052785257,12.711598670199729
IPN,TajsN2zJLIMHVrt+bF33NQ,12334,-0.08970017840646936,3.0173091093596396,-8.970017840646936,2.7168635789609494,-14.295070455410396,-3.6449652258834746
IPN,L9ajM8wEwSa2BK3+I8+NLw,16826,-0.08976040109079855,3.6983552939474436,-8.976040109079856,2.8511376714906467,-14.564269945201524,-3.3878102729581885
IPN,u4bphSMa/xRXU6d3JuJgXg,14135,-0.08977608846024147,3.533249509546515,-8.977608846024147,2.9718466859758528,-14.802428350536818,-3.1527893415114754
ABS,+jE3VGAx2H1IIGDl+bcsgw,5242,-0.08985778776795889,7.697077280578665,-8.985778776795888,10.631078835454433,-29.82269329428658,11.851135740694803
IPN,2xrV6ZWw24ImXM/cm2uwmA,16406,-0.08990143799540562,3.2627080933365193,-8.990143799540562,2.5472810609671406,-13.982814679036156,-3.9974729200449657
IPN,XJc3EFxIe0K6UQpo/Ty2og,9323,-0.08992051859596545,4.265362503797441,-8.992051859596545,4.417515730694743,-17.65038269175824,-0.33372102743484966
PTY,i00UdIuL8Nxk0KPOntqvpw,5153,-0.08998480131649032,9.260925247561506,-8.998480131649032,12.901027691905801,-34.2844944077844,16.287534144486337
ONG,k7Fozl54XK5cafQZHjYbSw,9767,-0.09007883836257125,12.373265098454212,-9.007883836257125,12.519982561589513,-33.547049656972575,15.531281984458321
ONG,ywKuO2LnC7NDMwgyauihHQ,7415,-0.09018791192892589,12.67715468790607,-9.01879119289259,14.72197961293476,-37.87387123424472,19.83628884845954
PTY,Zngd0Rnts0PP4TClEEJ3OA,11474,-0.09053007012501967,6.530409351960901,-9.053007012501967,6.096533754027403,-21.002213170395677,2.896199145391744
PTY,vER40PJ4buvDHd03GXroyQ,5966,-0.09055006188851573,10.459282974455155,-9.055006188851573,13.541297775956934,-35.59594982972716,17.485937452024018
ABS,VEqYASpFHDoNCIKL2MaA+w,9369,-0.09107917250284252,7.869197474669813,-9.107917250284252,8.129874180764295,-25.04247064458227,6.826636144013765
IPN,HOTj0ZjRTaBiSBimlyXj3g,7709,-0.09110131033633775,2.3797741644887185,-9.110131033633776,2.7104208067194957,-14.422555814803987,-3.7977062524635645
IPN,luejJba5iIh00fgw1ZiyHg,8580,-0.09110151570993703,3.0939064152866584,-9.110151570993704,3.3401312221322788,-15.65680876637297,-2.5634943756144377
PS,qGtNSY4CkQca+TztANXFhg,5800,-0.091231896110714,9.654980104357634,-9.1231896110714,12.677609968347927,-33.971305149033334,15.724925926890535
PTY,PETCoO1MwixUaTiwxN+w1Q,6758,-0.09133205416750964,4.7217680009453,-9.133205416750965,5.743750293860519,-20.390955992717583,2.1245451592156535
PS,Dwsd61FkfDjhs5LToHtIOg,17630,-0.09137748290535846,5.193567658549651,-9.137748290535846,3.911466702692147,-16.804223027812455,-1.4712735532592385
PS,60kLqFiQlCtXBFcFynB5gQ,7367,-0.09147436956422322,7.852859495192596,-9.147436956422322,9.149186745054577,-27.079842976729292,8.784969063884649
PTY,jIIQhz2o1SQIWrpeGtnB3Q,19007,-0.09157955440949701,9.378554313700974,-9.157955440949701,6.802665407779668,-22.49117964019785,4.175268758298447
PTY,nAs8KesTKpj75mEULWNd5A,9784,-0.09160452486908342,4.811638164351972,-9.160452486908342,4.864461146011468,-18.69479633309082,0.3738913592741344
IPN,ds+Pj2/R9bU0mNvORMTbIw,11837,-0.09165354387133953,2.7320773917870027,-9.165354387133954,2.5111472142763565,-14.087202927115612,-4.243505847152296
ONG,0n517o+8oAfJg0gasMoqMg,12774,-0.09166359835607178,11.079857079149793,-9.166359835607178,9.803264095298799,-28.380757462392822,10.048037791178466
IPN,E9njVQeX4CEPW/G5n8Q6/A,27035,-0.09176881813795747,3.625057219568144,-9.176881813795747,2.2047110516370845,-13.498115475004433,-4.855648152587062
PTY,GNfHTrYCiLzLqW03F0sHaQ,23703,-0.0917725312645622,14.07593073576381,-9.17725312645622,9.142720912582034,-27.096986115117005,8.742479862204567
IPN,Xdv8/0qKtrCD4HSM1Ux2aA,8514,-0.09183815006137819,3.135707884287833,-9.183815006137818,3.39835524056381,-15.844591277642886,-2.5230387346327507
IPN,rRxAw9idOahrhrVX39iAxg,5861,-0.09200051190441856,2.4532322588399817,-9.200051190441856,3.2044448836165613,-15.480763162330316,-2.9193392185533966
PS,d6SnFTAEkfhxRH7wbiQZJg,11475,-0.09202755465194551,12.660396300635908,-9.202755465194551,11.818733863788234,-32.36747383821949,13.961962907830388
ONG,9wb/z6auGBuRkvA3pSh0bQ,23412,-0.09205377149108754,10.455215454562364,-9.205377149108754,6.833036320589828,-22.598128337464818,4.1873740392473096
IPN,fqW0lqSY8qycUx54XgI2CQ,17500,-0.09238425628798348,3.274390666872915,-9.238425628798348,2.475206685661907,-14.089830732695685,-4.38702052490101
IPN,6lwnKH7X/PC2y54pfZay0Q,11572,-0.0924194622134569,2.385501469086843,-9.24194622134569,2.217560493232857,-13.58836478808209,-4.895527654609291
ABS,UlxXrl2o82SQ8PMSVjMGYQ,8260,-0.09252687314250134,8.1651432528317,-9.252687314250133,8.98408360824739,-26.861491186415016,8.356116557914751
PTY,mygbaG0RnH4tcE+CJQerSQ,29285,-0.0925809107173857,11.324693556427837,-9.25809107173857,6.617650772024832,-22.228686584907237,3.7125044414301005
ABS,VP8zRGrfIIYKQrIN+czl+w,5157,-0.09261941806923772,6.885680860969805,-9.261941806923772,9.588448155165102,-28.055300191047372,9.531416577199828
PS,V6k8+olkMFkseWfMUPxb7A,10809,-0.09273475855733665,7.456113749114505,-9.273475855733665,7.171661230367676,-23.32993186725431,4.78298015578698
IPN,eGrRU2zyZE3ljnIM0NJ4Hg,13989,-0.09284659362229586,2.9028444564473013,-9.284659362229586,2.454315728116121,-14.095118189337184,-4.474200535121989
IPN,3E+LBJSRrAcBzxBEbmN4CQ,33403,-0.0929285397027255,2.592178042933908,-9.29285397027255,1.4183130236831776,-12.072747496691576,-6.512960443853522
PTY,g2WdIsDn5h0xw0k7fndpig,16761,-0.09295953987855846,9.070238226758619,-9.295953987855846,7.005977379659548,-23.02766965198856,4.435761676276869
IPN,QPaa8Gk0vFL8VifLxfgLuA,10438,-0.09296005012934681,2.995958084606613,-9.296005012934682,2.932426170685642,-15.04356030747854,-3.548449718390824
ONG,MqvPkIjeZxCxVXbQdiNiug,5339,-0.09297542680560074,10.621384352722977,-9.297542680560074,14.53620919382591,-37.78851270045885,19.193427339338708
ONG,WjTXWziIEoAfePrQm1IXRg,6721,-0.09308039053627165,10.608713164983323,-9.308039053627166,12.940342152236456,-34.671109672010616,16.055031564756288
ABS,l/OXXna9P0ot6dGbjQ5T6w,11021,-0.09313840367557073,7.454556935458694,-9.313840367557074,7.100866289638849,-23.231538295249216,4.60385756013507
PTY,uqbVoa7mh/WSwyexh49XTg,20753,-0.09315103446517353,12.990883380849874,-9.315103446517353,9.017751037044995,-26.989895479125543,8.359688586090838
IPN,hVL1a3Gl8IzFbZiEusSusA,13725,-0.09319231381616089,3.3610079390796748,-9.319231381616088,2.8688864663296965,-14.942248855622292,-3.6962139076098834
PS,wf1/xdSnxUe6nys2NPl3aw,6831,-0.09319694796142179,10.010993159021448,-9.31969479614218,12.112534357109203,-33.06026213607622,14.420872543791859
IPN,tbbEVCVz04fkwtbEZuuSdw,21608,-0.09321763594584834,3.1733147322460606,-9.321763594584834,2.158767456163317,-13.552947808664936,-5.090579380504733
PS,Xgrs/peG8CopaDs4UwOQFw,6507,-0.09336291727314663,6.848334428083239,-9.336291727314663,8.489743261536006,-25.976188519925234,7.303605065295908
IPN,nf14atlsbR7ZFXtQZqVjVw,5004,-0.09345782536873333,3.2754564273867435,-9.345782536873333,4.630343135597573,-18.421255082644578,-0.2703099911020903
ONG,UnL+u3ioajBq5rLTqc/zyw,11107,-0.0936852332271325,9.696808826394827,-9.36852332271325,9.200902902506126,-27.402293011625254,8.665246366198756
PTY,+GiyD8vptzUrjvzZaOWfmA,17279,-0.09369054177579894,10.972087987912891,-9.369054177579894,8.346991655676081,-25.729157822705012,6.991049467545224
IPN,cnZzhrCYjYjiuykOYePaqg,5716,-0.09392494882963352,2.3965804609774106,-9.392494882963351,3.1699024986326423,-15.60550378028333,-3.179485985643373
FTP,mozaaprasNnyBLkdcH3z0Q,5933,-0.09412733763556808,10.103986014149326,-9.412733763556808,13.117635598105615,-35.12329953584381,16.297832008730197
IPN,6+Dc97PjXTwk6zwTpVaLGg,7062,-0.09447319071747297,2.8020771066185004,-9.447319071747296,3.3343886982880235,-15.982720920391824,-2.91191722310277
IPN,sCOPCLQP7Cg50bScKjLiuA,5474,-0.0945684157848184,3.549712951981015,-9.45684157848184,4.797785622431681,-18.860501398447933,-0.053181758515744804
IPN,vw2wx6NVz8XScevY95Kypw,6707,-0.09463471079149953,2.432834530909393,-9.463471079149953,2.9706290125092067,-15.285903943667996,-3.641038214631908
IPN,lFQaykiY5358WmgVgxNZPA,11118,-0.09481771336675741,3.1327498475355857,-9.481771336675742,2.9710665694062977,-15.305061812712085,-3.658480860639399
PS,X9tiWPC4EaEAXQnafJ5KVw,10284,-0.09482667120629998,7.104683231953724,-9.482667120629998,7.005895987975099,-23.214223257061192,4.248889015801195
IPN,FoLid/z3YPIz1BzL1uf3Nw,8649,-0.09511504182651258,3.095253284261792,-9.511504182651258,3.3282293379159054,-16.034833684966433,-2.9881746803360834
IPN,0V3sBBJ7BmG5CD/lzkkSSg,9141,-0.09521135590345356,2.1606287314031083,-9.521135590345356,2.259869144298874,-13.950479113171149,-5.091792067519563
FTP,7oCrJuGxVBNQ8+/K2xIFgA,8750,-0.09524457477575966,10.789626953133661,-9.524457477575966,11.53459639706508,-32.13226641582352,13.083351460671588
IPN,/JpAcwkpazqUZEoEU073kg,8184,-0.09538263695738765,3.5900815227011167,-9.538263695738765,3.968455367083974,-17.316436215223355,-1.7600911762541758
ABS,Z2Pu4piV4xseSfNv7FlLQw,5102,-0.09554472226399077,5.646173947831893,-9.554472226399078,7.90467514572847,-25.04763551202688,5.938691059228724
PS,Rhg6Dc77nX7miQxS7RnoRg,10716,-0.09574028807155129,6.056157978404201,-9.574028807155129,5.850336451769857,-21.040688252624047,1.8926306383137899
PTY,xJRHCjdfBL8Pyk3fyWkE8g,6384,-0.09583082908524065,6.6699588991844605,-9.583082908524066,8.347890016455217,-25.94494734077629,6.77878152372816
PS,UhQ1T0UdZTWdRLTAarkOLA,8263,-0.09596544813036081,11.636325718340409,-9.59654481303608,12.801091236884025,-34.68668363732877,15.493594011256606
PTY,kqp8JNbzbr5q4lUHtg6QNw,25570,-0.0960409852326802,9.046524004015767,-9.60409852326802,5.657393353153105,-20.692589495448104,1.4843924489120663
PS,BWhrVT3Au9FxQtCLPjkXtQ,5869,-0.0961120589878261,6.883191952393146,-9.61120589878261,8.984787834286474,-27.221390053984095,7.998978256418878
PTY,QpOoMG01lqzjoPpDRloVrA,6249,-0.09614418399743623,4.256361810515085,-9.614418399743622,5.3843499120185365,-20.167744227299956,0.9389074278127101
PTY,m3Tpr+brknnmZmp23VsBIA,6162,-0.09620804927081802,4.8546016155414256,-9.620804927081803,6.184331328858282,-21.742094331644036,2.5004844774804305
IPN,eNXcQiaFlG6dbcSkNnDV3A,6215,-0.09622156000482586,3.4585525239971333,-9.622156000482587,4.3870623735139755,-18.220798252569978,-1.0235137483951942
ONG,T5fn9j2IE7yHx7eK3JtJNQ,6997,-0.09625255692698571,11.828347404865212,-9.625255692698572,14.140609674812177,-37.340850655330435,18.090339269933295
PS,Zijzy/UtPWzWVUo81HHVjQ,5616,-0.09642449857274395,11.342026025254599,-9.642449857274395,15.134814065277247,-39.3066854252178,20.021785710669008
PTY,OZ6zJSAuzNSJj7rO7Ut6XA,6313,-0.09650932111137552,12.505454856479144,-9.650932111137552,15.739161732774464,-40.4996891073755,21.197824885100395
PTY,85UPrXmXTlQPjfkxVip4pQ,24169,-0.09651113343563623,9.46111220281821,-9.651113343563624,6.085732404802008,-21.579148856975557,2.2769221698483104
PTY,5E/+2vKHMeVXtJKfOHQvKQ,15559,-0.09652925526055375,9.487419544542826,-9.652925526055375,7.60601654197839,-24.560717948333018,5.254866896222268
IPN,iGCN+BKhciKK9/4m+0Qk1Q,17037,-0.09654379662769379,3.0883231702351823,-9.65437966276938,2.3660623127888947,-14.291861795835613,-5.0168975297031455
IPN,3X48de663Rzh+gNmbMnJ1Q,9713,-0.0968264178366687,2.968806682522109,-9.68264178366687,3.012348571904201,-15.586844984599104,-3.778438582734636
IPN,JwDPThe9uhR5vxGqBe2ahA,15796,-0.0969246955016318,3.498979197382805,-9.69246955016318,2.7839908138645972,-15.14909154533779,-4.2358475549885695
PS,sTPOWERd9HWPCNrDBwsVjA,13871,-0.09695491785840597,8.068264409569212,-9.695491785840597,6.850562555483742,-23.12259439458873,3.7316108229075375
IPN,i4DQrJq3M05fkIKtLyMMJw,8767,-0.09697872704187957,3.40079678239425,-9.697872704187956,3.6320780938689152,-16.81674576817103,-2.5789996402048825
FTP,uOfqPT32krFsUqg7fqqA7Q,21481,-0.09723787069598848,10.803602186591245,-9.723787069598847,7.3712533224699675,-24.171443581639984,4.723869442442288
ONG,HHeVtbGuiryspovxMV+kMg,22884,-0.09730407574520575,10.90228153534935,-9.730407574520575,7.206948577178861,-23.856026785791144,4.395211636749993
IPN,g8+I8Huo60Mgcp4Kh4BNCw,46784,-0.09740373339101407,3.0645639319949565,-9.740373339101408,1.4168373938155125,-12.517374630979813,-6.963372047223004
IPN,sC/GO0MaIRZgdZlbJQ+QLg,26395,-0.09744219269168086,2.7875722018846956,-9.744219269168086,1.7157945809540187,-13.107176647837964,-6.38126189049821
IPN,6OffLI4R7mtxZUTQd7Mbvg,6872,-0.0975880385208463,1.4756084876827156,-9.758803852084629,1.7800392113349897,-13.247680706301209,-6.269926997868049
IPN,A1ty2/vxZYmgbbgcncxa/w,7218,-0.0975910920487708,3.1287240960956337,-9.75910920487708,3.682636286129511,-16.977076325690923,-2.541142084063237
PTY,mOk3olaDrRWjbUBP6EW4SQ,50089,-0.09765712483493852,11.572966102244527,-9.765712483493852,5.170987648325889,-19.900848274212592,0.36942330722489025
PS,sWzKmAHd0I8+Z8XevTWSdQ,5180,-0.09766699081020695,5.588164552550542,-9.766699081020695,7.764335734276346,-24.984797120202334,5.451398958160944
PS,mPCWd+tNpehiMW4VMWXERg,6185,-0.09768957322043281,5.57957824214135,-9.768957322043281,7.094658899428182,-23.674488764922515,4.136574120835954
IPN,OujmrPkhFWk/QK0NwiMjkg,9563,-0.09780220573795873,2.826877467240093,-9.780220573795873,2.8907458194466873,-15.446082379911381,-4.114358767680366
PS,AHshbLXCKt7NzLWYV9wu6Q,5558,-0.09787783266144687,5.992762544525771,-9.787783266144686,8.03836640742059,-25.54298142468904,5.967414892399669
PS,w2pBZmO6rLPxjGEkddwF4g,13970,-0.09818593280052576,8.704206842545707,-9.818593280052577,7.364291991350711,-24.25260558309997,4.615419022994818
PTY,A3NkQURcDyP3vV0hOwLD7g,5894,-0.09819813771220762,10.995335849499606,-9.819813771220762,14.321992222466074,-37.890918527254264,18.25129098481274
ABS,3wT3m+GDGtVWU1KR2MWJ1Q,5510,-0.09824782684310161,17.572755745362798,-9.824782684310161,23.673587343798715,-56.225013878155636,36.57544850953532
PS,ohcRUeCUptnWOt0hvP6uLA,5784,-0.09838131117540441,7.342187898260541,-9.838131117540442,9.654090205682401,-28.760147920677948,9.083885685597064
PS,lifttbSKl4ku4XgXlpez3g,6285,-0.09858233624789196,5.932177630611613,-9.858233624789197,7.482754656489182,-24.524432751507995,4.8079655019295995
PS,F3ft/57vBd5GkGvONrlrKw,5330,-0.09869794013279212,7.299305761534555,-9.869794013279213,9.998110947312416,-29.46609147001155,9.72650344345312
IPN,KzqJVjh08HLBAkWz+dFnSw,13009,-0.09870797169823405,1.9362286784546123,-9.870797169823405,1.6975973614649542,-13.198087998294715,-6.543506341352094
IPN,3CdrFQasyfQvBXSYorZLEw,44435,-0.09873289612048627,2.3520892075071598,-9.873289612048627,1.1158124347135516,-12.060281984087188,-7.686297240010065
PTY,MMWcA6R96QMD8r4c7cC+YQ,16727,-0.0987765414264705,10.604482016817151,-9.87765414264705,8.199368998092408,-25.948417378908168,6.193109093614069
IPN,WUQn6Luxmy+Cnk6R5gKccw,5851,-0.09882968632589342,2.894855173390014,-9.882968632589343,3.7845286057721808,-17.30064469990282,-2.4652925652758686
PS,M0badq25CKyS9G0fCJj8bQ,9276,-0.09890523890162681,6.147830330142984,-9.890523890162681,6.383244845421812,-22.401683787189434,2.6206360068640695
PS,SUEelf2su9Dke+1m28dcKw,6280,-0.09905573196477808,7.5297686123555785,-9.905573196477809,9.501710821112678,-28.528926405858655,8.71778001290304
PS,jFyZbYBGS+C/XoQpJd4yOA,17106,-0.09906348738025346,8.442573060549332,-9.906348738025345,6.455064613318339,-22.558275380129288,2.7455779040785995
IPN,vQoO3fHRqHrMuxc/yd9+sg,41582,-0.09912682539123999,3.6931105009315917,-9.912682539123999,1.8110882595753626,-13.462415527891709,-6.362949550356289
ABS,chsAQDPbSdX7mCbeHSHRUw,8902,-0.09919471810528956,10.490240914351844,-9.919471810528956,11.118383943521138,-31.711504339830384,11.872560718772474
PS,m0Rv3ZSXQecGurxNeZVjDQ,11128,-0.09928491329513142,6.399096195197117,-9.928491329513141,6.066107192097683,-21.8180614260246,1.9610787669983178
ONG,jGDKL8YpiRiT19ZT1WAHuA,11543,-0.09932719104693603,10.836034131165384,-9.932719104693604,10.085815433312671,-29.70091735398644,9.835479144599233
IPN,+YWTOzwGLMHTwPprL8O+QQ,6426,-0.09948840669631365,2.9252011899517556,-9.948840669631364,3.6490967724119874,-17.10107034355886,-2.796610995703869
IPN,LodGxQQvSvENmG4deua2Pw,10482,-0.09949193854205506,2.04465961991805,-9.949193854205506,1.9970960030636005,-13.863502020210163,-6.034885688200848
PS,RKy2kA2lgKQkn1QGEsdCEA,5508,-0.09950889719409371,5.619604347141352,-9.950889719409371,7.5719680710601205,-24.791947138687206,4.890167699868465
IPN,4uSYcwBEQBaKhkyHUcWkLA,5704,-0.09951350061539012,4.095111186947338,-9.951350061539012,5.422205078452881,-20.578872015306658,0.6761718922286342
PS,HLPRpfXJhSB51ZnZYjWdiw,5479,-0.0995364125350908,7.47637838114364,-9.95364125350908,10.100447666809705,-29.7505186804561,9.84323617343794
PTY,D0v/tSW5Vid1069ukhL1hA,6717,-0.099663688743134,7.537529778407008,-9.9663688743134,9.19689793391915,-27.992288824794933,8.059551076168134
PS,641YNeadqRPq/IQTGJep/w,15939,-0.09994437115630239,8.017234804826218,-9.99443711563024,6.350297444276957,-22.441020106413074,2.4521458751525955
ONG,CB+929xa+9MMKwqoPbocHQ,9522,-0.10012326782375239,11.909871515289925,-10.012326782375238,12.20514624858262,-33.93441342959717,13.909759864846697
PS,gzQDqm4k93uopHjVjZn5uQ,5475,-0.10016735242518116,8.847984173797219,-10.016735242518116,11.957827259443748,-33.45407667102786,13.42060618599163
IPN,Lni/439avOPVSNKjMEey1w,12211,-0.10019381403015126,5.305628817057289,-10.019381403015126,4.801326586979007,-19.429981513493978,-0.608781292536273
FTP,k4YwM0T1d7eGiGVsolzFFg,9301,-0.10032684679198503,16.284175708109867,-10.032684679198503,16.884995826739786,-43.127276499608485,23.061907141211478
ONG,lk3gF8fzokhaU7zsrNT3vQ,23699,-0.10040683980855596,11.347256108632894,-10.040683980855595,7.370990416733534,-24.487825197653322,4.406457235942131
IPN,6eNKnIHPMa708YCcb1kCJA,5976,-0.10040997255997486,3.053114784401347,-10.040997255997485,3.949461074924804,-17.7819409628501,-2.3000535491448693
IPN,u+uHHkRBNu1ZWHfbXad+8A,18321,-0.10043720272871665,3.3161243079805924,-10.043720272871665,2.4499443228747606,-14.845611145706197,-5.241829400037134
IPN,+gDNe6cFwL65nVrTZqUwbw,13986,-0.1008646745769043,3.8043328286411278,-10.08646745769043,3.2168569072913598,-16.391506995981494,-3.7814279193993654
ONG,w0XN+Hnjk/Ht8HWPWYMLvQ,26821,-0.1009868250603584,12.509463607860658,-10.098682506035841,7.638379028355741,-25.06990540161309,4.872540389541411
IPN,+3lXef70wLQv2Fo4JsQ0qw,5126,-0.10133573962895144,4.194197063856796,-10.133573962895143,5.8581370939572315,-21.615522667051316,1.348374741261031
IPN,bXg0qW5lFSJ6+HPPCWN9Vw,17284,-0.10142906821593453,3.120193042320029,-10.142906821593453,2.373336592283554,-14.794646542469218,-5.491167100717687
PS,Tn3VHJOxIg/u5UKTvRNhog,7453,-0.10146814165968039,14.132505284293144,-10.146814165968038,16.370185319961,-42.232377393091596,21.93874906115552
IPN,8IBArZx098dtSDdAz6fiQw,19448,-0.10149231350799491,3.595268758088341,-10.149231350799491,2.5780651487086708,-15.202239042268486,-5.096223659330496
IPN,ugEUfDsOG3+D9SabtHmtSg,8735,-0.1016684602039776,1.7671884440653205,-10.16684602039776,1.890825315615006,-13.872863639003171,-6.460828401792348
FTP,zr0fzhYCH8C9IYIjusbnkw,6591,-0.10183823750481663,12.994716169762855,-10.183823750481663,16.0063069960403,-41.556185462720656,21.188537961757326
PTY,ds1Gr1Ky4t/oEYaJzxKByA,11143,-0.10192831845444729,13.0958822395616,-10.19283184544473,12.406054820373273,-34.50869929337634,14.123035602486883
PS,PHuCN+jlZbc/vIpNf/Wr9g,8956,-0.10199475287808776,7.832437208896316,-10.199475287808776,8.276369650160115,-26.421159802122602,6.0222092265050495
PS,f/BUcJiVN170dHcffn5mrA,9080,-0.10211288645937383,7.308017787427669,-10.211288645937383,7.66931668935852,-25.243149357080082,4.820572065205315
ABS,wzwd+TkXBGBVjHnuDsIHww,10173,-0.10227484677884474,6.968058808738032,-10.227484677884474,6.908556044891874,-23.76825452587255,3.3132851701035992
IPN,mtJnHxQsE2/rHLjh8vHuug,6381,-0.10232878958724954,4.203531426884649,-10.232878958724955,5.262231214004428,-20.546852138173634,0.08109422072372396
ONG,M76n5SPxJd5Q36v0TgBEBQ,6795,-0.1025248362248965,10.730947985591854,-10.252483622489649,13.01797278410199,-35.76771027932955,15.262743034350251
PTY,xSwtpsD0/6ZUDjWTQQk/sw,5442,-0.10260933220320789,10.71744615426958,-10.260933220320789,14.52820774957042,-38.73622040947881,18.214353968837237
PTY,UEssrkYYEup0tkdIqrAe+g,8813,-0.10261969448140269,8.727802614373973,-10.261969448140269,9.297004276818091,-28.484097830703725,7.960158934423189
IPN,IpFHmLfqdqNhjiHxyuM7BQ,10222,-0.10297601564922718,3.2099253963049317,-10.297601564922717,3.174877700798838,-16.52036185848844,-4.074841271356995
PS,WgoLfBj2DMQjR+2eIh5J0Q,9128,-0.10300134122453297,8.716005628824778,-10.300134122453297,9.122832190706031,-28.18088521623712,7.5806169713305245
IPN,Ab8FU+bj/bZC0sTtv+S5FQ,44755,-0.10307731000608125,3.647432709544031,-10.307731000608126,1.7241161014507704,-13.686998559451636,-6.928463441764615
IPN,DMjxUJcQ5uYQB31pfk0Nvg,11793,-0.10314339109729853,3.9232370632389815,-10.314339109729854,3.6127041841818213,-17.395239310726225,-3.2334389087334845
PS,nm4Dj/f+jJEwKVsUnKh73g,5678,-0.10337530534324742,7.34172018352014,-10.337530534324742,9.74316671999126,-29.434137305507612,8.759076236858128
PS,tGjYo4nf52IgI9Gh6a57Dw,5168,-0.10359423488505393,6.0563576010478215,-10.359423488505392,8.424618781254232,-26.871676299763685,6.1528293227529005
PTY,//e7mdNGO1eAjcyRxSLFyQ,10734,-0.1038360683360587,13.6420006441861,-10.38360683360587,13.167316363343934,-36.19154690575998,15.424333238548241
PS,zm9D3bkr0FeEk0GaIyBAyA,15365,-0.10413992908003468,9.478903786489518,-10.413992908003468,7.647013075524158,-25.40213853603082,4.57415272002388
IPN,+OsoMQMbERn9QUT5TF2YVw,6934,-0.10415224465781961,2.2288148611512635,-10.41522446578196,2.6765913874861313,-15.661343585254778,-5.169105346309143
PS,7injgs2kFweNCL4R0I4ITA,6906,-0.10427527182891667,6.280900403354399,-10.427527182891668,7.558030146041368,-25.241266269132748,4.3862119033494125
IPN,/nYso4j6KdryEngGtfJGPA,14637,-0.10438341124262845,1.9637510264783886,-10.438341124262845,1.6231564753156869,-13.61972781588159,-7.256954432644099
FTP,Pi3vmdY6tK6J6dJWaninAg,7147,-0.10449197459655807,12.416830633063583,-10.449197459655807,14.68753336844278,-39.236762861803655,18.33836794249204
PS,Vb5A9J5V0RkjA84N/lqvEw,6919,-0.10452666455371813,8.763717074343996,-10.452666455371814,10.53577975039848,-31.102794766152833,10.197461855409204
PTY,HNmhrcwbJXk4GJmTTkQ6rA,5285,-0.10458521276092124,9.448376176397181,-10.458521276092124,12.996747455038394,-35.93214628796737,15.015103735783125
IPN,zwh3oNsisfl9Tb77k1h1Cg,14310,-0.10459654152934823,3.5561822332501847,-10.459654152934823,2.972789723374663,-16.28632201074916,-4.632986295120483
IPN,d/RkPLbCfGf3FSREq4cC5A,5458,-0.1046237325921693,3.2868229323295997,-10.46237325921693,4.448970670864038,-19.182355774110444,-1.7423907443234157
IPN,cRh39lhz0N7c61Xas3f2kA,7063,-0.1046463253645591,1.9054438862605056,-10.46463253645591,2.26726122412654,-14.908464535743928,-6.020800537167893
PS,1O+no7pI7WupGPCKRgPZcg,8295,-0.10476760781376278,8.475062862967564,-10.476760781376278,9.305393286740683,-28.715331623388018,7.761810060635462
IPN,dE5Qm+dzAkuuxEDiNhOZ8A,20262,-0.10486501785953639,2.9447125062115775,-10.486501785953639,2.0687201531086403,-14.541193286046575,-6.431810285860704
IPN,4/RKlcXlYXb+GzKn5M1abg,8184,-0.10527370527809084,3.4026665614660137,-10.527370527809083,3.7612879520594547,-17.899494913845615,-3.155246141772552
IPN,3L6JjzGChbISzTeKcxlEJg,5943,-0.10538558805107208,4.922667635516279,-10.538558805107208,6.385540287887204,-23.054217769366126,1.9771001591517106
IPN,C0+qKBBDd7NoMMv9GAQ3ug,5915,-0.10543829173429074,2.111159545555189,-10.543829173429074,2.745008418979522,-15.924045674628937,-5.1636126722292115
PTY,g4b29DeO/ZtE+lHvFHi5CQ,12035,-0.10552139786433073,7.03489899518958,-10.552139786433074,6.412609868705991,-23.120855129096817,2.01657555623067
PS,ueptJKhYr6EhOGhz1EC31g,5848,-0.10555147251022519,10.334321106188758,-10.555147251022518,13.513824350403588,-37.04224297781355,15.931948475768515
PS,Ep+mRvtEzEWFe4Hchekkcw,6355,-0.10560129826564567,8.79513546290847,-10.560129826564566,11.032774848916864,-32.18436853044162,11.064108877312485
PTY,MtbBrKktrqZIqZR7FJAEkg,6326,-0.10562077726505713,8.732516242545048,-10.562077726505713,10.979303952450381,-32.08151347330846,10.957358020297036
ONG,BU2zD0I62Cgk89yIYJsb6g,8712,-0.10575217198660893,10.497471330781437,-10.575217198660892,11.246716914101402,-32.61878235029964,11.468347952977856
PS,jGQ4X4ZS9bE4ryPYdu+xag,9266,-0.10580832899968043,6.09051362320116,-10.580832899968042,6.327144762059682,-22.98203663360502,1.8203708336689335
ONG,ZOlJt+1MblTx8zkcZp5yBA,8177,-0.10587761507269236,9.745750126003042,-10.587761507269237,10.777506000266253,-31.71167326779109,10.53615025325262
PS,gOlKsaDq9OsXeSrWbsOzWg,9394,-0.10599008245143404,5.446952168064482,-10.599008245143404,5.619896063648775,-21.614004529895002,0.4159880396081945
ONG,MG809iNmLGhyWIt06cOXAQ,7740,-0.10607073822224787,12.523771501968206,-10.607073822224788,14.235235455273243,-38.50813531456034,17.293987670110766
PTY,F8KRkduf9RWf2qtq4NkvQQ,8102,-0.10607088008820569,10.622066414581493,-10.607088008820568,11.800839212392345,-33.736732865109566,12.52255684746843
FTP,J0/8G6d4HAytvFQPM8PEmg,7957,-0.10625843128309533,9.488023837844901,-10.625843128309533,10.636557400473107,-31.473495633236823,10.221809376617756
PTY,F1S4I5izgk6plryhfCWuIw,5987,-0.10649592971921723,8.738613618607408,-10.649592971921724,11.293743194150089,-32.7853296324559,11.48614368861245
IPN,JlNAkAOrhrv7yuP6nkicVQ,12555,-0.10672819622006373,3.797183527889839,-10.672819622006372,3.3888568944347774,-17.314979135098536,-4.0306601089142085
IPN,aEGp/POSUYsKXP5MKKfYOQ,38338,-0.1067433357705184,2.463043671867806,-10.67433357705184,1.2579326392503067,-13.13988154998244,-8.208785604121239
IPN,XSS8kLl5UrY6wRCB1BJiIQ,15431,-0.10676385214398139,2.643681293206453,-10.676385214398138,2.128198154886464,-14.847653597975608,-6.505116830820669
PTY,bH/GkdhRmSyC301I/MCb0w,5306,-0.10697305219580026,5.926925820412934,-10.697305219580027,8.136654381065942,-26.64514780646927,5.250537367309217
PS,7/JgZYKNoe8dpuapvAMq3w,5109,-0.10702045335286539,7.071237563521905,-10.70204533528654,9.892987870368355,-30.092301561208515,8.688210890635437
PS,IA582QQwgFYj6vuZvesEaQ,18145,-0.10703086153023843,9.124519123942543,-10.703086153023843,6.77378642661746,-23.979707549194064,2.5735352431463774
PS,gQXW/RVKD9VHNntt8VsYCw,9687,-0.10703283396874577,5.681111913212507,-10.703283396874577,5.772164436846612,-22.01672569309394,0.6101588993447837
FTP,maqFyPgKsb1toCDX8u/lUQ,5604,-0.10706117591401196,6.759861503756936,-10.706117591401195,9.030020471627617,-28.404957715791326,6.992722532988935
IPN,R96RQuXZJNhv84uAdxvV1g,8141,-0.10722228568772575,2.9253200706451663,-10.722228568772575,3.2421605233253428,-17.076863194490247,-4.367593943054904
PTY,6sH0pI/y820dogpxosvdtQ,15638,-0.10732564623755275,9.604612779039073,-10.732564623755275,7.680495801279546,-25.786336394263188,4.321207146752636
IPN,3o2q8X+x7PHRj1NSSH8DJg,14511,-0.10732940571533722,2.8271796428436082,-10.732940571533723,2.3469548452467044,-15.332972068217263,-6.132909074850182
IPN,tc1MmPoLJbVoc1H8aE1RIA,6959,-0.10746658948119095,2.5332295394592435,-10.746658948119094,3.0366946572119127,-16.698580476254442,-4.794737419983746
PTY,cMyNxAvOfIvHjTdkgeK5Gg,14596,-0.10747070110278706,10.703370511907977,-10.747070110278706,8.85938616122629,-28.111466986282235,6.6173267657248225
PS,EiMbjFnHG6EokmvXtToemg,24925,-0.10751248620547646,12.156369669965928,-10.751248620547646,7.699921805354437,-25.843095359042344,4.340598117947051
ABS,ssdOBWc4l9Wh1z1Wgt7nyg,16046,-0.10754398253870422,11.124770438823452,-10.754398253870422,8.782287780480662,-27.96768230361252,6.458885795871675
PS,kM9CA+2UcdMjbCMbtUCGiA,7542,-0.10767104552905128,6.559773388484181,-10.767104552905128,7.55345371983395,-25.57187384377967,4.037664737969415
ONG,YfIdVRwt0U8t5EOFupGHFw,6615,-0.10801587166913693,9.606271199872397,-10.801587166913693,11.811088373415155,-33.951320378807395,12.34814604498001
IPN,HAhCijNlYAvyjU4gOj3JIw,11405,-0.10809399451356559,2.756190278887788,-10.809399451356558,2.5808427969730925,-15.867851333423818,-5.7509475692892975
FTP,Exvjjcj437fBKTlnwhUxMA,13711,-0.10813726275864763,9.078596143720448,-10.813726275864763,7.753256140172747,-26.010108310603346,4.38265575887382
PTY,ngTqKblJGnU0DHnLY9y/Yw,18260,-0.10834115024713181,10.338537349808053,-10.834115024713181,7.650832859665459,-25.82974742965748,4.161517380231118
IPN,oBt4YPEaKjj3/GpTcyzA4Q,11043,-0.10847603215759327,5.360223154414165,-10.847603215759328,5.100812202623323,-20.84519513290104,-0.8500112986176145
PTY,u9hA4TECxmzs9pR+bo/jfA,25612,-0.10873400577357527,8.183087723400579,-10.873400577357527,5.113231553886113,-20.895334422974308,-0.8514667317407465
IPN,F3ToPalthPjstiH4kos6YQ,13774,-0.10905564795458492,3.020966212507546,-10.905564795458492,2.574043184092029,-15.950689436278868,-5.860440154638115
PTY,P3JLm6qE3ANK+gI3DrupSQ,11155,-0.10934038673386025,7.4399107927099,-10.934038673386025,7.044220483938524,-24.74071082190553,2.8726334751334814
PTY,d9LZTqKy7BpqEoY48QVVEQ,8504,-0.10935389228788951,15.487057801971048,-10.935389228788951,16.79412160298345,-43.85186757063651,21.98108911305861
PS,FDR98TMC7Kcp8DEbDDuKRg,19151,-0.10956033696267062,7.853828538390086,-10.956033696267061,5.675259019356003,-22.079541374204826,0.16747398167070315
IPN,jCN06FHROCXk8oghuq9iRw,10885,-0.10964056034946748,3.1970271976238562,-10.964056034946749,3.064305877687773,-16.970095555214783,-4.958016514678714
IPN,NIdmQVgf9OjAwnQHYxnlmg,5572,-0.1097409367047876,3.044542099581275,-10.97409367047876,4.0786499154778175,-18.96824750481528,-2.979939836142238
PS,3YfigclKy9PZAeP5YEQdUg,34117,-0.10974352846784344,6.218112571512917,-10.974352846784344,3.3664577042604944,-17.572609947134914,-4.376095746433775
ONG,wJ4g7nSyghfMudamsy2OdQ,37962,-0.11015845919011243,12.02933543072691,-11.015845919011243,6.174006646408528,-23.116898945971958,1.085207107949472
IPN,hXzR7VUBHnc7E/EEb9Agmg,5928,-0.11039423144217606,2.716343010026923,-11.039423144217606,3.5280157293740544,-17.954333973790753,-4.12451231464446
IPN,4FnhbjW3LwlW356qXMqHxg,9082,-0.1107446044269991,3.438494861139158,-11.07446044269991,3.608092233308514,-18.1463212199846,-4.002599665415223
IPN,LHKAY7RmoUGSdkZIkLRy1Q,5898,-0.11079772784371181,3.131450095679544,-11.079772784371182,4.077491936379118,-19.071656979674252,-3.0878885890681094
IPN,Q+ksGRKB9vRsACw/HP+ydg,14405,-0.11087625813707631,3.4961798721525614,-11.087625813707632,2.9129775454176428,-16.797061802726212,-5.378189824689052
IPN,jWii2ebzvh69N7rKrjkUpA,7655,-0.11100370085060324,3.2623133513161027,-11.100370085060323,3.72866250882751,-18.40854860236224,-3.7921915677584037
IPN,KtQJRGSUTc5zVRUYJtXg6A,8069,-0.11108408745136797,1.4293636855345269,-11.108408745136797,1.5912297375726698,-14.22721903077923,-7.989598459494365
IPN,aLYhKMrYaRcL5JxL5c/4oQ,39173,-0.1111011106839566,4.068149510173957,-11.11011106839566,2.0554337778172553,-15.138761272917481,-7.08146086387384
PS,Mgh6HfPzOmL6z7NBVFxmbg,5953,-0.11117084117569674,9.25043232564136,-11.117084117569673,11.989307222363463,-34.61612627340206,12.381958038262715
IPN,zr3KX2p+K4dALHkPUzm9ow,7664,-0.11117484333433039,1.4850334111572268,-11.117484333433039,1.6963227114726176,-14.44227684791937,-7.792691818946708
PS,TJGE2D/VfAKhpVYgdlDtPg,6933,-0.11119789205444258,10.294598243961662,-11.119789205444258,12.363709790414573,-35.35266039465682,13.113081983768305
FTP,xUX5/cXUfG20OCIbkfAhhQ,5598,-0.11136358231039889,8.304889249535783,-11.136358231039889,11.099857368273947,-32.892078672856826,10.619362210777044
PTY,w+zSISbWjw6FcV4BBnLl2Q,5344,-0.11163472956183093,9.162813092848875,-11.163472956183092,12.5341706430755,-35.73044741661107,13.403501504244886
ONG,IV8+xvgTYJVr6XQtdrGXYg,14828,-0.11171074154316206,12.755476331565662,-11.171074154316205,10.475032824873479,-31.702138491068222,9.359990182435812
IPN,HLkzRn8vhElsa2Piifodcg,9949,-0.11173002399239831,2.1683839991391523,-11.17300239923983,2.17393461850233,-15.433914251504397,-6.912090546975264
PS,wM/+XYqjCaBrsYkGWXKROg,12644,-0.1120084634617004,7.983602026767799,-11.20084634617004,7.0999720025765045,-25.11679147121999,2.7150987788799075
IPN,TcfF6mqzhe6vzIFMwwOLBQ,12080,-0.11206946840744145,3.4884004051212627,-11.206946840744145,3.17389723593565,-17.42778542317802,-4.986108258310272
IPN,xv42t59rJlQb5bw0X/ZT+w,5905,-0.11216765513973252,2.1676629837014554,-11.216765513973252,2.820861804919676,-16.745654651615816,-5.687876376330687
IPN,benbabDMV4XvFpyIJ0WGoA,11192,-0.11222435658620544,2.6295168584779582,-11.222435658620544,2.4855477384033224,-16.094109225891057,-6.350762091350032
IPN,FmGCalKiq4HRUX7HWxSuwA,5288,-0.11253687770932957,1.6788024843559113,-11.253687770932958,2.3086275817942776,-15.77859783124974,-6.728777710616174
IPN,//4RWeV5202XC8+F6PFBEw,7387,-0.1125698300842279,1.7839346327101067,-11.25698300842279,2.075605855984131,-15.325170486151686,-7.188795530693893
IPN,VpKrWxIQ1aEj+06JlAoc5A,14895,-0.11265447006885058,3.6698010656913143,-11.265447006885058,3.0069227345388296,-17.159015566581164,-5.371878447188952
IPN,aFVco6tmidB6sK/l+vZBwQ,8395,-0.1126825489693983,3.8225824550742082,-11.26825489693983,4.1720212508161625,-19.44541654853951,-3.0910932453401507
PS,GVKj09Q6l1k19xwpmSGtsw,5528,-0.11277360438373257,8.492544906577104,-11.277360438373258,11.42230716287168,-33.66508247760175,11.110361600855235
IPN,rwsFGntx9XxaMMODtWGp5w,15388,-0.11298739442213003,3.9079181147722495,-11.298739442213003,3.1503177941538523,-17.473362318754553,-5.124116565671453
PS,bK1lCFqiesHStt6j91tw2w,7105,-0.11318015529342221,5.411881739988257,-11.31801552934222,6.420461657271685,-23.90212037759472,1.2660893189102804
IPN,Pbmx4Ak8l/tTT8mD9KEV4w,14205,-0.11338545086936856,5.483375420905613,-11.338545086936856,4.600736516232254,-20.355988658752075,-2.3211015151216383
IPN,csQUW85P97fsbeCaJST8LQ,7226,-0.1134763349630217,4.297682281291951,-11.347633496302171,5.055746934945014,-21.256897488794397,-1.4383695038099447
PS,ene3nLSnQ4N961iBaUsSmA,12014,-0.11368044648881967,8.733839311381297,-11.368044648881966,7.968221233309497,-26.98575826616858,4.249668968404647
IPN,LLHkaMjemLUtxfCPJZuxgg,7302,-0.1137336344628816,2.151205818988436,-11.37336344628816,2.517451136390989,-16.3075676736145,-6.439159218961821
IPN,gi/R7nO/jqFOX8I2S1IKcA,14891,-0.11375327367585979,3.4548899403409905,-11.375327367585978,2.8312113139865094,-16.924501542999536,-5.82615319217242
IPN,Yd16S+V0+Ms1Z325TG1DSw,6849,-0.11389497108295166,4.6775910885361665,-11.389497108295165,5.652084816291663,-22.467583348226825,-0.31141086836350595
PS,v5P9UbUVzifKCjln0aCczg,15771,-0.11389576030778072,10.97816635685413,-11.389576030778072,8.741786422206658,-28.523477418303123,5.7443253567469785
PS,Irio9KsL0z08p97nVMQ6Kg,6506,-0.11390255173038985,4.838379637459426,-11.390255173038986,5.998503440290894,-23.147321916009137,0.3668115699311656
IPN,f5nyc52HwSzDGy1qwJlUlQ,9141,-0.1142506296088771,2.360522719642348,-11.42506296088771,2.4689445164750756,-16.264194213178857,-6.585931708596561
PS,ir5gbSW/z5ds3VR1FPX4yg,8005,-0.11427232714173274,8.835980241770143,-11.427232714173275,9.875840516128383,-30.783880125784904,7.929414697438354
IPN,dRC09DrDHO+TEd5sJlsojw,5698,-0.11434064395974167,2.803476633511112,-11.434064395974167,3.71394714020023,-18.713400790766617,-4.154728001181716
PS,awCJM0s20MNhY71ttravIQ,8743,-0.11455597369479452,9.316578784975503,-11.455597369479452,9.963827994413002,-30.984700238528937,8.073505499570032
PS,qLQhVouVl4p7/lpxbq+MFQ,15106,-0.11473094243479812,6.167356241355025,-11.473094243479812,5.017926490321193,-21.30823016450935,-1.6379583224502738
IPN,Nn10+2QiMbWU8sliDdnHjg,13693,-0.1147447601521171,2.992989784527391,-11.47447601521171,2.5577372618952765,-16.487641048526452,-6.461310981896968
IPN,5tetUapuJXAlrvyWRkG+1g,5711,-0.11481264244547827,3.2430380687680973,-11.481264244547827,4.291370057434584,-19.89234955711961,-3.0701789319760433
ONG,UrbxcgYIW08UstDv9hsrpw,37662,-0.11485823376905338,10.53517946340793,-11.485823376905339,5.428630077139256,-22.12593832809828,-0.845708425712397
PS,sJ5fS9Sxxmf5ata3mmOVUQ,15746,-0.11486441091308199,7.332357461187829,-11.4864410913082,5.843304328335164,-22.93931757484512,-0.03356460777127701
IPN,BfT73gSSk14xwQauMwSFug,13776,-0.11492726464650911,2.614854081722997,-11.49272646465091,2.2278497176924006,-15.859311911328016,-7.126141017973806
IPN,rsHI23Ho0AZOQPmVGdlPkQ,8566,-0.11493666789088047,1.8498011844426832,-11.493666789088048,1.9986466416749917,-15.411014206771032,-7.576319371405064
IPN,yxLah1c7kaXBAGqk7hcISQ,96029,-0.11505124713660272,2.9129814277591954,-11.505124713660273,0.9400187418504181,-13.347561447687092,-9.662687979633453
PS,yFFLHYsrC3cWBVg651NyOA,8460,-0.11508766776842481,8.16352565206901,-11.508766776842482,8.875494929894204,-28.90473683943512,5.887203285750157
PTY,M3PrMmOi8TElFouTO4/UBQ,7697,-0.11514850027933746,5.857347607132406,-11.514850027933745,6.676367816171559,-24.60053094763,1.57083089176251
PTY,Lc41EXNjFBDxr/Auzf4LZA,10086,-0.11556566904084552,6.70775682038617,-11.556566904084551,6.679098182365784,-24.647599341521484,1.5344655333523836
ABS,3TcVuHeOr8cB4Kf4rdvzcA,6548,-0.11560043935460894,12.611688443661052,-11.560043935460893,15.585433919468363,-42.10749441761888,18.9874065466971
IPN,YKM+lMQuy52X2qKiiE17WA,8288,-0.1157170000079746,3.7815081085577957,-11.57170000079746,4.153748187443667,-19.713046448187047,-3.4303535534078726
IPN,11dc64WP3IlGhRrVWHb1qQ,14902,-0.11581851516597431,2.8534245387133135,-11.581851516597432,2.3374595936874254,-16.163272320224785,-7.000430712970078
IPN,162244,10844,-0.11592263009705608,4.1064051402667765,-11.592263009705608,3.9433655717507374,-19.321259530337052,-3.863266489074163
PTY,0DYjSqShVdlJfEY69T0+JA,14295,-0.11595363093995473,7.33225305034349,-11.595363093995473,6.132610257094647,-23.615279197900982,0.4245530099100332
PS,0htPWcyi7sLFKivEsEz4Gg,19113,-0.11606792489481194,7.377013644405225,-11.606792489481194,5.336004127238507,-22.065360578868667,-1.1482244000937207
IPN,iKxdvbMvrArK+/+JFPCzaA,5553,-0.11631460570224272,2.141798031950683,-11.631460570224272,2.874184734638839,-17.264862650116395,-5.998058490332148
ABS,bSDJwbTmGA4R+u3vEJdXIA,10267,-0.1164610789461239,11.195254655810587,-11.64610789461239,11.048725803469196,-33.30161046941201,10.009394680187233
IPN,PLOU1EjBvAC/fACLBlRmYA,24599,-0.11647947197343485,4.028511229122346,-11.647947197343484,2.5685371545728612,-16.682280020306294,-6.613614374380676
ONG,uOSHLbP8cg2isQ3Nu5JhVA,16453,-0.11653036893112373,11.19532257922829,-11.653036893112374,8.727986440888376,-28.759890317253593,5.453816531028844
IPN,nFTjAeAHtjoJWIxMLrH69w,9409,-0.1166085660590643,3.432333868381973,-11.66085660590643,3.538488524105127,-18.596294113152478,-4.725419098660381
PS,LWbUAN75NhzxnAvjU45ZGw,9426,-0.11674622856096341,12.113548397437295,-11.674622856096342,12.47692777445652,-36.12940129403112,12.780155581838436
FTP,ADf/fD2IK7G2LIfPW2DGvA,6579,-0.11675989076377392,11.28911832570062,-11.675989076377393,13.918104145319282,-38.95547320120318,15.6034950484484
IPN,ls/1mXfO7glpayim7qjz6Q,10320,-0.11679142457108165,3.1298368530071827,-11.679142457108165,3.0809301434595713,-17.717765538288923,-5.640519375927406
IPN,X/CjowoxW8zzIO+W7cxlvg,15532,-0.1168017102414543,2.7112775836726772,-11.68017102414543,2.175506035444085,-15.944162853615836,-7.416179194675024
PS,5Ij7fRBoJbtUDRs0fG8B2g,9122,-0.11697745200298029,6.414796899281164,-11.69774520029803,6.716420471161448,-24.86192932377447,1.4664389231784085
IPN,Gbm5s8PFuTmbadhhnKdKzg,18059,-0.11710366017068961,2.8043834409340898,-11.710366017068962,2.086846691119182,-15.80058553166256,-7.620146502475365
PS,WL96UhL1OLvYbhVFmoz+2w,9642,-0.11725877711827194,13.546177049739232,-11.725877711827195,13.795364631543416,-38.764792389652285,15.313036965997899
PTY,JZVlIjEW1qKB2IOBFcBLAA,22474,-0.11726107522367879,12.297365986317908,-11.72610752236788,8.202984863225256,-27.80395785428938,4.35174280955362
ABS,jzhKcsjzeM8Zaw5lPEYSig,11388,-0.11728216533414682,17.541713849567536,-11.728216533414681,16.43797414559763,-43.946645858786034,20.490212791956672
PTY,6IdbW9EBafFT5VoE9o2Oug,6107,-0.1175151440300156,9.347229298803022,-11.75151440300156,11.961039830388449,-35.19515247056292,11.6921236645598
ONG,6jz1OfFcqPSBjCotMjvXjA,49447,-0.11755412361840437,11.489919676530148,-11.755412361840436,5.167101810826672,-21.882931911060716,-1.6278928126201588
PS,VCF3y6eJhPWfKQX0rAdpEg,5172,-0.11781612743910946,6.592256963279302,-11.781612743910946,9.166528003229976,-29.748007630241702,6.184782142419808
ABS,2R8S3Pc6QWjEPEKk040Zaw,6632,-0.11784680233032536,14.701489064314966,-11.784680233032537,18.052571195301187,-47.16771977582287,23.59835930975779
PS,hZpvUreAcDd452HW0egUOg,10061,-0.11794602746011935,11.08159282823279,-11.794602746011936,11.047947818020468,-33.44858046933206,9.859374977308182
IPN,inBsBSUiCj4qqlsC3J4e7Q,10453,-0.11799588615582067,2.5037602181299925,-11.799588615582067,2.448906813334943,-16.599445969718555,-6.999731261445579
PTY,BW/JrK8RmmnRl02exVfHxw,5466,-0.1180772091239211,8.161741558361022,-11.80772091239211,11.039464952396683,-33.44507221908961,9.82963039430539
IPN,sLfmlXuStNO3+gstt+MBzQ,7519,-0.11808019701288901,1.7271333469217651,-11.8080197012889,1.991800454147222,-15.711948591417457,-7.904090811160345
ONG,MLzG7q+R4XA5sNX/87TOIA,25391,-0.1181487202333895,14.211099302765824,-11.81487202333895,8.918416929399108,-29.294969204961202,5.665225158283302
PS,kbVZeqhwkmzUk3Sy/Czt0w,5307,-0.1182636142869285,5.489085929074339,-11.82636142869285,7.534865175330275,-26.59469717234019,2.9419743149544875
PTY,TD6aspslpwbCorAVSn1Bag,9273,-0.11842079592992621,16.4679664888616,-11.842079592992622,17.10132831222029,-45.360683084944384,21.676523898959143
IPN,PSPWtXaZXRilyOst2Mwt+w,14303,-0.1187497033428114,2.67533643069377,-11.87497033428114,2.236994076825729,-16.25947872485957,-7.490461943702712
IPN,6dK3dUOO85wBT5kf+9wu/A,6005,-0.11888842598583974,2.344027528259457,-11.888842598583974,3.0248664281210154,-17.817580797701165,-5.9601043994667835
ABS,OTvnNJmg0QLrcQFoaY8/Kw,7262,-0.11904312474989129,13.798088882255382,-11.904312474989128,16.191639127667766,-43.63992516521795,19.831300215239693
IPN,y9yk0BsE8kyqMAtXm1p0/Q,6665,-0.11908957119374372,3.3255077056987337,-11.908957119374373,4.0734077151195995,-19.892836241008787,-3.9250779977399572
ONG,njJ52HGWsGAIv1/C3eELtw,39687,-0.11921443613549508,13.15927821589278,-11.921443613549508,6.605534016186177,-24.868290285274416,1.0254030581753995
PS,gQj9T7n0iauXnqkZijjnvQ,7460,-0.11922385991967954,7.33441582561443,-11.922385991967953,8.491728786227911,-28.56617441297466,4.721402429038754
PTY,PT+JTApDG7XbkgisN8X/ig,9438,-0.11923617938532241,13.194516897629388,-11.92361793853224,13.581680418016868,-38.5437115578453,14.69647568078082
PS,/Hpg6uaFOU8uVO1MAYSzww,5225,-0.1192717682930271,5.362176494184143,-11.92717682930271,7.4181900776597045,-26.46682938151573,2.612475722910311
PTY,8y5kqrCRinfURbZLAz/1rg,8481,-0.11928061513998235,8.33934878083102,-11.928061513998236,9.055420170446386,-29.676685048073153,5.8205620200766806
IPN,VdzsTcvpZCaNFATSGghpzQ,14380,-0.11943428431830586,3.237706234089094,-11.943428431830586,2.6999641550007403,-17.235358175632037,-6.651498688029135
PS,ja+B35H8uSTEUCJ4IfIw8Q,16556,-0.11947440907069308,9.851377373102691,-11.947440907069309,7.656305370579654,-26.95379943340543,3.058917619266813
PTY,5NMMxAvLVHrtP0IFaGkgMg,10581,-0.11969702131078021,7.893517222490975,-11.969702131078021,7.6737421775447965,-27.010236799065822,3.07083253690978
IPN,UwHuVivRMFOv/Ozy5rUgpg,49038,-0.11972387763249008,3.501298297261471,-11.972387763249008,1.5811123754289795,-15.071368019089808,-8.873407507408208
PTY,caOQBflKSz2RpHNUZ35AZQ,15306,-0.11973817656725727,12.103223744869673,-11.973817656725727,9.782958413939808,-31.14841614804775,7.200780834596296
PS,viyzcnt+nUoyCujaz4IEig,31778,-0.1197628460875953,7.806578975674821,-11.97628460875953,4.379227197385848,-20.55956991563579,-3.3929993018832665
PS,Bv34vjf6bYi5+4lvL92REA,6706,-0.11979421145176304,7.19719593352351,-11.979421145176303,8.788839860433582,-29.205547271626124,5.246704981273517
PS,PSs/Svo2YEvHZjifOJT5hA,12104,-0.11988509324811995,8.629023285599196,-11.988509324811995,7.8432703220777755,-27.361319156084434,3.384300506460445
ABS,aMUxFe7WOGsaCb4EFE5SaA,8538,-0.1198987648393684,3.893454133107118,-11.98987648393684,4.213635726136129,-20.248602507163653,-3.731150460710026
PTY,6z9/CMWu72/EliMkVvXH8w,8001,-0.12020235299391756,9.649397278790646,-12.020235299391755,10.787679919712076,-33.16408794202742,9.123617343243913
IPN,nGPHucOdjwMnnW0LcuTodw,13962,-0.12030010022913516,1.8676639789475928,-12.030010022913515,1.580610730365674,-15.128007054430237,-8.932012991396794
PS,2UiIezRjKG6XJSHdZKY9ug,10320,-0.12055595632057724,8.278271578991495,-12.055595632057724,8.14891562764822,-28.027470262248237,3.9162789981327872
FTP,uZk9orHR0lWrk/eQSfAyDg,6038,-0.12074031837163637,11.41697509654389,-12.074031837163638,14.692797713924701,-40.87191535645605,16.723851682128775
PS,K2sa3nh3eFNWdte5qvPrcg,5266,-0.12091490809345512,10.387612956870191,-12.091490809345512,14.314471955727907,-40.14785584257221,15.964874223881186
ABS,JJv3Sx/J/JHhou0MqL6WNg,5347,-0.12092116997844263,9.060640918007707,-12.092116997844263,12.390927821819274,-36.37833552861004,12.194101532921513
PTY,rdBVDG2Ch5wqyngH9FJXVA,10356,-0.12117941698614132,7.972163374791532,-12.117941698614132,7.833938707225539,-27.47246156477619,3.2365781675479255
PTY,cxIxA4Is5dBbcbH9+A74Mw,21086,-0.12150190988426404,12.770374403329562,-12.150190988426404,8.794406360360869,-29.387227454733704,5.086845477880898
PS,ZiTFKSRhVpBHShxapDiIIw,17073,-0.12160650822048426,9.696345596719596,-12.160650822048426,7.42084167674857,-26.705500508475623,2.384198864378771
PTY,dV1qYXG1FUGQPjNa1cgVyQ,8231,-0.12178004080595549,14.754077305138097,-12.17800408059555,16.26244174322594,-44.05238989731839,19.69638173612729
IPN,qHdR9w+a9JhLndGfvABBxQ,10884,-0.12204832719205627,2.0391010657657715,-12.204832719205626,1.9545396503446746,-16.035730433881188,-8.373935004530065
PS,KUaPRRMrNc+r+QoAVG1ryQ,8368,-0.1229087032740989,10.355070027478806,-12.290870327409891,11.319889942495793,-34.47785461470164,9.896113959881863
PS,6V6Ci0qaZGg7PQbx07NKTQ,6496,-0.12306188830986546,7.31250460609402,-12.306188830986546,9.072837751993232,-30.08895082489328,5.4765731629201895
IPN,h0cMiIoIE+HHhneu9cd7oQ,26122,-0.12321395853396151,3.816056346350187,-12.321395853396151,2.361084695566195,-16.949121856705894,-7.693669850086409
IPN,JabJQw734iy6MQj7rFQbRw,6416,-0.12344289643508835,3.9429146442389342,-12.344289643508835,4.922494028661675,-21.992377939685717,-2.696201347331952
IPN,LI1FqymGHErbOiyeECiBqA,7253,-0.12365917541167826,2.5283951314033204,-12.365917541167825,2.968835309905985,-18.184834748583555,-6.547000333752094
IPN,aBQeEolvgmg5Q3Eo5ssAKA,5635,-0.1236768672396466,3.218959721742601,-12.36768672396466,4.288136311509826,-20.772433894523918,-3.962939553405402
PTY,LR9fAP8gjgrIn2A7PBx6tg,7309,-0.12381078095991714,7.358764753155298,-12.381078095991715,8.607478341155506,-29.251735644656506,4.489579452673077
PTY,fXh+PAkDZt36JEqqB8gJng,25718,-0.12385943450482124,12.473582368434442,-12.385943450482124,7.778083537870555,-27.63098718470841,2.859100283744164
PTY,hYVK3kDaoriHqYvvDVr9BQ,7400,-0.1241278494275301,11.572595702166664,-12.41278494275301,13.452869245137459,-38.78040866322243,13.954838777716407
IPN,iWspxYeKGLxciL3mG4ecGA,10145,-0.124218333960167,2.307393137505201,-12.4218333960167,2.290844290074357,-16.911888204562437,-7.93177858747096
PS,SyeTBRYs+ecfTJ2yuNAUgA,8365,-0.12430722950748961,10.090994958551796,-12.430722950748962,11.033187952984349,-34.055771338598284,9.19432543710036
PS,uD0t1F/oMXzSxcdo6O+R4g,6153,-0.12433961989331126,8.672888316830516,-12.433961989331126,11.0565668567854,-34.10483302863051,9.23690904996826
ONG,T/YfPTvJb12ivf+ySayAuA,7463,-0.12452543210115923,11.129633794530069,-12.452543210115923,12.883212014714617,-37.70363875895657,12.798552338724726
IPN,qEtghA2zFszwgfMjDyEMFg,5448,-0.12499082320412175,2.3614042495938854,-12.499082320412175,3.1992766109440187,-18.769664477862452,-6.228500162961898
PS,QhNLvgkdTs/WNAVd/sKzNg,10935,-0.12515576990925126,4.852347747608166,-12.515576990925126,4.6402622262946895,-21.61049095446272,-3.420663027387535
PS,gQvk9y+NKPNWZVgNKkAjkQ,10436,-0.12517407628550167,7.32492500791882,-12.517407628550167,7.170280533689579,-26.57115747458174,1.5363422174814065
IPN,WjPNgzAi+Gd6Ywhm3ic+7g,14118,-0.12524876082512623,2.8103494847855344,-12.524876082512623,2.365231976461311,-17.160730756376793,-7.889021408648454
PS,pdOLeCDC1zMREQpGq4jcYw,5863,-0.1253118457562704,10.059698137972877,-12.53118457562704,13.137871262569345,-38.28141225026296,13.219043099008875
PS,PmujdJNYWTZ50Ej2mbV6Eg,9563,-0.12532808899281103,6.171295054826707,-12.532808899281104,6.310724673089328,-24.901829258536186,-0.1637885400260224
PS,UPYKlragj2ypP97xTzIF2w,5470,-0.12532997945667512,8.987084726096828,-12.532997945667512,12.151367981763698,-36.34967918992436,11.283683298589336
PTY,kSPvr9k8hnZmbwOLvJQ0ZA,15061,-0.12545809113703696,12.967050619586095,-12.545809113703696,10.566089910945312,-33.255345339156506,8.163727111749116
IPN,rFXof5mZop+IN16fNDbcEQ,5303,-0.12604563384152304,3.644534428124842,-12.604563384152303,5.004736809212607,-22.41384753020901,-2.7952792380955938
IPN,E69rdlxaY+4Io9RSgovtCQ,5850,-0.12659316338025606,2.9559675763395994,-12.659316338025606,3.8647529111033814,-20.234232043788232,-5.0844006322629784
ONG,aLk1lKmAuQmcFF3Ti8O0bw,15756,-0.12674542395249067,11.838942871202685,-12.674542395249066,9.43169913956679,-31.160672708799975,5.811587918301843
PS,ILYhtsoFBMQ/TDrkBhy0Cg,8049,-0.12677723984248498,6.776673915150353,-12.677723984248498,7.553454626525518,-27.482495052238512,2.127047083741516
PS,Z46aFT0K98cbgkMEQamgbA,11426,-0.12685295436338945,8.140152408777247,-12.685295436338945,7.615272113750383,-27.611228779289696,2.2406379066118056
ONG,r5l3f3wE9ZPJVN3WT5ZV9A,21086,-0.1271144365239014,12.967357957496478,-12.71144365239014,8.930060442765871,-30.21436212021125,4.791474815430968
ONG,4Om86S0fhr4c1movz9v53Q,10818,-0.12739808583812212,8.989927622621384,-12.739808583812213,8.643362085124263,-29.680798270655767,4.201181103031342
PTY,mSj3HWZ5e7vP2yDFomEADA,9617,-0.1275893747450173,9.701309926623658,-12.75893747450173,9.892602780917658,-32.148438925100336,6.630563976096878
PS,9xELjUIITr0JaWwYc5BzTA,6987,-0.1278123654546708,8.42122715474086,-12.781236545467081,10.0746510015689,-32.52755250854213,6.965079417607964
ONG,silT5rGfk52FBVvb/LYYcw,5555,-0.12786003604705648,12.650671995447066,-12.786003604705648,16.97350622225259,-46.05407580032072,20.48206859090942
PS,Mz70S6Ci6eF6uR+LX881sg,7256,-0.12802129225700667,7.1580799900374625,-12.802129225700668,8.403262113323864,-29.27252296781544,3.668264516414105
PS,6BZMXSLIh7SzK94a040RhQ,12833,-0.12806657395387797,5.03382726358103,-12.806657395387797,4.443592360639996,-21.516098422242187,-4.097216368533404
IPN,TolGNxE1dENf7wCNmJ0ocw,6344,-0.12823817887417455,3.2290058844250975,-12.823817887417455,4.054032717708168,-20.769722014125463,-4.877913760709446
ABS,sm8gtPUJLXlkfd1Ge2nSUg,8647,-0.1283764133460986,14.457305214650074,-12.83764133460986,15.547287164100444,-43.31032417624673,17.63504150702701
IPN,Ajpjf6eHq+USxDFGAOpnHQ,18254,-0.12845977667037087,2.8393522866298055,-12.845977667037086,2.1015525635018313,-16.965020691500676,-8.726934642573497
PTY,Vf6u/UpTxCkNa0JWiCBLPA,11007,-0.12846337142085265,7.094629753733981,-12.846337142085265,6.7623127519657675,-26.100470135938167,0.40779585176763966
IPN,rgNqjz6woF7UMNiXlMTvUA,12836,-0.12855122356111665,3.390569379142226,-12.855122356111664,2.992662772969073,-18.720741391131046,-6.989503321092282
IPN,6uW0AitPcT2GA4MQaUDI0A,6593,-0.1285516465540162,2.095384897123183,-12.855164655401621,2.5806093796524627,-17.913159039520448,-7.797170271282794
PS,aUCGB5CNRutC+8C9qh+Nug,8267,-0.12861497433806787,9.202928555724595,-12.861497433806788,10.121667854507722,-32.69996642864192,6.976971561028348
IPN,OJj1Uw1BAeVbsQGYReUMpw,5041,-0.12862076084898993,3.5807933119829487,-12.862076084898993,5.043370861947815,-22.74708297431671,-2.977069195481276
PTY,dHPpiCH6UVPYyRSTHLv2VA,5504,-0.12880725958343964,10.928027565256292,-12.880725958343964,14.729993975065062,-41.75151414947148,15.990062232783556
IPN,7HissuNhLGqACD5CCsOFkw,14340,-0.12886744510678566,2.9055090348920523,-12.886744510678566,2.4263176339253056,-17.642327073172165,-8.131161948184968
PS,lVneE9GWa5OsaUOPhxzsKQ,5716,-0.1289979878081787,10.24371299167427,-12.89979878081787,13.54912632240224,-39.45608637272626,13.65648881109052
PS,V8CKnChKgeDK+5oqJP5XVg,5461,-0.12900659177814555,8.940452418268164,-12.900659177814555,12.098273771189872,-36.6132757693467,10.811957413717591
IPN,qif/9ddxtgzxUm8scw8vfg,10151,-0.1291807700748949,3.3923926052850106,-12.91807700748949,3.3670665010323995,-19.517527349512992,-6.318626665465987
PS,2TbOrjts6wDgKh4MvLRh+g,16375,-0.12920824388920807,10.501917823731636,-12.920824388920806,8.206877695708206,-29.00630467250889,3.164655894667277
PTY,y7GCyXvdTzSEuFsJkEPd2Q,7992,-0.1292703977428951,4.301470419496181,-12.92703977428951,4.811596530614785,-22.357768974294487,-3.496310574284532
IPN,KVjLBSZKFyXvYXYB5s8NgA,6756,-0.1294020130798053,2.739220536457003,-12.940201307980532,3.332592238667971,-19.472082095769757,-6.4083205201913085
IPN,rkYDBVAbVMBe4Vd5/cqgmA,20773,-0.12945815029758553,4.377843345372362,-12.945815029758553,3.0374602721257524,-18.89923716312503,-6.992392896392078
IPN,85DuUovCfw+CcRbfIXJaKg,25266,-0.12948561391307295,3.4201212702512196,-12.948561391307296,2.151658084215278,-17.16581123636924,-8.731311546245351
ONG,umgTP7jvVRCKTbkQcHe0Yg,24822,-0.12951038124990677,14.126796787590731,-12.951038124990678,8.966548714056335,-30.525473604541094,4.623397354559739
PS,hhmf/gofYnTJVHa2UkuVzw,7459,-0.1296674128257728,17.420114056354738,-12.96674128257728,20.170222574847152,-52.5003775292777,26.566894964123136
IPN,NjYun8HyBkxyf+48QegKzA,5160,-0.12970930252426355,2.99616959564988,-12.970930252426355,4.171012984126689,-21.146115701314663,-4.795744803538044
IPN,8/fYXraJ6kXz5XeMOaWGMQ,13001,-0.12990885448954617,3.3430886534652853,-12.990885448954618,2.9319699468697205,-18.73754654481927,-7.244224353089966
IPN,6v95ubmdVuAiSI5Bndqitw,5049,-0.1299811841993432,4.716786781159299,-12.99811841993432,6.638096466293569,-26.008787493869715,0.01255065400107469
IPN,Nnw4OUjVZLn1Y6yiVuaf3Q,19319,-0.13022257923937972,2.548445181564733,-13.022257923937971,1.8335086993375178,-16.615934974639508,-9.428580873236436
IPN,6FlAwTVFep55zATWo6rNkg,6588,-0.1302382357024973,2.617080547053857,-13.023823570249728,3.2243360136394013,-19.343522156982957,-6.704124983516502
PTY,2SLu1ssuoTUOcnciv0y6Pw,40259,-0.1304089897516375,8.353511035650438,-13.040898975163751,4.163298586908833,-21.200964205505063,-4.880833744822439
ONG,5Gx3oGQMx4ncG924ZmINjw,18814,-0.13074434862060363,13.062622582544153,-13.074434862060363,9.523351390906278,-31.740203588236668,5.59133386411594
IPN,Ht0xbryuAhaW39QNo5ZcZA,6148,-0.13077748744768528,4.505173959611142,-13.077748744768527,5.745722349660285,-24.339364550102687,-1.8161329394343682
PTY,fdjnWYKoP3jrG00ntN2+vg,5279,-0.13079295668565408,6.098589210196995,-13.079295668565408,8.39370206931125,-29.530951724415456,3.3723603872846404
PS,tjl9YYztMJLx3FdXXSdfYg,6058,-0.1311348613053954,5.935485106611581,-13.11348613053954,7.625908412763331,-28.06026661955567,1.8332943584765893
PS,8ClCHtFXGNplITm+63KB+Q,31404,-0.13132175428294848,7.245350089710518,-13.132175428294849,4.088527194239041,-21.145688729003368,-5.1186621275863295
ONG,mmaUolxpIT1BU0GR7sVSEQ,14277,-0.13150001118564844,14.262682037834194,-13.150001118564845,11.936657168030857,-36.545849167905324,10.245846930775635
IPN,cZdktMyT4RLgjg+JYUVZig,8158,-0.13156410576111255,6.1308803862739705,-13.156410576111256,6.787830557394577,-26.460558468604624,0.14773731638211451
IPN,/s8A17JB7UYJU0hDu2ukMg,12238,-0.1319002281764224,2.2708713901853153,-13.190022817642241,2.0527559253362924,-17.213424431301373,-9.166621203983109
PTY,qF5WGU3wYPW7kFlajArdAA,67723,-0.1319752456712886,12.275401309397525,-13.197524567128859,4.717018775582376,-22.442881367270317,-3.9521677669874027
IPN,dnmJw1iKaHT7KSYObgIr4Q,17168,-0.1321884306270945,3.426228381045381,-13.218843062709452,2.6149082539428115,-18.34406324043736,-8.093622884981542
PS,hWaMwonnY4xRLpT7/Diasw,5748,-0.1322446957712756,7.965527861856505,-13.224469577127559,10.506454433178604,-33.81712026615762,7.368181111902503
PTY,RBCYnh5nfrwLNasjRG8P4A,17257,-0.1324154233457751,9.301830165840403,-13.241542334577511,7.0808558997082764,-27.120019898005733,0.6369352288507102
IPN,+NWiYdH9Aca2PGXBghKmaQ,25798,-0.13284308989017138,3.12472673000539,-13.284308989017138,1.9454452957400328,-17.097381768667603,-9.471236209366673
IPN,djh9GD7nMTnsJKQ2aH8Ovw,7773,-0.13319503377644265,2.89910914149865,-13.319503377644265,3.288290906803514,-19.764553554979152,-6.874453200309378
PTY,/BBsL01VthvUr1az1MQxdQ,6481,-0.13321864401498862,8.420747836935858,-13.321864401498862,10.459951038799566,-33.82336843754601,7.179639634548286
PS,tJEUSrbDc5iggqwYlr9QMQ,6486,-0.1332205920059474,8.642781169172427,-13.32205920059474,10.731614036894998,-34.35602271290894,7.711904311719454
PTY,L/0mT3/eCLQt55BRaGspNw,20913,-0.1335141343552111,13.428540350259139,-13.35141343552111,9.285828100855781,-31.55163651319844,4.848809642156219
PTY,GB7dbp/FKN/OD/Z5dr7SHQ,6966,-0.13372492872364658,10.766499322597578,-13.372492872364658,12.8997942183182,-38.65608954026833,11.911103795539015
PS,1vT7smgj0jJjWz31yTLVSg,5503,-0.13419952482396683,12.195766144609067,-13.419952482396683,16.440284611922372,-45.64291032176453,18.80300535697117
PS,iiSUuArNMC2NHqwAh+uaoQ,5397,-0.1345726036878566,6.822336978595889,-13.45726036878566,9.286604665720095,-31.659005513597045,4.744484776025727
IPN,LYrTb3vcGYvgGAJ8nlslmg,13531,-0.13458744717158797,1.8125762246825632,-13.458744717158796,1.5582291772586023,-16.512873904585657,-10.404615529731934
IPN,jg96b2pQtEBRO2dPGtlDTw,23549,-0.13480255667472515,3.8891355911583227,-13.480255667472516,2.534351505654304,-18.447584618554952,-8.51292671639008
PS,3UmXLy3GfjC3EkOebduerQ,5650,-0.1349088493899434,5.769637688162477,-13.490884938994341,7.6758118019448505,-28.535476070806247,1.5537061928175646
PS,rpDrWH1/DMGKF7FvLw8L0Q,5235,-0.13516030203846374,8.028891738939336,-13.516030203846373,11.096787230103917,-35.265733174850055,8.233672767157305
FTP,e5I79seTpJC8n+hwKOkK9Q,17045,-0.13524591549313045,12.575902194294946,-13.524591549313044,9.632536166920111,-32.40436243647646,5.355179337850373
PS,1NVBhA/akLfiEMhIarmGAQ,15618,-0.13527889883095362,8.166097242350206,-13.527889883095362,6.534341650380145,-26.335199517840444,-0.720580248350279
IPN,EO4/6KukTEOszLgqH4bEhw,6077,-0.13551070995387307,3.4013931614420962,-13.551070995387308,4.3632712859884055,-22.103082715924582,-4.999059274850033
PTY,zS7Q5lT+uE59JsV4QHymww,12745,-0.1355769777614236,16.074761011748745,-13.55769777614236,14.238839836656236,-41.46582385598858,14.350428303703863
ABS,fOEk0KcrN922rliQaf+ccQ,5943,-0.1355802343430221,13.910369900100866,-13.55802343430221,18.0441244449752,-48.924507346453595,21.808460477849177
PTY,AOgtzTNMfH9jFqsD3C/QiQ,14006,-0.13570997388438977,10.379395937793904,-13.570997388438977,8.770311487192913,-30.76080790333709,3.6188131264591323
ONG,zGZmb6nANmMr/lObMp3avw,7091,-0.13582710161155814,10.17642081221704,-13.582710161155815,12.084851407683765,-37.26901892021599,10.103598597904364
PS,Urj5SILmihhZ+jWRW4cqmQ,5737,-0.1362890002520809,6.386871575870766,-13.62890002520809,8.432294359113325,-30.156196969070205,2.8983969186540257
IPN,kopBKng7ED49bWCEs+mccA,16008,-0.13631693534050388,1.431187250038239,-13.631693534050388,1.1311701098911935,-15.848786949437127,-11.41460011866365
IPN,jBKhik8h4Jz0tBJ7dsuxDw,17917,-0.13637355680397034,3.619070571326436,-13.637355680397034,2.70373675550447,-18.936679721185794,-8.338031639608275
PS,qdXjf82PV9mzeT0hBbRJCg,8564,-0.1365145780054773,6.807162031241006,-13.651457800547732,7.355763524537915,-28.068754308642045,0.7658387075465818
IPN,A9ExJsskYqCWsSIFPf8N8A,5370,-0.13651792314909467,3.6224443068872656,-13.651792314909466,4.943272756264868,-23.34060691718861,-3.962977712630325
PTY,IaWVmP/pk59vDCkuTHJCJQ,5514,-0.13667145833889233,9.20807629979264,-13.667145833889233,12.400395259036957,-37.97192054160167,10.637628873823203
PTY,IbJ1H6QJSpbyIIxYNE1Q+w,21682,-0.13697623048819924,10.36088220724154,-13.697623048819924,7.036344043109702,-27.488857373314943,0.09361127567509264
PS,wYukQbQS/p7eD5cQEuR6Qg,8493,-0.13700444405302134,7.687622847844516,-13.700444405302134,8.341833299606474,-30.050437672530826,2.649548861926556
PTY,amnis0kr7Pi6qSqAnPsMog,7674,-0.1371386507943521,6.572394241040116,-13.71386507943521,7.502615829091767,-28.418992104455075,0.9912619455846539
PS,onpEVTF03+m4vvmMmukCSw,7035,-0.13726415438968065,7.747983248021086,-13.726415438968065,9.237546172635033,-31.83200593733273,4.3791750593966015
ABS,yfCXwS1cl9T2vxS+eBNlkw,5362,-0.13737178253720653,12.621471545770467,-13.737178253720653,17.23640093837076,-47.520524092927346,20.046167585486035
IPN,Upo9IkS2C1Lmn4TltPy8qA,5977,-0.13752342337486595,3.583317251256376,-13.752342337486596,4.6349348343611645,-22.83681461283448,-4.667870062138713
FTP,GgnYNkaZD+VDaqbTpYm2Jg,14843,-0.13753441302642253,14.324943836701898,-13.753441302642253,11.757962864058014,-36.79904851619596,9.292165910911452
ONG,sYzd+8fho0iFvvAG46TOiQ,11501,-0.13783547592929715,13.43868998218782,-13.783547592929715,12.531098206327904,-38.344500077332405,10.777404891472976
ABS,Lv1P4e5VOi9iExeiT6yu4w,5307,-0.13788901399403378,12.930139658931507,-13.788901399403377,17.749195455693954,-48.57732449256353,20.99952169375677
PS,Eg/lVWW82x/d4qDjaZ+NEw,5375,-0.13797069494114367,11.160590915501986,-13.797069494114368,15.222919659035888,-43.63399202582471,16.03985303759597
PS,4GJMmHGKzu+gVtalqRy7dA,6763,-0.13810882803851923,7.785362204710695,-13.810882803851923,9.466929189300487,-32.36606401488088,4.744298407177032
IPN,jV4T2qS1xdE0EnFcz/7dfg,5361,-0.13813187906577992,2.957568452857762,-13.813187906577992,4.039353870714324,-21.730321493178067,-5.896054319977917
IPN,MGm6rkS88AFd1km2Fuf9yw,28509,-0.13815414387046854,3.2088042452981864,-13.815414387046854,1.9004315491974952,-17.540260223473943,-10.090568550619764
PTY,f0dmkFgEdnpFfigzfTCXqQ,35770,-0.13830586953970234,12.394266970403049,-13.830586953970233,6.553320019676853,-26.675094192536864,-0.9860797154036014
IPN,2ITJRfj8m++T9Ru2bLCeyg,6989,-0.13846043858819465,2.935169244075015,-13.846043858819465,3.5109579481651965,-20.72752143722325,-6.9645662804156805
IPN,uZyYHRw8DKZTIUM5Zt1Bog,6323,-0.1390044287792135,4.5898987542982566,-13.900442877921352,5.772201919573677,-25.21395864028576,-2.5869271155569447
FTP,kBwm1xv/jzuD+a2lcK6IEQ,7054,-0.13910251840429397,13.490858038719596,-13.910251840429396,16.06282192255768,-45.39338280864245,17.572879127783658
IPN,+Fjwlpr+X9jRSIVp/cvoHQ,7959,-0.13931272678121218,4.286819140025651,-13.931272678121218,4.8051384863458155,-23.349344111359017,-4.513201244883419
PTY,cQVl20XkjuELFNt3VZnw5w,5209,-0.1396515663823352,8.266808179044034,-13.96515663823352,11.454092387567853,-36.41517771786651,8.48486444139947
PS,FwQgppBsLAc7ENK0vEw3Ew,20743,-0.140292770216484,10.62731317091617,-14.0292770216484,7.378833233220902,-28.49179015876137,0.43323611546456675
IPN,iRBpLE7YUjrvjgnbUtEaIQ,22377,-0.14037369850701822,2.7346797516217847,-14.037369850701822,1.8281235532472715,-17.620492015066475,-10.454247686337169
PS,Bb6luFtpWnP5R4vkkDcIiQ,8386,-0.1406712586154787,8.852209695914896,-14.067125861547868,9.666611487681081,-33.01368437740278,4.879432654307049
PS,JV1ZGPkfZbjwfs4BweNDuw,5375,-0.14090325920734295,7.639393242293934,-14.090325920734296,10.4200458964669,-34.51361587780942,6.332964036340828
PS,MIVCHqCqqlke0Lb0z7glcw,7523,-0.1409530767406632,3.937576644612403,-14.095307674066321,4.539766225144998,-22.993249475350517,-5.197365872782125
PS,jrGZ+HNUwX1qlwTzStgB3Q,7293,-0.1411655003941265,7.585055026969873,-14.116550039412651,8.881894883124803,-31.525064010337264,3.2919639315119618
PTY,f8YUx8m0+m54icvCP7ZKSw,6363,-0.1412364472603622,12.627626587255419,-14.123644726036218,15.830359194956145,-45.15114874815026,16.903859296077826
IPN,6oEh4WQ00jAf7hfSuWm0Vg,7503,-0.14163245934574473,1.8349238693861283,-14.163245934574473,2.1183639494340225,-18.315239275465157,-10.011252593683789
IPN,Lkw7y5x6a90P38469S2gzw,26632,-0.14168124786723874,2.5592105325323558,-14.168124786723874,1.5682096550407463,-17.24181571060374,-11.094433862844012
PS,1MFWSIgzQppvDThf8xn1lQ,11891,-0.14176863385595462,7.571412912391497,-14.176863385595462,6.943328962398706,-27.785788151896924,-0.567938619293999
IPN,NNbiFSeEdYiVIoKembDNLw,8972,-0.14181759811329936,2.830544231275905,-14.181759811329936,2.9883076959840515,-20.03884289545868,-8.324676727201195
IPN,/XKBC3RutdgZHejwcMMOGA,8377,-0.14203933393299203,4.21707577208755,-14.203933393299204,4.6075191266796836,-23.234670881591384,-5.173195905007024
IPN,wtRf7M7XWnv9OtXyZxVJyA,12918,-0.14225847635462588,1.9402794028052228,-14.225847635462587,1.7071301528707548,-17.571822735089267,-10.879872535835908
PTY,UL7CNOM/RTSx8g6F4G0CKg,7432,-0.14316684963603668,6.177839256937661,-14.316684963603668,7.166114674057617,-28.362269724756597,-0.2711002024507394
PS,2PHCSXghjbGk2qR6jDFe2g,18757,-0.14341232584127137,6.778532583618654,-14.341232584127136,4.949416465582446,-24.042088856668727,-4.640376311585543
IPN,R8IH9OVePjeYSK7J9tVN+g,14619,-0.14343878965027496,3.0272879350293054,-14.343878965027496,2.5037726840603725,-19.251273425785826,-9.436484504269167
PS,x62kf0aZMV76jsKaAG6Z2g,7812,-0.1434479267334044,9.481987016544261,-14.34479267334044,10.727987010711244,-35.37164721433447,6.682061867653598
IPN,k8MUj4GXgiPjBsrmoM6F0w,13812,-0.14397371869966874,2.1352337598270466,-14.397371869966873,1.8168419231279729,-17.9583820392977,-10.836361700636047
IPN,sjHjx9vI71nNcK1qLoXZdA,9267,-0.14426324573859334,2.9866400693702113,-14.426324573859334,3.1025108278444216,-20.5072457964344,-8.345403351284268
IPN,oGtEweRt/46vtwDmyrZkTA,6820,-0.1443460354881902,4.533736479641288,-14.43460354881902,5.4898956059000446,-25.19479893638311,-3.6744081612549326
FTP,XMSQLicUmPh2LnTjZVemxw,15973,-0.14437227997879182,10.68929301701383,-14.437227997879182,8.45776738204742,-31.014452066692122,2.13999607093376
IPN,C5JgYeWLayNUc8Ec6AoNtw,7897,-0.144374446082722,2.124268994850566,-14.437444608272202,2.3904432691502535,-19.1227134158067,-9.752175800737705
IPN,ptHkrJkbEIhGNhOcrw4Yfg,29259,-0.14446431018465333,2.4473795903489375,-14.446431018465333,1.4307758282407215,-17.250751641817146,-11.64211039511352
IPN,ZmkIs2YI9+tnZFf46gxErA,10345,-0.14477535129572933,3.0566865804315397,-14.477535129572933,3.0052849937500143,-20.36789371732296,-8.587176541822906
IPN,2Ji823s6BsNvwWx09w/SXQ,6846,-0.14482178854865704,7.3082443857608235,-14.482178854865705,8.832723067626018,-31.7943160674127,2.829958357681292
PS,SOYKIqwsD3Bhl8/dc206Yg,13471,-0.14503956019820866,8.571744284841234,-14.503956019820865,7.38531950324611,-28.979182246183242,-0.02872979345849025
PS,/FdwLLL8Z4SPZhRnVhtKBg,5423,-0.1451765670637385,13.215785580864818,-14.517656706373849,17.9462280256672,-49.69226363668156,20.656950223933862
FTP,zVYS2g075pwDf5oEUVlVCA,5644,-0.145353471092658,8.060975403202658,-14.5353471092658,10.729860938198586,-35.56587454813503,6.4951803296034285
PS,842+xBlti1PJM7mTMEB4mA,5331,-0.14563777694512522,9.116478111036162,-14.563777694512522,12.485983373706755,-39.036305106977764,9.908749717952718
PS,9QNkw7TLoLRpeJcy8SpLGw,6143,-0.14598838693638025,17.41870898739761,-14.598838693638024,22.22417795118203,-58.158227477954796,28.96055009067875
FTP,luH0+96kt2J0Fntfwc8UkA,5112,-0.1460159095091649,7.1590542309967065,-14.60159095091649,10.012908089479126,-34.22689080629558,5.023708904462596
IPN,WTFSba6JmqOe2A8H00LRAQ,8515,-0.14610745736030853,2.299924767224635,-14.610745736030854,2.4924204383857984,-19.49588979526702,-9.725601676794689
IPN,NjK1zkdkrgml5kE9ma073w,15692,-0.1462009311360484,3.280560372065062,-14.62009311360484,2.618839511925037,-19.753018556977914,-9.487167670231766
PTY,NPNBqQMtU6RIDZhKtwRy/A,7760,-0.1462287377935748,8.834565806083958,-14.622873779357478,10.028924212154001,-34.27956523517932,5.0338176764643645
PS,7FhRCfa0pcSeXBaKw807Ow,12002,-0.14680362491744436,8.917841097104484,-14.680362491744436,8.14015957018248,-30.635075249302098,1.274350265813224
ONG,jtN4xOCljPEmGLeAe2Y5cg,15252,-0.1468755702142878,11.69845126308901,-14.687557021428779,9.472507804912517,-33.253672319057316,3.8785582761997563
IPN,verHTzWj/jHR6EtfD7TGZQ,7345,-0.14703607926001916,1.5507581394806655,-14.703607926001915,1.809456592891803,-18.25014284806985,-11.15707300393398
IPN,1IlBoo/txQc7XZKGF0GMFw,13522,-0.1475610863596461,3.7003425912542434,-14.75610863596461,3.1821560167814553,-20.993134428856262,-8.519082843072958
IPN,t6kv23dzRwaoUaeIm9WoMQ,11483,-0.1478182965326546,1.935737891238492,-14.78182965326546,1.8064205652919763,-18.322413961237732,-11.241245345293187
PS,HJT+9Wj+wcg7TV6yKjc8DA,5047,-0.14816491700943588,8.424959815433288,-14.816491700943587,11.859085105005798,-38.06029850675495,8.427315104867777
PTY,ShnlAsJ4jCGTUJZiViIBWA,11607,-0.1482506250785931,8.39455137607212,-14.825062507859311,7.791794665159069,-30.096980051571087,0.44685503585246344
ONG,oiWXG+XX7uh5eY8mk8lJLA,7384,-0.14839715543551166,10.906037781401126,-14.839715543551165,12.691739625660212,-39.71552520984518,10.036094122742849
IPN,5bHGA0K8NoMNk9QgtqcKig,6290,-0.14845786839486685,3.830733642114225,-14.845786839486685,4.830105680547321,-24.312793973359433,-5.378779705613935
ONG,b5c+wTH5VKKFWcBTeRDj1w,5785,-0.14861452234659406,12.949220549798978,-14.861452234659406,17.02518917038898,-48.23082300862181,18.507918539302995
IPN,BYiifS80CetpYMQ7FfiNxA,10431,-0.14878127716860964,2.9741822865062315,-14.878127716860964,2.9120887732458858,-20.5858217124229,-9.170433721299029
ONG,0MGqKPJf4zFkDI/QA3ZHHA,5051,-0.14882598005764747,10.585586026627915,-14.882598005764747,14.894510044766466,-44.07583769350702,14.310641681977527
PTY,Y107tbxqZ/wVlxZN9DAEdQ,6730,-0.15009648262718236,8.815865184031164,-15.009648262718237,10.746261587293745,-36.07232097381397,6.053024448377503
PS,WXnSKsnnZET7kmvJH7SqiQ,8552,-0.15041763950757842,10.30151438405486,-15.041763950757842,11.139539227299736,-36.875260836265326,6.791732934749641
PS,n03XAYdaR6WAbtaL/YXWbQ,16831,-0.1505440473924488,8.430497453866906,-15.05440473924488,6.498277323659439,-27.79102829361738,-2.3177811848723806
PTY,hePYAXSpxkV4mr19NFTctQ,5880,-0.1510346693271885,10.808907651308028,-15.10346693271885,14.095910815741883,-42.731452131572944,12.52451826613524
PS,xUjEh0yvDP0fPWel0kx39A,10956,-0.15111647244487073,8.167565775282968,-15.111647244487072,7.803090229865784,-30.405704095024007,0.18240960604986434
IPN,0TBE9/UbEU2gXdXtHQZbQA,8884,-0.15114925666898824,2.2938905207977998,-15.114925666898824,2.433707675494146,-19.88499271086735,-10.344858622930298
IPN,WBFnlfDYKKYOOvNBzAR1FQ,13910,-0.1513164984588568,2.7152885699703897,-15.131649845885681,2.302249707452478,-19.644059272492537,-10.619240419278825
IPN,PZ6a56jB4P6vpPfg+ape+Q,10931,-0.15140883425935148,4.2380222345211385,-15.140883425935147,4.053528993546696,-23.08580025328667,-7.195966598583624
IPN,pXXuzL1yVV2hmF2g0/r87A,5850,-0.15202136801858235,3.863941882171424,-15.202136801858234,5.051875655533467,-25.10381308670383,-5.300460517012638
ONG,FU9dr4MttGJCvbq8M6UEqw,8708,-0.15268369142409305,11.401941204371168,-15.268369142409306,12.218547654467514,-39.21672254516564,8.679984260347023
PS,6Jf/s/JauipNepaM3sP4WA,5585,-0.1527635020876742,11.256998376554407,-15.27635020876742,15.062983998160014,-44.79979884516105,14.247098427626208
PS,voSAIKXtXUUbJnds83sYfQ,6752,-0.15303169479935708,8.985435541599172,-15.303169479935708,10.935103960454073,-36.735973242425686,6.1296342825542744
ABS,JWnQxO7IhQhbwFc/A9mIFA,7899,-0.15309482007833927,6.477280511338155,-15.309482007833926,7.287971212809184,-29.593905584939925,-1.0250584307279258
PTY,m/tAnahHOzPFawm6dhVlGQ,5766,-0.15311099342391943,8.28778525372439,-15.311099342391943,10.91443277924063,-36.70338758970358,6.081188904919694
IPN,XZjOhj6kNifYheci+028NA,38054,-0.15352725061671346,3.9763122980705665,-15.352725061671347,2.0383573770824834,-19.347905520753013,-11.35754460258968
ONG,dD6QpVTg6WNQf448Bzhm3w,14696,-0.1536837686334874,11.443341688777505,-15.36837686334874,9.439593535025782,-33.869980191999275,3.1332264653017923
IPN,uFmGZ331QxOGzFG9knS3PQ,15589,-0.15392760898129554,3.2315237648637876,-15.392760898129554,2.5882023403752883,-20.46563748526512,-10.319884310993988
ABS,zFTOg3vfnoBB2IT6UmbD3Q,6171,-0.1544870343442636,9.157154645646388,-15.448703434426362,11.656892069693823,-38.29621189102625,7.398805022173532
IPN,JSKkRZWd5FxsHw7oJrz6Ow,6933,-0.15474426655237694,2.150863341565443,-15.474426655237695,2.5831654158582142,-20.537430870319795,-10.411422440155594
PTY,VRKHfrgZi3GuNC7iG0mBAA,10943,-0.15485570638456805,11.472290796980863,-15.485570638456805,10.966851106972154,-36.980598808122224,6.009457531208616
PTY,i8Irph19JOIT15EtDbpOOg,8569,-0.15501820459772345,9.302496894551505,-15.501820459772345,10.049268784155776,-35.19838727671767,4.194746357172976
IPN,A0XdhzF6uNapO1FXrAbfkQ,11560,-0.15541846681012414,4.840269169032418,-15.541846681012414,4.501845606597936,-24.365464069944366,-6.71822929208046
IPN,FybA4txTRYnOJt/jENwJlw,8068,-0.15561105664791774,2.1217054054262166,-15.561105664791775,2.3621209859098853,-20.19086279717515,-10.9313485324084
PS,Xl+I49lxCJwPGRuegiaHoA,21916,-0.15565756416629214,11.07310227991523,-15.565756416629215,7.479777265527234,-30.226119857062592,-0.9053929761958361
PTY,hqyQtIwZlSONhD+O5j3R3g,14390,-0.1556839104819476,12.564527830687192,-15.56839104819476,10.474077322923629,-36.09758260112507,4.96080050473555
IPN,pOE4VLa+PAdent2GTX8HAA,14795,-0.15574284105052735,3.573925725658674,-15.574284105052735,2.938245217146291,-21.333244730659466,-9.815323479446004
PS,MQj83PQbe4xrqde2bUtorQ,18470,-0.15669653452010085,11.649519425299202,-15.669653452010085,8.5718499904014,-32.47047943319683,1.1311725291766592
PS,TvTgE94cYoZKdjccDH1Ixg,5203,-0.15693014078579703,10.839899042847515,-15.693014078579704,15.027900968945598,-45.147699977713074,13.76167182055367
ABS,5YGlSTOFNxHjqnaeIpyebQ,13457,-0.15760401475178284,16.51693858001051,-15.760401475178284,14.238211099497148,-43.66729523019269,12.146492279836124
IPN,/whQ9NvVvbzEgu8eFuoRFA,5447,-0.15818126240585492,2.831273740826057,-15.818126240585492,3.8362170691545594,-23.337111696128428,-8.299140785042557
ONG,hqKh+0IAdZ60yg6IiMSGXA,16425,-0.15825497216988735,9.257126279665902,-15.825497216988735,7.223097863410303,-29.98276902927293,-1.6682254047045397
PS,hJtUTaOBDVEiKuvd24PDog,13664,-0.1583896532990922,9.54780843153987,-15.838965329909218,8.167981962302123,-31.84820997602138,0.17027931620294368
PS,zqIraduEn7uTov365gGL1g,9698,-0.1585289494976306,8.45515927809899,-15.85289494976306,8.585798728131408,-32.68106045690062,0.9752705573744986
ONG,p0Mb3Thj/oGWafM9Gt/Piw,5202,-0.15886918404929107,10.810119395462152,-15.886918404929107,14.988056333269627,-45.26350881813757,13.489672008279362
PTY,xV16i1LIhuZYrNM5RID50A,5803,-0.15887523878782386,7.750498211333149,-15.887523878782387,10.17427179313367,-35.82909659332438,4.054048835759607
IPN,z65zQaFSMIQ5fb45CFAu8Q,35185,-0.1590747389516252,3.0317329035600964,-15.90747389516252,1.616263478110763,-19.075350312259616,-12.739597478065424
PTY,uIjS4ufMjsRXss/aVpKjHQ,11752,-0.1590833729411963,11.092272119991653,-15.90833729411963,10.232096418977392,-35.96324627531531,4.146571687076058
FTP,9e/tX8c9oQ3Uo4puS4kW2Q,11994,-0.15910823536983665,11.047673218990466,-15.910823536983665,10.08762193744603,-35.68256253437789,3.8609154604105544
ONG,fNeQr5SMs1H4ToKK6QgUsQ,21348,-0.15953250838055716,14.005524486744985,-15.953250838055716,9.585632618782833,-34.74109077087007,2.8345890947586376
IPN,yPr6L2+36wTC+qsHoQEaAA,8964,-0.1599638370039845,3.0352333255537585,-15.99638370039845,3.2058349406724576,-22.279820184116467,-9.712947216680433
PS,R9jf6r41LxlJgQfrS3JjJw,5641,-0.16054245267057435,16.632547093879253,-16.054245267057436,22.145256347797055,-59.45894770873966,27.35045717462479
IPN,O46f6C3Bx/QKLgnydePcjg,5545,-0.16102645001613525,2.6856105631940963,-16.102645001613524,3.606552522136875,-23.1714879450018,-9.03380205822525
PTY,kLIOygO9ps4iXsaskY+ldw,6261,-0.16121259807643085,7.898680572993013,-16.121259807643085,9.982347843977488,-35.68666158183896,3.4441419665527917
PS,kG34n23qFQA3nzdOJTQ1dA,36693,-0.1612740853355214,7.554595087280578,-16.12740853355214,3.9438426695958206,-23.857340165959947,-8.39747690114433
ABS,t8kEDICRg0uV2zKXPT/dDg,5616,-0.16159493766494223,9.086729484653333,-16.159493766494222,12.12534347086491,-39.92516696938945,7.606179436401003
ABS,gluZ2+MJORtkOlxFkeGKOw,5445,-0.16173682583785035,9.526864142190083,-16.173682583785034,12.910736869298333,-41.478726847609764,9.1313616800397
ONG,Hf8QWnYiPWttYo6QAk8WiA,7213,-0.16220400444507335,9.384611476177328,-16.220400444507334,11.049899584368228,-37.87820362986906,5.437402740854395
IPN,uMWMSDkt/1/L2iypblaKhA,5057,-0.1625766255578812,3.1150102653596194,-16.25766255578812,4.380392284909774,-24.843231434211276,-7.672093677364963
ONG,izeQIwiRs/7y11kME5ZLRg,8828,-0.1627623070901539,8.865631654903005,-16.27623070901539,9.435795527967045,-34.77038994383079,2.2179285258000156
PS,qVgwR7j8wbuZPGbJQiyFzA,5527,-0.162827934608098,9.083352554827691,-16.2827934608098,12.218037074485062,-40.23014612680052,7.664559205180922
PS,6PUdAmZWZebegwL7d/G3Mg,7970,-0.16309546637751976,9.409123863895022,-16.309546637751975,10.539500408743082,-36.96696743888842,4.347874163384468
PTY,7xAqbXtQCwcJCLC3w0wlRg,8786,-0.1631050370209599,12.542881077301365,-16.310503702095993,13.381404690303896,-42.53805689509163,9.917049490899643
IPN,wZee/HsM2hAACCy4hVD1Hg,18780,-0.16332933874175953,6.174203840060086,-16.332933874175954,4.505398079226345,-25.16351410945959,-7.502353638892318
ONG,m6TRq6aVIu1BeU+um0GEAw,13294,-0.16429675724405005,9.607643377117935,-16.429675724405005,8.33276313859359,-32.76189147604844,-0.0974599727615697
PTY,S+VtI51xAaM5a8VumkxULg,8102,-0.16463626571040085,9.393693342708458,-16.463626571040084,10.43614871355429,-36.91847804960649,3.9912249075263233
IPN,Y9jvyMRx2+qT6CueYuFNmw,5231,-0.16463996638898024,6.623807955234783,-16.463996638898024,9.158310685522892,-34.41428558252289,1.4862923047268453
IPN,6dN7GgffCbpgWUZfiDyGWA,8393,-0.1647295363679711,3.3840269087739236,-16.47295363679711,3.6938154732302513,-23.712831964328405,-9.233075309265818
FTP,JhPkCG0NmUTNXgMXS2HKkA,7390,-0.16522350436699085,6.029733694369085,-16.522350436699085,7.01416394440456,-30.270111767732022,-2.7745891056661485
PTY,YJB5miLq6RVu/TSkJPOIHA,6895,-0.16522978495177018,11.359847505345144,-16.522978495177018,13.680606968493414,-43.33696815342411,10.291011163070074
PS,S19qRCXOPLiFun/77j/BBw,16437,-0.16606406106581223,12.942648043755245,-16.606406106581222,10.09512878701068,-36.39285852912215,3.1800463159597108
IPN,/V2S2rtfIZVVd0JiISADnA,5910,-0.16609847690853372,1.9155450246824162,-16.60984769085337,2.4917164768469937,-21.49361198547348,-11.726083396233264
IPN,2QjhqFnee0iG4GI9MpqN9g,22996,-0.166163789565552,2.7194438824210043,-16.6163789565552,1.7933041408351138,-20.131255072592023,-13.101502840518375
PTY,XMCzuHqVyX/z/vsXAA7Mog,10095,-0.1667181591406915,13.824691697366212,-16.67181591406915,13.759488617696928,-43.640413604755125,10.296781776616829
IPN,7BTbLrTG16EtDCdlYD84sw,15451,-0.16694718715434909,3.570718440752651,-16.69471871543491,2.8726142477013377,-22.32504264092953,-11.064394789940287
ONG,gQfiDqUzFjC9CjbCm+2tkQ,6308,-0.16725050787912113,12.987540563042263,-16.725050787912114,16.352383909942763,-48.775723251399924,15.3256216755757
PS,q37lTZTw+GzkPRauyglwuQ,5548,-0.16738735149307654,9.920792751263187,-16.738735149307654,13.319200327224392,-42.84436779066746,9.366897492052153
PS,ObR8mkxB7pPf0NUAtp9riQ,6791,-0.1673891866074151,10.777211261912562,-16.73891866074151,13.07794573622205,-42.37169230373673,8.893854982253707
PS,motCAk9sbsm2f/hgkmm9MQ,5107,-0.16837959346331005,7.519854102253218,-16.837959346331004,10.522682961339516,-37.46241795055646,3.786499257894448
PS,of9mtXiD8G4Nx5p7hCbgqQ,9430,-0.16877518266929295,7.8367698733795095,-16.877518266929297,8.070143319715674,-32.694999173572015,-1.0600373602865751
PTY,Jy6u9Cq/Zb3SdQCy6f2bQw,14966,-0.16891052999965459,17.172057532745526,-16.89105299996546,14.03684371085743,-44.40326667324602,10.621160673315103
IPN,R+WE6U7gITL+9DUj6GHPuw,8797,-0.16955211843646925,4.1897483039543415,-16.955211843646925,4.467048192338549,-25.71062630063048,-8.19979738666337
ONG,/sbc1lpvmAMdHyFsNcNR7g,10366,-0.17011354840571716,10.76032447918391,-17.011354840571716,10.568656078952923,-37.72592075531945,3.7032110741760143
IPN,mWj6269CQEs5AIzd42Y3Fg,7919,-0.17027276137935227,1.5706754147312048,-17.027276137935228,1.7650266796131535,-20.48672842997701,-13.567823845893447
FTP,8t2qK+r+smWBYKp3pcoWcw,8820,-0.17079213684859798,8.853971877950178,-17.0792136848598,9.427658566651461,-35.55742447549666,1.3989971057770632
PS,UkJhirQ+mwPGagY934Vhtg,6217,-0.17083400407845287,9.230569966502557,-17.083400407845286,11.706796926065396,-40.02872238293346,5.861921567242888
PTY,2SgWRxPy6OCQZPj4ncN5nA,5473,-0.17086643710386681,10.155340619536442,-17.08664371038668,13.727193973053911,-43.99194389757235,9.818656476798985
PS,aFyjGFE0K2qLgvis6wfMTQ,20458,-0.17150497348020935,10.252115060148496,-17.150497348020934,7.16773407526014,-31.19925613553081,-3.101738560511061
PS,e46+jW4Er1S5Boe7XPq+0Q,5205,-0.17218347717931817,6.9600315658639715,-17.218347717931817,9.647190230455665,-36.12684056962492,1.6901451337612876
IPN,OC0R2c8KA43NWkNUb86hJw,28194,-0.17237186994655443,3.4309351352798836,-17.237186994655442,2.0433095260946037,-21.242073665800866,-13.23230032351002
PS,GoE4OgvAJYAJ0+pC7h7/Xw,13129,-0.17280454354122213,11.14035054002336,-17.280454354122213,9.722613737054427,-36.33677727874889,1.7758685705044641
PS,19KuqxFIBQql2lyT8lqxfw,7733,-0.1730104761614145,14.184054331212812,-17.30104761614145,16.129703384427742,-48.91526624961982,14.313171017336924
PS,ntSyVzfYjmAKv5+i4XMPfA,5459,-0.1739192151536687,8.306858530522748,-17.39192151536687,11.242949686439129,-39.428102900787565,4.644259870053823
PS,DV7z9P+tl+dmeMuTRjTvIQ,13228,-0.174519955465164,11.772083169845795,-17.4519955465164,10.235433207864281,-37.51344463393039,2.60945354089759
ONG,GaHWa3Viv8U+aW5EaX45eQ,27276,-0.17471154669124492,11.295117730820428,-17.47115466912449,6.8391231043816845,-30.875835953712592,-4.0664733845363905
ABS,9F1p/X5KznJpD73gWh9rcQ,9316,-0.17713156161520321,11.213069872512161,-17.71315616152032,11.617422620186625,-40.48330449708611,5.056992174045465
PS,KipusatJZTUVQ1uYMYCFjQ,6402,-0.17763348529624476,9.706010787867832,-17.763348529624476,12.130618223793027,-41.53936024825881,6.0126631890098565
IPN,IzfuvNEanG9ekFj0D/turg,10475,-0.17884391413668174,3.0851335166594773,-17.884391413668173,3.0143727014760437,-23.79256190856122,-11.976220918775127
PS,0gd/Ohkbofq0l1IK4nyX3g,8034,-0.17904960913854895,11.275556442882072,-17.904960913854893,12.579751715339656,-42.56127427592062,6.751352448210831
PS,i9LqF5rD3bvtbEE7HWgr3Q,6806,-0.17961137575627495,9.012282938837252,-17.961137575627497,10.92417994937601,-39.372530276404476,3.450255125149482
PS,o3HzJJlYsksPUVyYTKN5SA,5604,-0.17965218067557406,6.413845325785326,-17.965218067557405,8.567801952969882,-34.75810989537837,-1.1723262397364387
PS,UOnw7Xfk31mZ1U8Oj1XPAA,6946,-0.17992153671000816,8.973387074269109,-17.992153671000814,10.766858668474237,-39.095196661210316,3.110889319208688
ONG,oPoJXe1iten3FGlhrxbjvg,7697,-0.18013974670812002,12.379513204914524,-18.013974670812,14.110513680376462,-45.67058148434987,9.642632142725866
PTY,bDMt7KGTGIntdT9/VCPUFg,18024,-0.18049937062820315,8.659638121334373,-18.049937062820316,6.450214456072893,-30.69235739672319,-5.407516728917445
PTY,UrS7Urt11QMvCQKXyTyUpA,7712,-0.18059403678939456,9.443028158690415,-18.059403678939457,10.75295366193306,-39.13519285632825,3.0163854984493383
PS,UqoHklUyxSnb8Z6GhZcE8A,6087,-0.1807265495775867,8.267949836503767,-18.07265495775867,10.597323257548373,-38.843408542553476,2.698098627036142
IPN,AxooYpsmpvLpAtMn7YSbHA,28165,-0.18097354869700316,4.675659895910815,-18.097354869700315,2.786044414629304,-23.55800192237375,-12.636707817026878
IPN,mSmEAf65A2aosN3wA8Ln2A,7835,-0.18313669450890127,2.29773452397574,-18.313669450890128,2.5958545182385757,-23.401544306637735,-13.22579459514252
PS,TNAC5XiHbhlXQuckeoQzNQ,14201,-0.18327142238437513,7.109829646297514,-18.327142238437514,5.966226425141198,-30.02094603171426,-6.633338445160767
PTY,X6iVkKY22rELLxAfIMqIqQ,5112,-0.18383815816526355,10.541143041932298,-18.383815816526354,14.743217893214064,-47.28052288722592,10.512891254173212
ONG,44+qnrIQ7qZSzbUR0V4G4g,12571,-0.1840985851723438,7.655823251579155,-18.40985851723438,6.828211823009058,-31.793153690332133,-5.026563344136626
ABS,8z33KASCGgAHVfxu6HD4UA,7277,-0.18419998911896282,10.180978197610917,-18.419998911896283,11.934749829128924,-41.812108576988976,4.972110753196407
ONG,4NQN6bisq95UAc+ppO9YwQ,5536,-0.18428106479093734,15.081108931750391,-18.428106479093735,20.269135976012695,-58.155612992078616,21.299400033891146
ONG,YNBaWGihLaO38+SX2tcRoQ,23268,-0.1844776368754243,13.969678289353876,-18.44776368754243,9.15813154245038,-36.39770151074518,-0.4978258643396849
PTY,QMSiK/nqz2jXksQrz1B32w,5210,-0.18506521459904834,11.599858781634138,-18.506521459904835,16.070664715648572,-50.00502430257603,12.991981382766365
PS,5Y+ZGWLI4gnlpApDX5vy1A,11645,-0.18525364923648002,11.050348657637763,-18.525364923648002,10.240148024477422,-38.59605505162375,1.545325204327746
PS,oQcIzuVxG7Wdt4e13IRZKg,5468,-0.18552014153537932,10.380181140097585,-18.552014153537932,14.037529415100275,-46.065571807134475,8.961543500058607
ONG,XYKK+wvZK6sVrugg6Yt6qA,12035,-0.18603978114574837,10.490342696383864,-18.603978114574836,9.562393880415073,-37.34627012018838,0.13831389103870606
PS,FJDHNsgb/NIz96MNyoyXHQ,5384,-0.18644711337596134,10.737869469611027,-18.644711337596135,14.634085724163912,-47.3275193569574,10.038096681765133
PS,RhX6AqIz/JV5D6Cm4Y5CNw,7433,-0.18652629948785102,7.894932896854393,-18.6526299487851,9.157277532024004,-36.60089391155215,-0.704365986018054
IPN,htmKkA9LbPn2FuOkyRrkHA,6850,-0.1870729923248291,1.7671392453159303,-18.70729923248291,2.1351357201723378,-22.892165244020692,-14.522433220945128
PTY,8eDRX3aVNBk6HUyl7H/7Ig,11249,-0.18709174248028348,10.269583380241327,-18.709174248028347,9.682686415354445,-37.68723962212306,0.26889112606636445
PS,vVSUvlW/pvneUNUHDgyXgw,5413,-0.18736606273361744,6.646580676711837,-18.736606273361744,9.03398296039193,-36.44321287572993,-1.0299996709935613
ABS,v5r0pAobFTmGmX+ESaHqrw,5163,-0.1874501095810891,5.253872133547745,-18.74501095810891,7.3118695798807325,-33.076275334675145,-4.413746581542675
PS,pCe81YqAN3U0SxbnmnTImQ,7803,-0.1876622795066581,10.087032087543143,-18.766227950665808,11.419119002092993,-41.147701194768075,3.615245293436459
ABS,/Py4oC07NDKMwR2aGRH32A,11409,-0.18780304692077945,8.315362184323527,-18.780304692077944,7.78497782871374,-34.03886123635687,-3.5217481477990145
ONG,yVr0E/wFBOryZOL0zm+CTA,11989,-0.1887744980300182,12.718786264332042,-18.87744980300182,11.615935426142261,-41.64468323824065,3.8897836322370125
IPN,Z3KOm5D6A1hH2xVlgJ717w,5599,-0.1892838007979232,3.89987463424205,-18.92838007979232,5.211892058532984,-29.143688514516967,-8.71307164506767
ONG,uKhu3QHWa3FPgDg/4tk4sA,10411,-0.19004250042002363,16.361816092956165,-19.00425004200236,16.035602554445564,-50.43403104871567,12.425530964710944
PS,TzdZLt9ZXo1KMWFtEKQysA,11326,-0.19056838099160117,8.738047935142328,-19.056838099160117,8.210623618555692,-35.149660391529274,-2.964015806790961
PS,DW+ugVtCo/mm2J3IsdrEBA,9166,-0.1912153594868679,7.5261096966549506,-19.12153594868679,7.861051068354915,-34.52919604266243,-3.7138758547111568
IPN,Vjh+2GbVLz53q5heMaA/gw,8811,-0.1912888273480071,4.8004157474698,-19.128882734800708,5.114065088363395,-29.152450307992964,-9.105315161608454
FTP,5SpBvCOUfhXdCI428CQBVA,7962,-0.19146414071553558,9.932671827053573,-19.146414071553558,11.131533563143932,-40.96421985531566,2.6713917122085498
PS,62HZTtbXzcvKhp4SpR0qLg,6188,-0.19153496074570317,8.797750285630748,-19.153496074570317,11.183982486879726,-41.07410174885458,2.7671095997139474
PTY,vko08G57nEXSWKSHK92OJw,13713,-0.19177827718790272,10.88682556280893,-19.177827718790272,9.296832927565557,-37.399620256818764,-0.9560351807617806
PTY,Jbx7V0bauyRPxjOgeOYNsg,47240,-0.19310316931942098,10.956180716491355,-19.310316931942097,5.040855435003042,-29.19039358454806,-9.430240279336134
PS,1kHMfMUfOPfUlwPtuIaPew,22254,-0.19373002287508975,11.325801922115476,-19.373002287508974,7.592152449525727,-34.2536210885794,-4.492383486438548
ONG,tIwDK8LFaCC6lHL30WydFg,18431,-0.19388330882539176,13.991074945786192,-19.388330882539176,10.305679532256223,-39.58746276576137,0.8108010006830213
PS,yiRS1ch0zaoJ9ezLc2wa6Q,6225,-0.19435127086772858,4.9490532811573695,-19.43512708677286,6.272670162814324,-31.729560605888935,-7.140693567656783
PS,WfEj91yXOiiGRduKdKwA8A,5462,-0.19483064985020732,7.161809218435008,-19.483064985020732,9.690515931242217,-38.47647621025548,-0.4896537597859876
IPN,++RqSzR7Wr07F6Q/GDJl9g,9725,-0.19487403406275575,3.8103725893564206,-19.487403406275575,3.863871185018358,-27.06059092891156,-11.914215883639594
ONG,gDu9fzhE/iq7wevLjFAYJA,25047,-0.19497030543044955,11.801798309656133,-19.497030543044954,7.457106240477952,-34.11295877438174,-4.881102311708169
PTY,JcQ9k1m0EgwLynw/V4FGPQ,23167,-0.19533891051656485,11.302147575607734,-19.533891051656486,7.425506359673441,-34.08788351661643,-4.979898586696542
ONG,ExMfl7dd4MCEDOJll0uxWQ,5350,-0.19536603858537763,12.731374235124601,-19.536603858537763,17.405976517631128,-53.65231783309477,14.579110116019248
PTY,zGHPEUdGWK+AF9NEO/FJ+w,33329,-0.19581010616443267,13.666646316651606,-19.58101061644327,7.4860170800004155,-34.253604093244086,-4.908417139642454
ONG,SvQ6UClyBrYDaJc0zNwKng,6151,-0.19608965589160832,13.800937550103928,-19.60896558916083,17.596882218095992,-54.09885473662897,14.880923558307309
IPN,LmUTls98aPMXY7+SvZOeAA,18874,-0.19641392926006634,4.317962042602651,-19.641392926006635,3.1430178316465773,-25.801707876033927,-13.481077975979343
ABS,CU8aJNeiXxstRBU8KxslEA,5877,-0.19662463511420347,13.841724218573383,-19.66246351142035,18.055617539388475,-55.05147388862176,15.72654686578106
PS,InmkdI6G8TzSj9NhcCSyPg,11038,-0.19690931154559121,9.11240227771949,-19.69093115455912,8.673366316937772,-36.69072913575715,-2.691133173361088
PTY,kY31p4Bc5rONev80gzmP+w,17421,-0.1978106310462905,11.46992715942659,-19.78106310462905,8.6900869028879,-36.813633434289336,-2.748492774968767
PTY,L4HR+obT1NjnMGren3S+UA,5419,-0.19813914086946727,10.286764531082412,-19.813914086946728,13.973951230985817,-47.202858499678925,7.575030325785473
PTY,zfQRIPEffd+4rj3mblMhNQ,6738,-0.19872854512132887,13.042536586809296,-19.872854512132886,15.88899982852895,-51.01529417604963,11.269585151783858
IPN,Rd6cq45du4EjDyFO/y0zdA,14120,-0.19925637267128943,4.89725404039434,-19.92563726712894,4.121310018922024,-28.003404904216108,-11.847869630041775
PTY,mV+tniC7XBEIixS9MXte1A,5164,-0.20013167973864596,5.547838852319452,-20.013167973864597,7.720238566459863,-35.14483556412593,-4.8815003836032655
PS,Az8xG3FqmzXTOaMHvNYCjw,7353,-0.20015616933592895,11.40990779374956,-20.015616933592895,13.306071469815402,-46.09551701443108,6.064283147245291
ABS,SOYAQQxpJasj/yj65nbFxg,5326,-0.2008682851544279,6.521052791801114,-20.08682851544279,8.935464526895636,-37.600338988158235,-2.573318042727344
PS,XZTQScLRbDWigM6yYrsSZA,9552,-0.20137811560531643,13.213502454189676,-20.13781156053164,13.519816366203939,-46.63665163829136,6.361028517228078
PS,0XMG9fV72XZU6g1r8WwMnA,5096,-0.2022525066191117,10.669998949604526,-20.225250661911172,14.94684968517802,-49.52107604486009,9.070574721037744
PS,JcEW0e/3vO6ou+fyRqtrwA,5298,-0.20247294833738091,12.190977612456923,-20.247294833738092,16.74875604016127,-53.074856672454175,12.580267004977994
ONG,aMpV3hVyxWb1vMaRcZ+dpg,7127,-0.20428826756303903,8.286383339312064,-20.428826756303902,9.81548222856636,-39.66717192429397,-1.1904815883138369
PS,08V++DOqzaNrRNsHIwi25w,8132,-0.20494220847886035,13.635359305973171,-20.494220847886034,15.12056089516178,-50.13052020240312,9.142078506631055
IPN,vF6FOKYW1OrWKN0ql9pXwQ,7891,-0.20497919529385628,2.374066742604183,-20.497919529385626,2.6725565442558232,-25.736130356127042,-15.259708702644213
PS,MhttGXP+kXYtAbn+Xrtcyw,25557,-0.20515607243506045,10.81718073215306,-20.515607243506047,6.766423084044939,-33.777796488234124,-7.253417998777968
IPN,eNEZjSt5Ca81MRisaq/8/g,5009,-0.2051958480645711,3.0956362315939643,-20.51958480645711,4.373955952396212,-29.092538473153688,-11.946631139760536
IPN,/jRtoCloAY8UKZxyODWv3A,6624,-0.20586730212261137,2.613801626478371,-20.586730212261138,3.2115335400735234,-26.881335950805244,-14.292124473717031
PS,m9ICebbN3hOnJ9blll9lpQ,12352,-0.20659938673132916,9.971389028066564,-20.659938673132917,8.971953599056288,-38.24496772728324,-3.0749096189825913
ONG,V0cZ5jLs5WbdzUos22oDwA,7581,-0.20679687405521802,14.139432866834515,-20.6796874055218,16.23935373333725,-52.50882072286281,11.14944591181921
PS,JJqejmlrtV+lkngDx6BRjg,25978,-0.20680330457825916,10.530780614075567,-20.680330457825917,6.53367772568113,-33.48633880016094,-7.8743221154909016
IPN,rhd5NoQ6ChPzNPV9rRxGvg,7509,-0.20709109055502212,3.8378176342191526,-20.70910905550221,4.428873561016911,-29.38970123509536,-12.028516875909064
PTY,Rg25sQUiRzq26fNhqUkF3g,12538,-0.20722890357772286,10.224483834621203,-20.722890357772286,9.13118748299483,-38.62001782444216,-2.8257628911024177
PS,SxIIgwXYLkwd6m3wLyPTCw,10142,-0.20726483804986448,9.169389685915638,-20.726483804986447,9.104972258638783,-38.57222943191846,-2.8807381780544326
PS,Bb42QRQMhg5/Y0vHP8/2Xw,6820,-0.2073365092299376,6.647030887293018,-20.73365092299376,8.04888105523924,-36.50945779126267,-4.95784405472485
PS,zeIb2mtmjZsMZIFLCWDf0A,5041,-0.20793592192984908,7.705720075175542,-20.793592192984907,10.853126866444425,-42.06572085121598,0.4785364652461652
IPN,M3k77CoypP5jjqNdolvcgA,6278,-0.20800432556182116,4.919167806759393,-20.800432556182116,6.208418468293023,-32.968932754036445,-8.631932358327791
ONG,kHy4tyKkVcVCoCEmr9sTjQ,8261,-0.20812956997289336,14.66387180379963,-20.812956997289337,16.133639335749358,-52.43489009535808,10.808976100779404
PTY,EJnekj1SV8asGrD+YPstzQ,75429,-0.20815514421029513,11.425185266566773,-20.815514421029512,4.160007140805073,-28.969128417007454,-12.66190042505157
PS,7fUiYsG8DCXhKT895M0U0w,5920,-0.20838893467333872,6.338336719551805,-20.83889346733387,8.23786088599818,-36.985100803890305,-4.692686130777442
ONG,uEM/VUkAS86Y8sF/NblsUQ,7667,-0.20842289608795483,8.516675425410613,-20.842289608795483,9.726517326393349,-39.90626356852645,-1.778315649064517
PS,XCJ/kAfSOokKTm7uAvVBiQ,18879,-0.209285846366311,10.448264320818383,-20.9285846366311,7.604219729716206,-35.83285530687486,-6.0243139663873375
PS,DPZK1z9n4/sVQw7034aDGg,6899,-0.20941857430570401,9.704598540128067,-20.9418574305704,11.683810424689659,-43.842125862962135,1.9584110018213288
ONG,qBWZN36KGC84fpYfVjeNmg,5654,-0.20952202233696388,9.129469133057668,-20.952202233696386,12.141367997795516,-44.7492835093756,2.844879041982825
ONG,L9nTYb7b28rt42Kw5VUrKg,30110,-0.20977906218520512,11.327089356623064,-20.977906218520513,6.52774151323981,-33.77227958447054,-8.183532852570487
FTP,LKoDdDfRCe+4of3sWNiCVA,5136,-0.21168759544568594,14.387653570946345,-21.168759544568594,20.0760128369226,-60.51774470493689,18.1802256157997
PS,wunKerdkD6IZHxww6CZtTg,6093,-0.2117144735375639,10.76276180498654,-21.17144735375639,13.788217953240894,-48.19635454210854,5.853459834595764
PTY,+FdAeB/xny3EsGYdp0ZVcA,6773,-0.21188690900669507,11.034717703992095,-21.188690900669506,13.408206486745174,-47.468775614690045,5.091393813351033
IPN,rQQdPoOfD3RJZ1vz8Z3eHw,13101,-0.21203358441252315,2.658214355452589,-21.203358441252316,2.3224040261500543,-25.755270332506424,-16.65144654999821
PS,wV+PaHouCLt2zgNe2erZ5A,8206,-0.21287079066285092,9.934573003747818,-21.28707906628509,10.966889034267105,-42.78218157344862,0.20802344087843494
IPN,TaqD9jqLlqBDn/3sM0fHvQ,10375,-0.21327469639605787,4.947486574774255,-21.327469639605788,4.857251283534157,-30.847682155332734,-11.807257123878841
IPN,vfrjcLekZCMYnT8zLXyDBQ,7639,-0.21363987461062123,2.6540197454606966,-21.363987461062123,3.036588161901825,-27.3157002583897,-15.412274663734546
FTP,UmWoMs4FJNrV1YbrH9novQ,10735,-0.21457389760562914,13.442361172228432,-21.457389760562915,12.974019177699734,-46.886467348854396,3.9716878277285623
PTY,nBSMUDneblX0fVlxXs/vMQ,18870,-0.2148906588540563,11.052084266110038,-21.48906588540563,8.045596300658689,-37.258434634696656,-5.7196971361146005
PTY,Zj8+grrfslgwuWwD48KsGA,11368,-0.2168068021193755,10.128389243854075,-21.68068021193755,9.499447587323294,-40.299597483091205,-3.0617629407838933
PS,bPpJzgmt+mMMTl/pmI1HcQ,7243,-0.21727185006235805,8.943116829427913,-21.727185006235807,10.508232220231301,-42.32332015788916,-1.1310498545824572
PTY,d7cnaU1J6VRG+ey/IuF1sA,32123,-0.21749744038201788,11.157203229255744,-21.749744038201786,6.22511379877609,-33.95096708380292,-9.54852099260065
FTP,8rpOU2rYP13IwXMAau1GTA,6326,-0.2196036182800935,10.127768288562697,-21.96036182800935,12.733540174637064,-46.918100570297995,2.997376914279293
PTY,wWYrf/eSHw2rEtGcl7I2mg,6675,-0.21975350832503834,11.15714047709558,-21.975350832503835,13.65611817040669,-48.74134244650095,4.790640781493277
ABS,A+wDC24o+sawmDIWBrLthw,6372,-0.22131827132520895,14.994149584075096,-22.131827132520897,18.783821630250525,-58.948117527811924,14.68446326277013
PS,vf0TsxXRJhqVK8eeUOVImQ,6135,-0.22196739882795471,7.178518152225086,-22.196739882795473,9.164895541588209,-40.15993514430836,-4.2335446212825865
PS,/anIWAm8TIgCkXycX2N3CQ,8401,-0.22213354685080292,8.929492046718986,-22.21335468508029,9.742294695334538,-41.308252287935986,-3.118457082224598
PS,Xg3I/tNr2RwspaTNgA0BNA,6579,-0.22232386964125703,10.369375723266346,-22.232386964125702,12.784173845516817,-47.28936770133866,2.8245937730872583
PS,oSUjcs+eHJ52iip/KE0GaQ,6696,-0.22303315353431832,10.660461877555163,-22.30331535343183,13.027716492821531,-47.83763967936203,3.231008972498369
PTY,i8TB+ci0m/SSJcZs+ORhpg,5400,-0.223048698978878,14.014678441087488,-22.304869897887798,19.07156171658241,-59.685130862389315,15.075391066613719
PS,cqkEOrzupUyDsTmMt2VNTA,7194,-0.22335575051317785,8.35236691293302,-22.335575051317786,9.847462769813404,-41.63660208015206,-3.034548022483513
PS,+cLURCBdMHWO0aHHnCRbbA,5450,-0.22340902315367253,6.674894245766658,-22.340902315367252,9.041617659129797,-40.06247292726165,-4.619331703472852
IPN,EdtgmNqG3Ek8GFyHD1J66A,6492,-0.22395178646271566,2.4227932763068765,-22.395178646271567,3.006956214220927,-28.288812826144586,-16.50154446639855
PTY,XtXFHmQEsUNdEdKyM6s0VQ,5622,-0.22553148747222018,22.600109001560355,-22.553148747222018,30.141517478725746,-81.63052300552448,36.524225511080445
PS,e/J7RmDBB0EDfcl/Z1FNxA,10406,-0.22616367034331986,9.519672735546342,-22.616367034331986,9.332115555119318,-40.90731352236585,-4.325420546298126
IPN,ghHSaZPFQLHL0Ntc/+IL4g,7470,-0.22706693409277573,3.3773794538515354,-22.706693409277573,3.9076850748631933,-30.365756156009432,-15.047630662545714
PS,nSNVJCL3icaxaxvmiNQfDw,5265,-0.22716998612580702,9.900162310308598,-22.716998612580703,13.644044494991242,-49.45932582276353,4.02532859760213
PTY,Aer5+WObKzQek/1Hq5C/mg,5867,-0.2298540964466111,10.3689802126768,-22.985409644661107,13.53717370221768,-49.51827010100776,3.5474508116855468
ONG,QfzRHaaeVwDxCfdChr+VTw,7200,-0.22995457245761322,14.057223865750787,-22.995457245761322,16.566597200216258,-55.465987758185186,9.475073266662541
PS,QsZeQMg7XS2lwUk1JTQLZA,5682,-0.2300272789501527,5.240800789442916,-23.00272789501527,6.952596687175133,-36.629817401878526,-9.375638388152009
ONG,2Gq0O27QL/mrmDpzVA78jQ,6610,-0.23006959030638574,14.522923148191017,-23.006959030638573,17.862955217142986,-58.01835125623883,12.004433194961681
PS,CFV/4VHItXpDPEpfktqM1Q,6817,-0.23288248937308692,13.054399330895123,-23.28824893730869,15.811033051601369,-54.277873718447374,7.701375843829993
IPN,7eLRwU2lkUW/YMEaG2cYFw,6078,-0.23305733741683057,1.9622523243597079,-23.305733741683056,2.5169495136611264,-28.238954788458862,-18.37251269490725
IPN,67/6xfLhDLC0I9bS1yAVvg,7947,-0.23394362460266377,5.747530629079551,-23.394362460266375,6.447326854706541,-36.031123095491196,-10.757601825041554
IPN,gWAtFDnQKDp4QIcJL0Lxlw,5607,-0.23422730532435782,3.511265445432281,-23.422730532435782,4.689195985947477,-32.61355466489284,-14.231906399978728
PS,8qMHxHwujZCshA+qJrCYvA,6683,-0.23575405765798088,6.015535075868035,-23.575405765798088,7.358487100559169,-37.998040482894055,-9.152771048702117
IPN,Hc6pQIA83ISpjBFDVX+Jcg,5058,-0.2361753659551914,3.250624869971502,-23.61753659551914,4.570644474899542,-32.57599976632224,-14.65907342471604
PS,7YgkXlT28W/Yw8RtVBqCmw,15505,-0.2362638643558051,7.21666406235742,-23.62638643558051,5.795629361525471,-34.98581998417043,-12.266952886990588
PS,uNv/a+IT+BITloY+xX1ddA,5234,-0.23643556338573715,10.916960536722625,-23.643556338573717,15.089848559158064,-53.21965951452352,5.932546837376087
FTP,PtZ5CoFHHtSyOoeaelBuMg,10083,-0.23740371545885902,13.722266513863056,-23.740371545885903,13.665671171166537,-50.525087041372316,3.04434394960051
ABS,pwDVQ1QvWrUq1ENAKwtJgw,18389,-0.2397640946714858,9.360815160012104,-23.976409467148578,6.902948181710972,-37.506187903302084,-10.446631030995073
PTY,CT4M+Rmj+fcy7+Mva2fujw,5574,-0.24055256249445248,9.45826307606017,-24.055256249445247,12.668579096840675,-48.885671279252975,0.775158780362478
PTY,aStFJc5W///M+Pm80nzRRQ,18744,-0.24114239203806836,13.733293850918182,-24.114239203806836,10.030984860654696,-43.77496953069004,-4.453508876923632
PS,V5G3+ggTU947C2/S2rlvWw,9951,-0.2412342983795439,10.84494494326299,-24.12342983795439,10.871613103981883,-45.43179152175888,-2.815068154149902
IPN,WIydVM7edASQLSq/pzs+yg,8514,-0.24141707336619786,5.181910879110563,-24.141707336619785,5.615948500942554,-35.14896639846719,-13.13444827477238
ABS,2rmHbthZ159g3a9Y4AK2hg,5106,-0.2426402948787994,8.672253486807833,-24.26402948787994,12.136446853332222,-48.0514653204111,-0.47659365534878617
PS,k7i9kyWCx/oFP/h7zoE7RA,20020,-0.2427456284874118,9.992903621368187,-24.27456284874118,7.062519537018355,-38.117101141297155,-10.432024556185205
ONG,bgBwqdGntJDuduO0c8wpWw,18679,-0.24282192855664933,15.420395700624706,-24.282192855664935,11.282847213160744,-46.39657339345999,-2.1678123178698776
PS,BaywaN1fcjnplpO6QdJpIA,6882,-0.24389893834638027,12.978121845616549,-24.389893834638027,15.644241556163129,-55.05260728471776,6.272819615441705
PS,c72LliFjQkU5Gg+D+wW8LQ,5019,-0.24448595188734754,10.666244688210156,-24.448595188734753,15.05576906059336,-53.95790254749774,5.060712170028232
ONG,9cScctIWMzVzsJpX5/kAMw,17604,-0.2451204735676952,12.059562994037973,-24.51204735676952,9.089204827875387,-42.32688881940528,-6.697205894133763
ONG,ISr5enqW4D4sH1KPv6SSrA,5533,-0.24556004939462464,12.95106974741822,-24.556004939462465,17.411063809110637,-58.68169000531931,9.569680126394385
ONG,Sz38kwOqnMtVEGZ/rG4V6Q,6885,-0.2456831891622635,12.397816592208752,-24.56831891622635,14.94146682944209,-53.85359390193285,4.716956069480148
PS,aBaqPK4lAexgNwjpaaULiA,9641,-0.24976729084926452,12.677335943069929,-24.976729084926454,12.911210377053417,-50.28270142395115,0.32924325409824107
IPN,XF2xo0/aMlHq2Jh9PnfSlw,6830,-0.2507769642602298,3.32323810354979,-25.077696426022978,4.0211577138938015,-32.95916554525483,-17.196227306791126
ONG,LCP+wmqBFd6IqQGvPK6sZg,8813,-0.251417270487156,12.49885563266535,-25.1417270487156,13.313994301480497,-51.237155879617376,0.9537017821861724
IPN,4jbL9/C6mkeLt4hURCRvxA,10952,-0.2523554297173607,4.457539963467946,-25.23554297173607,4.259400994024621,-33.583968920024326,-16.887117023447814
IPN,/GtS/BNu7wNgxTND59EudQ,11856,-0.2526585670255939,4.9317626412812965,-25.265856702559393,4.529320689594838,-34.143325254165276,-16.38838815095351
PTY,daDIaRkDCLS8rNgSL4rS/g,6087,-0.2563023651509875,17.93021522713897,-25.630236515098748,22.981789995929326,-70.67454490712022,19.41407187692273
PTY,QPxx7ncSy5Nq3tZrWj3xGA,9568,-0.2571097416106306,13.628538635015959,-25.71097416106306,13.93280973116072,-53.01928123413807,1.5973329120119502
IPN,nvs2ktmOw5Tzr3QYSrelQw,5473,-0.2581789704839817,3.351167497627117,-25.81789704839817,4.52984572350277,-34.6963946664636,-16.93939943033274
IPN,XcbV7oaww6BXqDnBSWQAEw,6437,-0.2625291226201682,5.981154463506022,-26.25291226201682,7.454924743445123,-40.86456475916926,-11.64125976486438
PTY,gGmz7DKXmCSJRGny1ig+PA,5602,-0.2634343116634626,10.890617445198103,-26.34343116634626,14.550601628216066,-54.86261035764975,2.1757480249572296
FTP,INMR8MqLbW87S6m/kCjFUA,5909,-0.26553562200738706,11.82180567069927,-26.553562200738707,15.378954819436181,-56.69631364683362,3.5891892453562093
PS,zeEEWwdhHBZX6mo6uRC5Qw,9528,-0.26555212024766656,9.506891426813194,-26.555212024766657,9.73952237950893,-45.644675888604155,-7.465748160929156
IPN,oPvv57ELmFH/YS4FjMTDAw,6026,-0.2661059015302851,3.172665029379113,-26.61059015302851,4.087047244076777,-34.62120275141899,-18.59997755463803
ABS,iJAW3EblFvQQ08NiDCumuQ,5599,-0.2664052799203009,9.101569525212403,-26.640527992030087,12.163569954822337,-50.48112510348187,-2.799930880578305
PS,ddrNXAtrJ6sWjPqPjvmtIw,10308,-0.268537745476752,11.926295577365046,-26.8537745476752,11.746767246513782,-49.87743835084221,-3.8301107445081897
PTY,K/KhhnR0bXoUqCp+r2AUdA,5270,-0.2691356740595041,7.767235494822031,-26.91356740595041,10.699442893867571,-47.88447547793085,-5.942659333969971
ONG,n0iZAt0ItCuErEdzlKo3DA,6166,-0.27188371241750015,11.007629432635397,-27.188371241750016,14.018193181308138,-54.66402987711396,0.2872873936139335
PS,oz7lMxLKT1l5f8+vVB7RCQ,15459,-0.27204309381099745,8.68860632541279,-27.204309381099744,6.9881049941695155,-40.900995169671994,-13.507623592527494
PS,ve1LEJosAmuFjNNCQuPnPg,15061,-0.2733122783719041,9.364344276842694,-27.331227837190408,7.630455566874646,-42.28692074826471,-12.375534926116101
ONG,6WKBJRSlPz4z0vpxrvKD0w,17122,-0.27415537146641245,15.72787230141305,-27.415537146641245,12.019675084725217,-50.974100312702674,-3.85697398057982
PS,xrf8tAXKQHG99HixCot1Iw,8943,-0.27984960322522096,10.818617586362453,-27.984960322522095,11.440108788711907,-50.40757354839744,-5.562347096646757
IPN,6ANMtLNrsl3rH4hg5UICqA,6032,-0.2844623123895901,2.6514949471632896,-28.446231238959008,3.41397343478959,-35.1376191711466,-21.754843306771413
IPN,jCbbMOS8TqPJ2kdWMuvzig,10979,-0.28581382554241275,3.421014554644295,-28.581382554241273,3.2649274055847153,-34.98064026918731,-22.18212483929523
FTP,SKPTemuzsQCg9dvPijYBag,36286,-0.28687290995128345,14.509561289972664,-28.687290995128343,7.617013638701437,-43.61663772698316,-13.757944263273528
ONG,1Hjt5vFkm05J51EwE7uzWA,9972,-0.2887104321058243,11.849765029359222,-28.87104321058243,11.866389620198563,-52.129166866171616,-5.612919554993251
IPN,KJjf5f2AI6pm0PBaCgWbKA,10717,-0.2897988394969233,2.5218961166859732,-28.97988394969233,2.4360745662051078,-33.75459009945434,-24.20517779993032
PS,0yQqkxHEIwe3fsTQIkWZYQ,6675,-0.29036254191722316,10.200436402836853,-29.036254191722318,12.485131400184741,-53.50711173608441,-4.565396647360224
PTY,3FPQBJ/bU5GWOmX5CfZgYA,8701,-0.29368202375902497,12.833361559856892,-29.3682023759025,13.75801712450844,-56.33391593993904,-2.4024888118659575
PS,jT8zlCl7eMvwI9tspZ/zzw,5965,-0.2943277436431126,9.533556034567379,-29.43277436431126,12.343823393376416,-53.62666821532903,-5.238880513293484
PTY,QZL9NdMQKFNTDv71UmTXmw,5149,-0.30013206475724535,9.365081203159983,-30.013206475724534,13.051189678836874,-55.593538246244805,-4.432874705204263
ONG,+LAy/6IXH26xXR9PwuWCSQ,42866,-0.3034146303526603,13.535559201416243,-30.34146303526603,6.537620742692407,-43.15519969094315,-17.527726379588913
PTY,cBNb3edp/wOdppOLqU6kNg,5393,-0.30424327851336497,9.196619895415814,-30.424327851336496,12.523133979428327,-54.969670451016015,-5.878985251656978
ONG,6AnsXfJQtE+b3bxRAlS2AA,13428,-0.3054512960959469,14.819102162702372,-30.54512960959469,12.788400410820678,-55.61039441480322,-5.47986480438616
PTY,59VFVV5UifKA29iWuIpZgw,5427,-0.3082216219720504,11.33933356099822,-30.82216219720504,15.392445339088406,-60.99135506181831,-0.6529693325917627
PS,Vm33eaMxSkdgn2uDA36gSg,7729,-0.3085710754275114,12.504680267402964,-30.857107542751137,14.223646101118208,-58.73545390094282,-2.9787611845594526
IPN,e4uDsy9LmVXRVd/falgbgw,17248,-0.30943388716492226,5.808039865537904,-30.943388716492226,4.422422356980801,-39.6113365361746,-22.275440896809855
IPN,1KnLTLVBp9H2l4gsaCQQIQ,9450,-0.3107460287008336,5.903365778831585,-31.07460287008336,6.072727438168582,-42.97714864889378,-19.17205709127294
IPN,PsOPq94RF0SbvOh22noClw,5271,-0.312510908701641,3.698257685760651,-31.2510908701641,5.093902878756597,-41.235140512527025,-21.26704122780117
PS,Z4+aELaGxGsV5G0ofphVmA,7502,-0.31520327845460705,11.621525894839996,-31.520327845460706,13.417593314369839,-57.81881074162559,-5.221844949295821
FTP,BTQKqGp6Kyxsb9ieLmUqgA,8865,-0.3179314734261888,12.635132290068945,-31.793147342618884,13.41962634011616,-58.095614969246554,-5.4906797159912095
PTY,06DEjabhHiB6WrncZNV7Yg,5251,-0.32045490981011,9.981796738158483,-32.045490981011,13.774876468186218,-59.04424885865599,-5.046733103366012
PS,viiaOVEc49VNQDBso5wiLw,5998,-0.32215738400913807,14.272566595824852,-32.21573840091381,18.428875979751215,-68.33633532122619,3.904858519398573
PS,lqGlGGXpv9q8aW3mbDhWOQ,5713,-0.32343106502861063,9.558172151028607,-32.34310650286106,12.645695970811763,-57.12867060565212,-7.557542400070005
PS,PAeDFsQb10VWW7mNRjr91g,5573,-0.32448015577801037,19.180131886351557,-32.44801557780104,25.692541554092582,-82.8053970238225,17.90936586822042
PS,l/8mKKhmfSFmpxdhesMQsw,7280,-0.32540728143969,9.540373920369596,-32.540728143969,11.18149069931577,-54.45644991462791,-10.62500637331009
PTY,MTRF+YHojfMUsgXhLbRfLQ,6463,-0.3266046460082144,14.87645296178917,-32.66046460082144,18.504711366507113,-68.92969887917539,3.6087696775325
ABS,2z5y5+EUdo/4EvR7fn2BKw,5118,-0.3289107088781689,9.619137206292434,-32.891070887816895,13.445779309133867,-59.244798333719274,-6.5373434419145156
ONG,Pz00Xlv8m4yMZgIzc4gBfw,22230,-0.32996408790065074,13.901113918614488,-32.996408790065075,9.323519232372886,-51.27050648551593,-14.72231109461422
ABS,29TRvsUIOfCtgBIa9W9tEw,5617,-0.33460862699943184,6.877558221960778,-33.460862699943185,9.176605537300702,-51.44700955305256,-15.47471584683381
PS,54244442,5742,-0.3421421136412846,9.0116368229376,-34.21421136412846,11.89247061136976,-57.52345376241318,-10.904968965843732
FTP,5r6HIS5GuD3AR78z3Wn2Dg,7379,-0.34392476635466973,15.199273311052899,-34.39247663546697,17.693920405909132,-69.07256063104887,0.2876073601149258
PS,uZxoEz8PAQq/ZJjH2udYGQ,5559,-0.3441927480694147,11.997279602760257,-34.419274806941466,16.091052188863085,-65.95773709711311,-2.880812516769822
ONG,M316AHGz3qBiq9pWdsijbg,9125,-0.3509785398783749,13.343373205048385,-35.09785398783749,13.968481487143155,-62.47607770263807,-7.7196302730369055
IPN,so6YezS/AbKnZDNyjfGhFA,5006,-0.35439372567524685,3.539248284806209,-35.439372567524686,5.002252473360246,-45.24378741531076,-25.634957719738605
ONG,UxOhLd73kZYgmdnrt9mN/g,10691,-0.35645535523565813,16.135572770937422,-35.64553552356581,15.605411373447406,-66.23214181552272,-5.0589292316088965
PS,BKgsK/niecAKpPlk1LwBtg,8330,-0.3610414097548461,10.773825867620799,-36.10414097548461,11.80449605200471,-59.24095323741385,-12.967328713555379
PS,c9VzJhlnx1oAfxYVJ5tARw,8923,-0.363634048847858,17.30383831440334,-36.3634048847858,18.31837738832844,-72.26742456590955,-0.4593852036620589
PTY,miJoG8wITkISVHPunWIS1Q,6250,-0.36382173924803735,13.43461080099868,-36.38217392480374,16.993587843621974,-69.6896060983028,-3.0747417513046713
PS,RwDoM55ZeQuI2ADyJhOb2Q,5787,-0.36415650366227903,19.760116491128052,-36.4156503662279,25.975430820201215,-87.32749477382228,14.49619404136648
PTY,pQEf3vpEZAb6MHhdckMIjA,6545,-0.36839617883731063,11.924206148996118,-36.839617883731066,14.739225054533383,-65.7284989906165,-7.950736776845634
PS,CvXqb24fFtc8pTs/2p+h8Q,7660,-0.36888391726331754,11.153925031804496,-36.888391726331754,12.744222241546382,-61.86706731976266,-11.909716132900847
ABS,74BqeVn0WR9ZNLOg4MAOmg,5927,-0.3692129121218722,17.617052286745885,-36.92129121218722,22.883148538804562,-81.77226234824417,7.92967992386972
PS,cQtZxuVG3pb14SyCvUdmlg,6618,-0.3705339563594516,10.46565465733263,-37.05339563594516,12.864799394983834,-62.26840245011347,-11.838388821776846
PTY,dSLPDE+VmECcB4qqUqOTcw,6338,-0.372082672314351,25.55339656825965,-37.2082672314351,32.09759681539037,-100.11955698960023,25.703022526730017
PS,X4zXPQP074hIiCAIK4CQPQ,6281,-0.37511224165331064,13.175289446684383,-37.511224165331065,16.624391898428577,-70.09503228625107,-4.9274160444110535
ONG,Y5WN01H7v4nGfPdyyIoQZg,9032,-0.37686558986417584,12.483484515939844,-37.68655898641759,13.135416936655163,-63.43197618226171,-11.941141790573468
IPN,LD2r37eBfnNV3jUfar0w7g,10944,-0.38383680012360305,5.343613456494053,-38.38368001236031,5.1079541776758015,-48.39527020060488,-28.37208982411574
ABS,NKHFTHJu7aJoZqmL8L16iA,6115,-0.38384807715809255,12.658926407057587,-38.38480771580925,16.18820309695484,-70.11368578584074,-6.655929645777764
PS,H8d3tVuOhaczYQJhcTELgw,9937,-0.3908506054046937,12.783119013167932,-39.08506054046937,12.823577103213616,-64.21927166276805,-13.950849418170684
PS,w6QB/3fO95vk2DbQ/SLFYg,8480,-0.3911945750255946,14.26706617808224,-39.11945750255946,15.49304383355679,-69.48582341633077,-8.753091588788156
PTY,whII2SZ20yqQx+ZGRBjlBw,8996,-0.39418140767469734,14.1145956290618,-39.41814076746974,14.881397491441373,-68.58567985069483,-10.250601684244646
ONG,nYiRSNSkVbix1ElRqH6F2g,5435,-0.40391397910893456,14.878072567937268,-40.39139791089346,20.18119591384478,-79.94654190202922,-0.836253919757695
PS,CUZXo12vZtpPjXlHjnWQmA,9060,-0.408353520499308,12.88037434792472,-40.8353520499308,13.532074697994167,-67.35821845799936,-14.312485641862231
PS,I4bcgpljOE1OQDCXBtbIew,6003,-0.408571966411957,12.02134446308038,-40.8571966411957,15.515610550281764,-71.26779331974795,-10.446599962643443
PTY,R+JoXeD1xdSy9NkeyMZPqg,5128,-0.41012250651807386,11.082853557338176,-41.012250651807385,15.476672281001896,-71.3465283225711,-10.67797298104367
IPN,Nr92aFv+dIh63i0kOQO7DA,5817,-0.41712652263884,4.762147822416312,-41.712652263883996,6.243862640060749,-53.950623038403066,-29.474681489364926
PS,Vr0YEhyloZ8CIGw2PzU9Iw,9065,-0.4175543687239051,12.141976724106655,-41.75543687239051,12.752798326694121,-66.750921592711,-16.759952152070035
IPN,XvOzZHJTAFTdpH9cV4686Q,5774,-0.4223934894083774,5.484459487136663,-42.23934894083774,7.217643762275821,-56.38593071489835,-28.092767166777136
PS,gj0XF3m4ywBW6TOM0xjiVA,6250,-0.4337549982368946,13.794839789056464,-43.37549982368946,17.449245476214053,-77.576020957069,-9.174978690309914
IPN,efYbC5GSIxiISBqS1jeTPA,8552,-0.43545086738994127,4.218814374928947,-43.54508673899413,4.562013551615183,-52.48663330015989,-34.60354017782837
PS,QQvWnnVEqw72lCcpTzhUiw,6275,-0.4436475436983118,14.550098482297118,-44.364754369831175,18.367881453095563,-80.36580201789849,-8.363706721763869
PS,Qs0qzJiB2+jx/M0dO9HNMA,10157,-0.44483410468163825,12.23852275342721,-44.483410468163825,12.143567002301554,-68.28480179267487,-20.68201914365278
PS,q9qPRjJC40e/Q9yuT+glwQ,5251,-0.44916205686646354,10.996796873780116,-44.91620568664636,15.175576347190132,-74.66033532713902,-15.172076046153698
ONG,fpYfncLZODdeTUhQTrzVhA,5131,-0.4530746125786933,10.573190941162633,-45.30746125786933,14.76063590770042,-74.23830763696215,-16.376614878776504
PS,ZqFs34y6j49mhdDHuQhTWQ,7806,-0.4621609391965776,13.05536584153574,-46.21609391965776,14.776608696214018,-75.17824696423723,-17.253940875078285
ONG,SdmlxjpbD6aC4/Md3mnj0g,5379,-0.463165629047746,19.25966912373039,-46.3165629047746,26.260201224480408,-97.7865573047562,5.153431495207002
PS,8Lf9a9yJDUOWBPjC4+mXjA,28631,-0.518849803714131,15.46635944455661,-51.8849803714131,9.140497635827613,-69.80035573763521,-33.96960500519098
ONG,h59eNZbIRZuLXXqPtrik+g,5261,-0.5299505813670768,19.809183197082653,-52.995058136707684,27.310673954911337,-106.5239790883339,0.5338628149185354
PS,aOL8geThaYp2iadSHl1h1g,5305,-0.5534082618632427,12.593337604993284,-55.340826186324264,17.290125757096373,-89.22947267023315,-21.45217970241537
PS,g08Dlzn2lhSj4Bf8HliRqg,10103,-0.5610432499137665,18.046858746582025,-56.10432499137665,17.954629288193523,-91.29539839623595,-20.913251586517347
PS,xZRWIyRkX8k+GckUMdOa5Q,9789,-0.6358556321271533,14.946168888723788,-63.585563212715336,15.106390991216344,-93.19408955549937,-33.977036869931304
PS,iaIK3PC1KIWVXD3T2gZyyw,5531,-0.6754904102889006,16.101744176630316,-67.54904102889006,21.650657663750383,-109.9843300498408,-25.11375200793931
PS,sXJs8ZoInioB6MEBi5F3Tg,5480,-0.690527595345094,15.879062813372283,-69.0527595345094,21.45036010412777,-111.09546533859984,-27.010053730418974
