candidate_id,review_url,start_seconds,end_seconds,verification_status,transcript_snippet
hcl_ivey_dwan_garrett_dense_001,https://www.youtube.com/watch?v=bG7K_zq0MoQ&t=2330s,2330,2540,needs_manual_verification,getting and uh he just called here it looked like on the turn but obviously he's got the goods Phil here 104 I you know I wonder if that we might get a little bit of card coming back today um 2500 that kept 5050 doesn't really matter I don't know just seems a little odd that bet but he might have come out and bet and uh anyways gar got a free look and flop the flush yeah bill here but I was down so taking just a stab at it Garrett called would have gave me one then of course check fold at the en
hcl_ivey_dwan_garrett_dense_002,https://www.youtube.com/watch?v=bG7K_zq0MoQ&t=2429s,2429,2639,needs_manual_verification,right in his face and he basically moved it away I wouldn't even call it a slap and I guess a no tolerance right Zero Tolerance you touch a player you go and that's what happened the rest of the details we don't know but we do know that Dylan was quite the talker yesterday so I wonder how talkative he will be I don't think it's going to slow him down well I was going to say cuz Phil was pretty quiet seems like a topic that might interest Phil like maybe Phil might engage it's going to come up ra
hcl_ivey_dwan_garrett_dense_003,https://www.youtube.com/watch?v=bG7K_zq0MoQ&t=2526s,2526,2736,needs_manual_verification,there and I think maybe what Ivy was thinking was that when berie check calls there on the Flop and Phil has a seven berky most likely has an ace yeah so fortunately for Phil he just didn't have a an high Ace to really continue on and bery wasn't going to call down to maybe chop or lose to Ace King or seven yeah [Applause] 1200 see Garrett here raising it up to 12 and Garrett had an up and down night I would say he was pained Nick but he did turn it positive he did a lot of tough spots he was in
hcl_ivey_dwan_garrett_dense_004,https://www.youtube.com/watch?v=bG7K_zq0MoQ&t=2637s,2637,2847,needs_manual_verification,think think that oh he's going to three bet here as a semi Bluff and you know that Garrett knows that kish's most likely hand here is a king he knows he's behind yeah and he chish probably doesn't have Ace King cuz that would be three bet off so Garrett can almost treat this like a five out draw and he gets a lot of full Equity right now by three betting this is something that a lot of players wouldn't do if they don't understand the situation and I think it's going to work Nick looks like it we
hcl_ivey_dwan_garrett_dense_005,https://www.youtube.com/watch?v=bG7K_zq0MoQ&t=2728s,2728,2938,needs_manual_verification,"I was going to check raise you and then to it dur will be in the house and berky said he was going to check raise that would have been interesting with the King monster yeah [Applause] oh 1600 1,600 of course I am Bart Hansen here with Nick Veri and we are here for 7 hours here tonight on H Casino live with this epic stream Nick we want to get over 20,000 we got 195 last night 20,000 concurrent viewers we got to hit it we'll do it call this is just an open limp by Christian lucky rays and look a"
hcl_ivey_dwan_garrett_dense_006,https://www.youtube.com/watch?v=bG7K_zq0MoQ&t=2865s,2865,3075,needs_manual_verification,"pot 3,600 Garrett's going to get raised in a big raise 400 to 32 lucky here with bottom two Garrett with a gutter to a five and top pair [Applause] Garrett's going to [Applause] continue 8,000 8,000 Lucky from Chicago scorting the white sock hat probably not a Cubs fan he's showing a lot of strength here Nick I don't know if you would release here in this spot here 76 but from what we saw yesterday 10 seconds races The Flop bet"
hcl_ivey_dwan_garrett_dense_007,https://www.youtube.com/watch?v=bG7K_zq0MoQ&t=3036s,3036,3246,needs_manual_verification,thinking process being pushed like that to call you know I am not great with the whole live tells thing and the whole top speech play and all that I just don't really say much but obviously it worked yeah it worked but like you said the safest thing to do especially with Garrett is to just turn into a statue [Applause] we saw Garrick get bluffed out of a Crazy Hand versus Mickey in the early part of the show in a four bet pot Mickey had Absolute Air Garrett had Ace King for top pair what do you 
hcl_ivey_dwan_garrett_dense_008,https://www.youtube.com/watch?v=bG7K_zq0MoQ&t=3157s,3157,3367,needs_manual_verification,15 1516 and Garrett here limping in with ja maybe trying to get a limp R raise we saw him do that last night yeah so and look at this lucky FL bottom two again but this one's the equities are going to be much closer here because Garrett has an over pair in a club lucky here with bottom two again this time Garrett with the over pair and a Club but Garrett's going to play it cautious and just check calls and there's the club get there's the club Luck's going to take a card here needs to fill up an
hcl_ivey_dwan_garrett_dense_009,https://www.youtube.com/watch?v=bG7K_zq0MoQ&t=3342s,3342,3552,needs_manual_verification,"was guys if you like what you see as always smash that like button please hit that like button for us it helps us tremendously so you're watching you're a fan you want to keep watching one second to do that just give me one pos by the way Ryan Felman told me here that the players even though the game is 100k minimum agre to allow for 41,000 coming in for 41,000 and Dr Eli has supported us he plays regularly he was excited to be in a game like this we're making the exception and he will make it ["
hcl_ivey_dwan_garrett_dense_010,https://www.youtube.com/watch?v=bG7K_zq0MoQ&t=3496s,3496,3706,needs_manual_verification,tens and he's going to limp in here again oh no he did he raised the 1200 okay I was going to say boy that's a very tight limp and we're going to see Ivy complete here with the Queen Dr Eli here with fives and Chris is good here with his tens on this Jacky board can call that waitress for me please about this makes me call CH going to bet 2K and he's going to take it down allergies again if you're new to this show we stream live cash games every Monday through Friday for 5 hours then we go an ex
hcl_ivey_dwan_garrett_dense_011,https://www.youtube.com/watch?v=bG7K_zq0MoQ&t=3603s,3603,3813,needs_manual_verification,"right off the bat yeah if we get the right flop we're we can see multiple bets go in here pre it's going to be interesting to see hold on a second ,000 excuse me yeah I was going to say berky made it 9,000 here so three a coming out of the small one all in in a call I told you Nick all in and a call Lucky Ain playing so 184 two times 184 right off the bat two times here we go which means the pot's going to be split to decrease the variance by half well Lucky's got straight draw now we see who's "
hcl_ivey_dwan_garrett_dense_012,https://www.youtube.com/watch?v=bG7K_zq0MoQ&t=3828s,3828,4038,needs_manual_verification,slap Co well Dylan's going to three bet to 2500 we can't see cuz chips over his pretty fun game huh yeah this is I wish I can play not like every day huh but I was running bed last few weeks myed hop in a bigger game you can win it all back that's what I'm trying to do there you go I run ohing with Queen Jacka clubs flops a flk to 13k uhhuh so hopefully now I can run 40 to 500 easy in this game easy yeah any of us can that what I'm trying to ADV if iom actually yeah or I make 500 or I lose 40 I'
hcl_ivey_dwan_garrett_dense_013,https://www.youtube.com/watch?v=bG7K_zq0MoQ&t=3971s,3971,4181,needs_manual_verification,"because we're both so prideful neither of us would turn over our cards this guy won a $2 million pot 15 years ago Dr Eli pumping Phil for his information for his biggest pot well Dr flop trip Kings here and you can see Nick that the stats are not updated there cuz lucky does have obviously like 100,000 on the table showing 18 what did you do last night why is rhond making gun finger finger guns at you your guest as good as mine my friend so you're just you're just instantly sitting there watchin"
hcl_ivey_dwan_garrett_dense_014,https://www.youtube.com/watch?v=bG7K_zq0MoQ&t=4089s,4089,4299,needs_manual_verification,they are but like they're awesome yeah I mean it's hard to call like Lebron West he obviously came with a few extra bullets in the holster today ready to play here with a gutter 206 I mean carony he's not they never making those guys aren they're role players be much older is like a baby ad is awesome yeah he's so good he's so young they couldn't get it together last you got them out of their flow man you from the south a man running point and you're out there talking I was thinking oh sweet tea
hcl_ivey_dwan_garrett_dense_015,https://www.youtube.com/watch?v=bG7K_zq0MoQ&t=4236s,4236,4446,needs_manual_verification,yeah I just had two big hands for his go out yeah but one you call the 6 you almost P yeah the two [Applause] four two two to you two two two in the center I know I [Applause] didn't and Dylan was doing some zooming around yesterday and it looks like he's going to do some zooming around going to bring it in here for the queen 10 off from up front did a lot of three betting going to get some action here from Lucky who again is sitting with 100K at least Graphics so 17.7 but he did a
hcl_ivey_dwan_garrett_dense_016,https://www.youtube.com/watch?v=bG7K_zq0MoQ&t=4383s,4383,4593,needs_manual_verification,there 12 we're going to call that the Legends Corner over there in seat one two and three yep right all next to each other Garrett has opened like half the hands that we've played here so far tonight he's going to open here again get called in two [Applause] spots and actually lucky is three betat on the button to 12K with 84 offit and chish has got a call so a squeeze here from luy gar gets out of the way and a for bet a back raise a back ra here that's different yes very different third place 
hcl_ivey_dwan_garrett_dense_017,https://www.youtube.com/watch?v=bG7K_zq0MoQ&t=4498s,4498,4708,needs_manual_verification,[Applause] correct 25 raise it up 2500 how much you playing you check your dat 170 you check your dat 12 yeah so at the moment we don't have anything but it's going to depend on yeah just keep keep me just depend yeah on going do you cover me uh no couple after that CTI I know I've never done a show there yeah not sure probably doesn't matter my wife is at H friend Bachelorette and lucky here is going to get tomorrow night yeah I didn't forget I brought where is your best uh they like got a priv
hcl_ivey_dwan_garrett_dense_018,https://www.youtube.com/watch?v=bG7K_zq0MoQ&t=4631s,4631,4841,needs_manual_verification,"1,500 well I think that answers our question here call with the king deuce off here's Dylan here again with a squeezable hand let's see if he's going to sque and he does so open call 7200 here Dyan three betting to play or raising all of his hands that he sat down so far play too many games that's part of it snapap folks Tom dwan taking his seat you're seeing it Tom dwan and Phil iy and Garett right there in Legend's"
hcl_ivey_dwan_garrett_dense_019,https://www.youtube.com/watch?v=bG7K_zq0MoQ&t=4736s,4736,4946,needs_manual_verification,it up here with we 104 off where you going to call with how many days you guys two the second can I get drinks can I get drinks I haven't been here in years there's one for Lucky he's going to Bluff four takes it [Applause] down L well not with me though I don't know I don't think so not I mean three different trips three or four days each in not like okay I likeed it was fun game that was like a game that was a
hcl_ivey_dwan_garrett_dense_020,https://www.youtube.com/watch?v=bG7K_zq0MoQ&t=4836s,4836,5046,needs_manual_verification,out Phil's going to check call here with the seven but Chris just got the best [Applause] Marcus his wife a couple times here really cool I think she like runs Larry Larry's wife [Applause] yeah Eli 800 to call I get half the M looks like a cool 200k right to Phil's left on the tray just a backup he's got
hcl_ivey_dwan_garrett_dense_021,https://www.youtube.com/watch?v=bG7K_zq0MoQ&t=4960s,4960,5170,needs_manual_verification,[Applause] luck Chris going to three bet here out of the line East Queen off Dylan's going to defend this shirt Nic too pretty nice one ni nice swap here for 86 I don't think chrish is going to go anywhere here if Dylan bets 86 open ended the back door Diamond draw yeah I believe he'll slow this that's it 6000 CH will float this hopefully get a good [Applause] turn we've seen Dylan use over bet sizing of a turn so see what comes out here oh oh turn is a and that's a big combo draw here for
hcl_ivey_dwan_garrett_dense_022,https://www.youtube.com/watch?v=bG7K_zq0MoQ&t=5087s,5087,5297,needs_manual_verification,the money here yeah so I think this is a call and actually Chris is leaving 22 24 25 left Chris is leaving some money on the table Yeah Dylan's going to call and he's going to just hold the river if misses but if he makes it he's going to get it all he's got 15 outs here and he just Whi all in yeah he's going all in F so chish there wins a big one but he actually left money on the table Mick and I talk about that a lot on Crush turn you don't want to raise to an amount where you're committed any
hcl_ivey_dwan_garrett_dense_023,https://www.youtube.com/watch?v=bG7K_zq0MoQ&t=5196s,5196,5406,needs_manual_verification,"that flop and Lucky's going to bet 1,200 here with this openend straight draw and he has overcards as well so 5600 and there's the king so the nuts here for Lucky 15,000 I was going to say he loves to bomb got theuts 15,000 here 3x at the end Ivy just going to quickly [Applause] release No I know but I'm saying like why would you want I don't know if even Ivy had better flop of if luy was going anywhere well Bart we're at 15,000 not too long in here I think we're going to hit it some hit that li"
hcl_ivey_dwan_garrett_dense_024,https://www.youtube.com/watch?v=bG7K_zq0MoQ&t=5360s,5360,5570,needs_manual_verification,"right poker Gods let's see an ace with some hearts so 116 here to the Flop well there's an ace they gave us the ace there's an ace so both players here with top pair Chris with the King of Diamonds here too iy with a couple back doors possibility running some straights here comes the BET 7,000 7,000 here see how much value Chris can extract Diamond here on the turn gives chrish the nut flush draw what a great turn for Chris Chris is not going to bet he's going to check check behind and there's t"
hcl_ivey_dwan_garrett_dense_025,https://www.youtube.com/watch?v=bG7K_zq0MoQ&t=5523s,5523,5733,needs_manual_verification,betting and took it back and here's a raise by the same hand well excuse me um kish's bet with Queen five lucky is raised with queen8 and Dylan now it's over to the other queen8 so Queen five bets queen8 raises this is a limp pot so anybody can have 910 here too it's not a raise pot trer and check raise three bet here by Dylan with the top and bottom now Dylan can make back to a clubs here too so same hand and now it will get chopped up if it gets The
hcl_ivey_dwan_garrett_dense_026,https://www.youtube.com/watch?v=bG7K_zq0MoQ&t=5693s,5693,5903,needs_manual_verification,that run out Garrett going to raise it up with Ace Jack and dur is going to get in there from out of position with The Gap suited connector so 75 a jack and jack 10 Lucky's the one that's swapped open ended here but Garrett here of course with the gutter to a [Applause] 10 5K up see your chip please thank [Applause]
hcl_ivey_dwan_garrett_dense_027,https://www.youtube.com/watch?v=bG7K_zq0MoQ&t=5799s,5799,6009,needs_manual_verification,"me a little here it is I've been here and he's going to put him all in that's a 100K bet wow making yeah straight lucky over hands but that was a 100K bet there that stack of chocolate got a flush I get 100K for bery and bery say no so luy 119,000 now Garrett's a total Class Act and of course lucky has every right to see his hand but in poker etiquette when you say you're good just etiquette not usually just take the pot you one of those broke one of the experi wants that information let me Garr"
hcl_ivey_dwan_garrett_dense_028,https://www.youtube.com/watch?v=bG7K_zq0MoQ&t=5919s,5919,6129,needs_manual_verification,River I'm calling off I don't care I was Raising all in anyway I was call I was Raising all [Applause] in it's literally 190 40090 no uh C 190 that's more than I expected that I finally got one what you what you have that straight A [Applause] FL yeah oh so lucky comes back basically to even you played this before not off who you would expect the
hcl_ivey_dwan_garrett_dense_029,https://www.youtube.com/watch?v=bG7K_zq0MoQ&t=6059s,6059,6269,needs_manual_verification,"having de oh you have six dead so there's the straddle 800 okay I'll do so I's going to put up the live the live straddle to come back in we talked about that that do that he missed the blind so he's going to go, 1600 cut off straddle where am I here no that's a so there already it comes like this I've only ever seen that yeah and because we're playing 800 mandatory I comes in for 16 posting dead and Garrett's going to raise it up here to 32 and IV's going to get a price here so he's going to ca"
hcl_ivey_dwan_garrett_dense_030,https://www.youtube.com/watch?v=bG7K_zq0MoQ&t=6181s,6181,6391,needs_manual_verification,"Garrett bets 20 Ivy folds you can see those stacks of chocolates 300,000 in chocolates for Garrett another maybe 50,000 in green so he's probably got right around [Applause] 400,000 so if you're ever playing a poker game depending on where you play sometimes it's allowed that if you miss the blinds you come in with the straddle that's what we saw 1,600 in that hand in the cut [Applause] off no I was the 800 last last hand I know but um he just strd when it comes back around I straddled no I know"
hcl_ivey_dwan_garrett_dense_031,https://www.youtube.com/watch?v=bG7K_zq0MoQ&t=6277s,6277,6487,needs_manual_verification,"confused never mind 1000 we're on a double straddle round right now that's why that was I know that I was confused so dur flops a straight draw here Eli with a seven 4,000 Tom dwan going to raise it up with the Draw d Eli not going [Applause] anywhere turns a nine that's going to give dwan the best hand here [Applause] anyways 7,000 he's going to continue to fire here he'll take it down have a funny St this morning walking up uh getting hard my neighbor says to me uh where you going and he's a"
hcl_ivey_dwan_garrett_dense_032,https://www.youtube.com/watch?v=bG7K_zq0MoQ&t=6402s,6402,6612,needs_manual_verification,blind and the straddle is in the effective cut off Queen of Hearts going to raise it up at the end of the day you 100 so confused also with a was I not calling a straddle you absolutely 4000 oh okay okay okay how did he end up straddling twice he didn't straddle he raced oh okay he raced well then where's the straddle it straddles here because he he bought it and they came around got it a little bit of confusion when iy bought that button I think berki would not have completed there thought he w
hcl_ivey_dwan_garrett_dense_033,https://www.youtube.com/watch?v=bG7K_zq0MoQ&t=6526s,6526,6736,needs_manual_verification,"39,000 come all in all in there's the All In dwan's going to hope he's not up against a set of fives twice doesn't matter and we'll chop it up yeah it doesn't [Applause] was collection uh they do it once every 30 minutes for the drop it's going to be 23 so dur is going to have to pay the collection here positive 230 and we get a lot of questions about oh these players aren't tipping the dealers that is worked into"
hcl_ivey_dwan_garrett_dense_034,https://www.youtube.com/watch?v=bG7K_zq0MoQ&t=6667s,6667,6877,needs_manual_verification,welcome 1 D's got top pair here he checks it Luck's going to bet with a gut here actually doesn't have a gut shot he's got a nine 22 dur in the lead here it's a nine against a 10 but lucky is going to continue to fire here 2200 so you can see that Tom dwan [Applause] 94% most likely this is going to go check [Applause] check
hcl_ivey_dwan_garrett_dense_035,https://www.youtube.com/watch?v=bG7K_zq0MoQ&t=6777s,6777,6987,needs_manual_verification,know that yeah he still get to work though D here going to raise with five Buton over top of Li Idol best player is the center fielder I don't even know his name he's actually a stud he hit like 330 how about a set of fives raising me I don't bother remember his name next [Applause] see if Lucky gets involved here with the wheel draw he [Applause] does n [Applause]
hcl_ivey_dwan_garrett_dense_036,https://www.youtube.com/watch?v=bG7K_zq0MoQ&t=6913s,6913,7123,needs_manual_verification,"we could see some Garrett get some action here and it goes call call onek call can I get another one and uh guy like Garrett is not in these spots so frequently where so much limping and coming out of into a pot with a random hand [Applause] almost that'ss 5,000 now on the turn with the straight dir giving him a [Applause] look [Applause] you play hotop"
hcl_ivey_dwan_garrett_dense_037,https://www.youtube.com/watch?v=bG7K_zq0MoQ&t=7020s,7020,7230,needs_manual_verification,yeah so Berk's going to bring in here for a raise with nine Dylan going to three back king queen [Applause] off ber here is going to get involved he's going to defend I lost 15 in the game with him Bob you I I was just dunking on Dylan has flopped top two probably not going to get a ton of action here though 65 6500 yep Matt's just going to release it I wanted to ask you a question end of October like about that whole thing cuz I've talked about this many times where lucky wanted to ask to see G
hcl_ivey_dwan_garrett_dense_038,https://www.youtube.com/watch?v=bG7K_zq0MoQ&t=7153s,7153,7363,needs_manual_verification,hand if you call probably cost me Mone man got a headache F in this teeth you want drink this yeah at least you still have could drink you want it no that's actually what I thought when you said I can see [Applause] option don't that [Applause] up
hcl_ivey_dwan_garrett_dense_039,https://www.youtube.com/watch?v=bG7K_zq0MoQ&t=7252s,7252,7462,needs_manual_verification,this one together here this can be a real tough call but with a player like lucky he may just make it he nice call there by chis you got it then mock your hand I want to see what you got okay there we go again yes there we go again the other way it's the reverse the [Applause] etiquette sorry thank you appreciate thanks thank you thank you so so there chish is basically like okay I'm not going to ask to see your hand but you're going to have to muck it or show it if you want to see my hand k r i
hcl_ivey_dwan_garrett_dense_040,https://www.youtube.com/watch?v=bG7K_zq0MoQ&t=7358s,7358,7568,needs_manual_verification,[Applause] playus gam Chris is going to call next here big you think yeah so Garrett Bets with the over gets called by chish playing this all day every day next week every what every day next week they put play real how big 36 put 200 150 C start just that's how they start but you know by the end of the week it'll be five and 10 or something probably no Liu no no bedi no limonce um Pot Limit Tri draw Raz um Pot Limit r or something no just
hcl_ivey_dwan_garrett_dense_041,https://www.youtube.com/watch?v=bG7K_zq0MoQ&t=7457s,7457,7667,needs_manual_verification,cheap sometimes as W as there W hops in sometimes lucky did not turn his hand into a bluff there maybe a spot he could have two dece games you got to wear a mask yeah out of all the best St would time maybe they make you wear B they call the camera every once in a while and then they just don't pay just pull it down did you get a vaccine H did you get [Applause] really you're getting old could get much sleep I went to play um last oh really big big is
hcl_ivey_dwan_garrett_dense_042,https://www.youtube.com/watch?v=bG7K_zq0MoQ&t=7555s,7555,7765,needs_manual_verification,"about quickly calls so if we get an ace here on the Flop we can see some [Applause] fireworks [Applause] 8,000 and I don't think Dylan's going to continue here no so D's going to take it down and Tom BLS up a quick little 15K or something like that Tom I heard you don't Bluff like you used to [Applause]"
hcl_ivey_dwan_garrett_dense_043,https://www.youtube.com/watch?v=bG7K_zq0MoQ&t=7660s,7660,7870,needs_manual_verification,"button I'll tell you king jack off is a trouble hand uh out of position I'd like to see Chris get rid of it upstairs down here all the way around I think far new I never over he is dominated here I saw like must right before but he out flops him well I guess he got lucky did indeed 5,000 in a [Applause] call diamonds here on the turn this gets better berky doesn't have a diamond [Applause]"
hcl_ivey_dwan_garrett_dense_044,https://www.youtube.com/watch?v=bG7K_zq0MoQ&t=7915s,7915,8125,needs_manual_verification,"tournament I might call this is a tournament ship so uh in France most of the cash ship are these uh ceramic chips made by B&amp;G these are clay frish having another good day can we get the USC it's got the top hat from cane on top where you can see yep up 115,000 so if you look at the edge you'll see cane going through it oh yeah um well like we talked about G started with 100 and we said in no time it be at 4 500,000 if that if at a minimum"
hcl_ivey_dwan_garrett_dense_045,https://www.youtube.com/watch?v=bG7K_zq0MoQ&t=8014s,8014,8224,needs_manual_verification,it comes out oh well look at Garrett here thinking he's going to call here with King and lucky over High I mean it's 777 on the board that's overalls something yep that's a good Barrel card here for Dylan he's used it pretty well he good Barrel cards he's wrapping uh High cards he actually picks up a flush draw which is good right now you don't think about it when there's trips on board but if you were to hit a flush but this should probably just do it here this guy with a bless me to have a sev
hcl_ivey_dwan_garrett_dense_046,https://www.youtube.com/watch?v=bG7K_zq0MoQ&t=8143s,8143,8353,needs_manual_verification,check back a sign and just folds on a pair board interesting the new Tom dwan Tom dwan [Applause] 2.0s yeah but even like outside of the game like before and after the game like yeah everything it's like a [Applause] super freaking leg what' you say Harry car I don't even know who that is up like back he the best voice Garr here with a couple
hcl_ivey_dwan_garrett_dense_047,https://www.youtube.com/watch?v=bG7K_zq0MoQ&t=8237s,8237,8447,needs_manual_verification,"out a character that expert value raises a show and it's incredible that sounds really good really small bat he is going race don't tell me he's going to get paid maybe if he had made it just a tad smaller I was expecting him to go maybe 4,000 or something like thaten seen that is [Applause] good no in the '90s they had like awesome team and they had like a cheating scandal where like they were shaving points oh yeah yeah I saw this was on Netflix like dirty money or whatever I haven't seen it y"
hcl_ivey_dwan_garrett_dense_048,https://www.youtube.com/watch?v=bG7K_zq0MoQ&t=8329s,8329,8539,needs_manual_verification,"wow we're going to get a dead we're going to get a cold call in between here from Dylan so this is just four Bet City Ray call three bet call from Dylan more enticing for him to squeeze the pot now I mean dur oh well he's going to forb here [Applause] seconds raise it up 23,000 there it is 23,000 Dylan even said I'm going to call to and dice you to a before backat D's got a real hand here though is he going to shove I don't think so what's he thinking well this is why you can't you"
hcl_ivey_dwan_garrett_dense_049,https://www.youtube.com/watch?v=bG7K_zq0MoQ&t=8429s,8429,8639,needs_manual_verification,"$232,000 flip oh my God what a sick River a sick [Applause] shove run it once and Phil just eating a sandwi was there wouldn't know what the hell just happened one 11 wow eight we you know we didn't really see Dylan get too out of line but yesterday I just think that he was thinking it was the old Tom D know I don't know I I do know this and I don't know if this is really off base or not but the first day I was listening to some of the uh talk before the game even started we're all talking every"
hcl_ivey_dwan_garrett_dense_050,https://www.youtube.com/watch?v=bG7K_zq0MoQ&t=8597s,8597,8807,needs_manual_verification,to use my brain at all and Dylan's used a lot of over sort ofs on the turn so this would be interesting on the it doesn't feel like the person's talking they need to invest more in the you don't think that has a lot of aceing in here think especially for English the market com but it's so hard though to get the nuances of someone who's kind of acting and saying something in language well I feel like they don't the people dubbing are just transl like they're not they're not acting cuz you don't y
hcl_ivey_dwan_garrett_dense_051,https://www.youtube.com/watch?v=bG7K_zq0MoQ&t=8704s,8704,8914,needs_manual_verification,"anybody call with some eight King eight Jack eight maybe not Jack eight King eight for sure guys really quick if you like what you see smash the like button hit that button yep we're up to about 177,000 here we want to get over 20 for the night we did 195 got Tom dwan we got Phil Ivy here playing together at same table Matt bery Garrett what a sick lineup and this sick lineup is brought to you by Hustler Casino yeah we want to thank the wp for bringing these guys"
hcl_ivey_dwan_garrett_dense_052,https://www.youtube.com/watch?v=bG7K_zq0MoQ&t=8804s,8804,9014,needs_manual_verification,with some hands that I think some of the other Pros would fold out here he's going to make the call with the 7 five of clubs here out of the small blind let's see if Dr Eli here might be able to win this one with the betat Garrett also calls with the Jack [Applause] n yeah Eli cats and takes it down yeah there you [Applause] so we got five more hours here tonight love it they fly by y with this game
hcl_ivey_dwan_garrett_dense_053,https://www.youtube.com/watch?v=bG7K_zq0MoQ&t=8897s,8897,9107,needs_manual_verification,pot and Phil makes a flush yep we going to check it on the turn here still a whole lot of nothing though for other people he checks again checks again have a FL well he had four other players he was dependent on someone that put a few bucks in there I guess I feel like if Dylan was at the table right now he might have just said to fil well played well played like that type of needle
hcl_ivey_dwan_garrett_dense_054,https://www.youtube.com/watch?v=bG7K_zq0MoQ&t=8988s,8988,9198,needs_manual_verification,call really nice flop for Doctor yep 1073 couple diamonds lucky here with a gutter to a six how about just ripping it in well he only got [Applause] 28k I said you can oh sorry sorry buddy we got got a bu over ni what do you have go shot cool
hcl_ivey_dwan_garrett_dense_055,https://www.youtube.com/watch?v=bG7K_zq0MoQ&t=9095s,9095,9305,needs_manual_verification,nice hearts on the river good play like 18 holes at night it's pretty cool yeah Paul start golf yet or no no I'm working on that [Applause] 32.3 million tournament earnings and what could have been for him in 2003 he didn't get that bad beat against Money Maker but then again we might not be here that's if money had that's right he was an ingal part of Poker yeah and
hcl_ivey_dwan_garrett_dense_056,https://www.youtube.com/watch?v=bG7K_zq0MoQ&t=9245s,9245,9455,needs_manual_verification,60 we going for 800 here so we have a straddle someone's poos to dead has raised blind what else are we doing here we would have know the story I'm reading about it on the front Pig bspn I'm got you got I swear iwear the game recap includes you in it so tell tell us what happened come on I don't know you that that was my boy at game so tell us about your the table now taking another shot aty the information he he was Sports died a littleit player as far as I know why I'm asking the reports is th
hcl_ivey_dwan_garrett_dense_057,https://www.youtube.com/watch?v=bG7K_zq0MoQ&t=9424s,9424,9634,needs_manual_verification,or something right yeah it was weird that they did it that if you bet it it was only you could only win if they knock if someone got knocked out [Applause] yeah million who made 100 he made 100 I was gonna say cuz the other Woodley or whatever that was like a nothing fight aim fight I'm saying it was like a nothing I assume no money fight I mean I think Jake made a good amount of money it was Woodley's biggest payday it was seven figures for
hcl_ivey_dwan_garrett_dense_058,https://www.youtube.com/watch?v=bG7K_zq0MoQ&t=9584s,9584,9794,needs_manual_verification,"five bery now picks up a gutter but when two people call yeah he's going to take a card 3,000 Lu he going to put a little value B out here verbally Nick too even before he put chips and L and uh Dr Eli's going to call with ace high oh give them the 10 no no 10 give them the 10 10 over there I know you had something this thin it's not good for [Applause] you always cost me money no I I you have"
hcl_ivey_dwan_garrett_dense_059,https://www.youtube.com/watch?v=bG7K_zq0MoQ&t=9718s,9718,9928,needs_manual_verification,with a couple sevens looks like Garrett's got going to call [Applause] here I know Dylan wants to get involved getting a price but see how far he goes now he's not going hit ball with Queen three squeezing [Applause] again and there is a set for Garrett dwan probably not going to lose much but lucky with a nine might lose some but dur is going to see bet so it's interesting to see how Garrett's going to play this 2500 Garrett with a set look like he's just going to
hcl_ivey_dwan_garrett_dense_060,https://www.youtube.com/watch?v=bG7K_zq0MoQ&t=9825s,9825,10035,needs_manual_verification,triple barrel against lucky yes with AI lucky River to straight yeah Garrett had that look he asked for see his chips for the second time and he just he had that look in his eye yeah I've been playing poker for over half my adult life which is quite a lot given I'm 35 uh and I started the same way I think quite a lot of good players started which was watching Chris Money Maker just make it happen in 2003 and so back then I think I was like a junior in high school just played home games with my f
hcl_ivey_dwan_garrett_dense_061,https://www.youtube.com/watch?v=bG7K_zq0MoQ&t=10014s,10014,10224,needs_manual_verification,you Dr Eli here with Ace King and dur going to call with King Jack who look at this float here from dur King Jack no Spade Eli's in the lead here with Ace King with the Ace of Spades [Applause] and I assume if this goes check check dur is planning on bluffing but Eli's not going to give him a chance power poker there Y for the [Applause]
hcl_ivey_dwan_garrett_dense_062,https://www.youtube.com/watch?v=bG7K_zq0MoQ&t=10110s,10110,10320,needs_manual_verification,"once again a limped pot and Garrett's got that look he's in the straddle looks like he's going to raise it up 7,000 7,000 Wow 85 off the Eli pretty legit hand he had limped in with Queen T of clubs and he's just just going to fold wonder if I is Ivy going to get involved here with dece Deuce [Applause] nope why you this I want to see the put [Applause] 620000 button moves over here to Dylan again we're playing 200 200 400 with the 200 big blind ante and we've got a round of straddles going on so"
hcl_ivey_dwan_garrett_dense_063,https://www.youtube.com/watch?v=bG7K_zq0MoQ&t=10204s,10204,10414,needs_manual_verification,"Wonder Garrett checks the Flop and now he turns to pair here 30,000 and he's going to get raised that little check on the Flop he's induced a ra timing timing 7K and Lu's going to turn his hand into a bluff and go to 30,000 and you know Garrett's not going anywhere here nowhere but what's interesting is is that Lu's got to realize he's going to probably have to go off the river right if he gets called no [Applause] shy there's the call 75,000 here yeah this is ballooned up we could see some"
hcl_ivey_dwan_garrett_dense_064,https://www.youtube.com/watch?v=bG7K_zq0MoQ&t=10363s,10363,10573,needs_manual_verification,"effective Phil's just going to just going to call here with King so 52,000 to the Flop I think that's a scary board here for both players Queen Jack eight couple clubs Jared has a gutter here does have check Ivy checks again here ni great wow what an amazing shot right there check check again river is a seven let's see if iy puts in a value bet"
hcl_ivey_dwan_garrett_dense_065,https://www.youtube.com/watch?v=bG7K_zq0MoQ&t=10460s,10460,10670,needs_manual_verification,[Applause] flop both players probably not super [Applause] ecstatic not the joint
hcl_ivey_dwan_garrett_dense_066,https://www.youtube.com/watch?v=bG7K_zq0MoQ&t=10583s,10583,10793,needs_manual_verification,sudden chrish is going to come out and bet here one liner to a four kind of goofy footed going to pay for it and iy's just going to call just going to call when the diamonds come in there's another one for [Applause] Phil nothing like getting in there for six4 off yeah about 15K [Applause] yeah again those purple chips we call them chocolate chips are 5Ks the whites
hcl_ivey_dwan_garrett_dense_067,https://www.youtube.com/watch?v=bG7K_zq0MoQ&t=10682s,10682,10892,needs_manual_verification,go oh look at this flop two Spades and top set wow holy smokes lucky who's the pre- Flop three better with Jack drills top set berky's got the nut flush draw and Garrett with a combo draw with Queen eight of spades Luck's going to bet 10 six here wow put your seat belts on three oh nice hold there's the call here from bery over to Garrett with the combo draw combo Street draw flush draw but is he coming over lucky I think lucky looks kind of strong but we'll see
hcl_ivey_dwan_garrett_dense_068,https://www.youtube.com/watch?v=bG7K_zq0MoQ&t=10778s,10778,10988,needs_manual_verification,"here yeah he does fold yeah but here's the real can I see the hand here now that Garrett doesn't have to worry about berky [Applause] Lu he's got 80,000 is behind so now if Garrett has he doesn't know that berky had the other Spades could have like 12 outs here but the five and the four are no good bringing is he raising it up or calling no I think he's just going to call yeah he's just going to call five and the four are speeds not going to be good here Riv three yep that's lucky all"
hcl_ivey_dwan_garrett_dense_069,https://www.youtube.com/watch?v=bG7K_zq0MoQ&t=10906s,10906,11116,needs_manual_verification,[Applause] Dyan going to raise it up here to 12200 78 of Hearts going to get some action here from [Applause] dur and chrish is also in here with diamonds so couple diamonds cans in here bery going to come in between [Applause] three so here we go again five [Applause] ways [Applause] and dur swwa the best of it here with a
hcl_ivey_dwan_garrett_dense_070,https://www.youtube.com/watch?v=bG7K_zq0MoQ&t=11141s,11141,11351,needs_manual_verification,"old dur got the best hand here Chris the pre- Flop Razer though he's going to see [Applause] bat wow and Tom just Ms it just m it there obviously strong CED into multiple players chis is going to win it there with [Applause] fives take a look here at our stats you can see dur is up 127,000 Dylan our big loser of course that huge hand between Dylan and dur with the back Jam threes versus Ace King suited run it once and dur won it take a look here at the chip count Ivy 312,000 of course Garrett is"
hcl_ivey_dwan_garrett_dense_071,https://www.youtube.com/watch?v=bG7K_zq0MoQ&t=11234s,11234,11444,needs_manual_verification,bit here D bet out with a six I we switch screens would you you be upset can you see a top screen I can Mo do it matter USC on top South Carolina bottom left I could see like one player on the screen okay move [Applause]
hcl_ivey_dwan_garrett_dense_072,https://www.youtube.com/watch?v=bG7K_zq0MoQ&t=11354s,11354,11564,needs_manual_verification,"Trasher I here with sevens going to raise over the top of some lims with six4 clubs Dr Eli calls with eights luy's in there and we've got our about $11,000 pot here going for [Applause] Wes I go and lucky SLO the best of it here with ace5 just whole lot of nothing Dylan not going to see B [Applause] here 44 [Applause] 4400 [Applause]"
hcl_ivey_dwan_garrett_dense_073,https://www.youtube.com/watch?v=bG7K_zq0MoQ&t=11478s,11478,11688,needs_manual_verification,clubs so I think we're going to see this go to the Flop at least and here we go re bet by Garrett out of position bery in there with Jack ten of clubs a jack five Mayweather versus javante Davis who who do you have Mayweather yeah he can take a punch jaon can Dude that'd be a that'd be a easiest fight easy fight for Garrett's going to bet one third here now bery has a piece he can get he never been knocked out he got catch he will continue tou his two knocked out the fight he got a strong turn i
hcl_ivey_dwan_garrett_dense_074,https://www.youtube.com/watch?v=bG7K_zq0MoQ&t=11636s,11636,11846,needs_manual_verification,or something was pocket aces and Phil iy has a king C off versus button but Ivy does not put the three B in he just calls what we could have seen Ivy just on here with a why do you think I got a bring in lucky and Eli it's definitely not standard L position so four [Applause] ways and lucky is the only one that flopped a piece of this with a nine yeah iy just [Applause] folds so lucky here with the nine in a back door Spade draw picks up Spade yeah
hcl_ivey_dwan_garrett_dense_075,https://www.youtube.com/watch?v=bG7K_zq0MoQ&t=11778s,11778,11988,needs_manual_verification,1500 Matt's going to raise it up here 1500 dur dur coming in there 53 of clubs and Ivy's got Ace King again and this time he doesn't squeeze a dead call it went Ray's call and he's called again with Ace King this is a little bit different cuz he had dwan calling in between but another flat with Ace King you show me your yes and bery here with king queen is Flo open-ended and Dr Eli with top pair Dr Eli with top two oh jeez top two yeah top two Ry does not see bet and everybody checks around and 
hcl_ivey_dwan_garrett_dense_076,https://www.youtube.com/watch?v=bG7K_zq0MoQ&t=11921s,11921,12131,needs_manual_verification,enough that it makes sense iy here going to get three bet by Garrett with dece Deuce Garrett not going to Flat the dece deuce now and Ivy's just getting away from it that a second thought STR on the button or uh anywhere about the [Applause] button it is not Paul fo some people say that live CH yeah that would be
hcl_ivey_dwan_garrett_dense_077,https://www.youtube.com/watch?v=bG7K_zq0MoQ&t=12042s,12042,12252,needs_manual_verification,turning his end into a bluff or is it just a call he just called again with AI wow so sick river is an eight and that actually Lu he's going to give up well yeah he gives up and Dylan makes a huge call on the turn wow that's so sick well you had the right idea lucky but you gave some type of information I guess right it's a bad River card too BL I mean it just it's kind of crazy to Bluff that that card at the end people are going to slow down a lot too confusing 30 oh you broke my heart I wonder
hcl_ivey_dwan_garrett_dense_078,https://www.youtube.com/watch?v=bG7K_zq0MoQ&t=12199s,12199,12409,needs_manual_verification,berky going to raise it up here 2500 A4 diamonds do you know the I know the movie but did you hear Lu are also in no so they built a a regulation field like a 150 yards away from the original field and had planned to have like one game there a year during co uh was postponed Etc and they picked two random teams and this year was Inc they had like starting AI the players walked it onto the field to the corn fields really and uh it was just like the most incredible baseball game I've ever seen lik
hcl_ivey_dwan_garrett_dense_079,https://www.youtube.com/watch?v=bG7K_zq0MoQ&t=12310s,12310,12520,needs_manual_verification,limps I was waiting for you to fire the river you [Applause] l no Chris is going to turn a hard draw here and he's going to bet I like it's get a little interesting because I think I's going to call and out short really great can I see can I see menu and there is the gutter the bottom end of it
hcl_ivey_dwan_garrett_dense_080,https://www.youtube.com/watch?v=bG7K_zq0MoQ&t=12462s,12462,12672,needs_manual_verification,tea and lucky continued to call hospital turned the king yeah turned the king check call the D just gave up at the end yeah so quick there yeah it went fast um like the short answer is yes I used to be really hard on myself about everything and now I'm like way more chill yeah I got out of short I got out of the self-loathing aspect and I started like it's not really punishment but if I if I like binge on sugar or something I'll just like force myself to fast for a day and a half yeah so you don
hcl_ivey_dwan_garrett_dense_081,https://www.youtube.com/watch?v=bG7K_zq0MoQ&t=12664s,12664,12874,needs_manual_verification,yeah whoa Lucky's going to check race here on a three on the turn see if Garrett's going to put it together went check back on flop yeah lucky is out of position here and Garrett is going to continue here Lu just gave up lik the bomb to turn and give up in the river I don't know if it's the greatest strategy spray on the pan no I mean some some really gross and I was just eating them for like months or whatever and I I wasn't feeling great and then I started noticing like if I don't eat the eggs
hcl_ivey_dwan_garrett_dense_082,https://www.youtube.com/watch?v=bG7K_zq0MoQ&t=12755s,12755,12965,needs_manual_verification,"ly flop bottom too so lucky with bottom two and Garrett has an over pair see some see how how's lucky going to play 150,000 just call I eat it every day for a month or two and then I just 2.5 call and Dylan here with top pair as well D's pretty quiet think he's getting crazy ideas here no he's just going to call well you wonder if Lucky started putting some money in if he get more action here he's got the best of it right now and he fills up on the turn fills up on the turn but Garett has to be "
hcl_ivey_dwan_garrett_dense_083,https://www.youtube.com/watch?v=bG7K_zq0MoQ&t=12856s,12856,13066,needs_manual_verification,"in so Garrett's going to be getting about 35,000 call for 91k but really not the best River here for [Applause] Garrett wonder if uh Luck's going to never bluffing here huh step into it and start talking never fold down I know that's what I'm leaning heavily towards just want to think about it f give me the money I'll take the I'll take the 15 I'm happy you're going to get this either [Applause] way hold on wait huh I didn't say anything I said you're about to get all this money either way that'"
hcl_ivey_dwan_garrett_dense_084,https://www.youtube.com/watch?v=bG7K_zq0MoQ&t=12947s,12947,13157,needs_manual_verification,had actually raised there yeah he would have made more for sure unfortunately for him he get like a red de at the end and [Applause] he luy you cracked me up man huh you're funny dude maybe take it easy on me man B all he win 400 qus are straight great camera shot h y absolutely Jack Patrick Curran thank you for the camera shots doing a great job buddy production Team all of you guys and GS no idea this first time I ever Ste this place oh I'm sorry I cuz you never know could be like a big game h
hcl_ivey_dwan_garrett_dense_085,https://www.youtube.com/watch?v=bG7K_zq0MoQ&t=13141s,13141,13351,needs_manual_verification,call luck he's gonna win another one off [Applause] so Garrett you're the you're the only California local here uh CH I live where you where are located what about yourself Manhattan Beach Manhattan Beach oh it's awesome there 100 a lot of a lot of action over there in Manhattan Beach South South Bay is where I would want to live 2000 I love I love um Palace veres pal ver is legit I'm a big Runner so I run bike and
hcl_ivey_dwan_garrett_dense_086,https://www.youtube.com/watch?v=bG7K_zq0MoQ&t=13416s,13416,13626,needs_manual_verification,he generally does in this position or is he just going to call looks like he's just going to call but what he that's his thing goes up to 5K it's got to be couple months old and of course if you picked up on night put a lot of pressure Hotel in San Francisco I's just going to call a hotel here in an eight here Chris is going to just check it back give him a free one wow iy's just going to give [Applause] up I'm
hcl_ivey_dwan_garrett_dense_087,https://www.youtube.com/watch?v=bG7K_zq0MoQ&t=13553s,13553,13763,needs_manual_verification,"you have to watch is bman Heist one so great D hits a nine on the turn little check there by ivy with the over pair and D's going to bet out here 3,000 Ivy just a call so here we go with these two these two legends Ivy versus dur [Applause] river is a four be interesting because I think dwan's going to go for a little value let's see what Ivy [Applause] does 8,000 that might just be a call here from"
hcl_ivey_dwan_garrett_dense_088,https://www.youtube.com/watch?v=bG7K_zq0MoQ&t=13658s,13658,13868,needs_manual_verification,"going to bring it in here for a raise [Applause] think Jacks not a chance ja this Chris going to defend and all of a sudden we get a huge pot going or over 10,000 because of this double straddle here just single raise and a [Applause] call Queen Jack Jack 98 couple Hearts so Dylan with top pair chush has middle there Dyan also with a gutter to a 10"
hcl_ivey_dwan_garrett_dense_089,https://www.youtube.com/watch?v=bG7K_zq0MoQ&t=13822s,13822,14032,needs_manual_verification,doing I bet it would even feel aw for you Chris going to bet a six and luy here who limed him with Jack 10 has the best of it with top pair and look at Garrett here he's going to raise with King eight Texas A&amp;M isn't too bad this year and chish is going to continue yeah that's lucky too yeah and lucky continues as well so Garrett tries the bluff and gets two calls little does he know probably if he fired again here he' win I cannot say for sure he would win with lucky with second pair but he
hcl_ivey_dwan_garrett_dense_090,https://www.youtube.com/watch?v=bG7K_zq0MoQ&t=13954s,13954,14164,needs_manual_verification,"check lucky going to call with eight High here you guys do stuff together like marketing well if berky keeps barreling this this is going to work it has to work yep 15,700 okay you win but if you make it 18,000 I call nice weird you every table they required to wear mask I haven't been to sh in a long time I guess we have glass protect you know Hong Kong and maau I don't know if it's say it again Mand here I don't"
hcl_ivey_dwan_garrett_dense_091,https://www.youtube.com/watch?v=bG7K_zq0MoQ&t=14044s,14044,14254,needs_manual_verification,the strle is he going to squeeze no he just going to call Garrett opens here with King Jack of clubs out of the small lne S bery with three to a straight flush and overcards he's thinking about it to get Garrett behind him maybe he's thinking about raising here looks like he is well lucky with top pair and a gutter right that's right I don't think Luck's going anywhere going anywhere yep berky rais him with the back doors and a
hcl_ivey_dwan_garrett_dense_092,https://www.youtube.com/watch?v=bG7K_zq0MoQ&t=14174s,14174,14384,needs_manual_verification,that's just about all he beats is 43 and yeah I didn't know if Lucky would bet two pair but if he does then he doesn't beat much here if you're pair what do you have I have a 10 it's no good I'm take a bite of my food I think he's hurting himself when he continues to do this Phil entertaining Phil a little bit per getting five to one here know the last time he did this he had the
hcl_ivey_dwan_garrett_dense_093,https://www.youtube.com/watch?v=bG7K_zq0MoQ&t=14276s,14276,14486,needs_manual_verification,like lucky all the different hands he could the button yeah that makes sense but like you said Bart besides the obvious was it 3 four what else is he beating 22 they getting a little Loosey Goosey going to open it up here with 10 de three clubs and Dylan here with a weak Ace is going to defend in the straddle go back we've seen Dylan definitely call down with a high before so let's see if he's going to do it here against dur from out of position doesn't have a good Ace I've been watching stor bu
hcl_ivey_dwan_garrett_dense_094,https://www.youtube.com/watch?v=bG7K_zq0MoQ&t=14459s,14459,14669,needs_manual_verification,clubs here so Tom dwan completing out of the straddle drills the nuts he gets checked around now there's a oneliner to a three but no one has a three unfortunately for dur a ginger ale the things that you dream about if someone has a three here he's still going to get action here though sticky sticky lucky lucky lucky lucky catch a three here to chop uh number three I think is the the last EDC they've had it was like 10:30 I think it was UHS or whatever okay about so um number one for sure Porte
hcl_ivey_dwan_garrett_dense_095,https://www.youtube.com/watch?v=bG7K_zq0MoQ&t=14823s,14823,15033,needs_manual_verification,raising it up with poad deces Juan just Flats the button with ace4 suited he's not going to go anywhere my favorite SL I saw them was at um Hangout Festival in Alabama Hangout Festival yeah so what they do is you know the golf stores in Alabama between Florida and Alabama There's this whole strip of the gulf and it's a bunch of beaches what they do is they take over two of the beaches and they put the entire Festival up on the beach so on one side is the water and then you got a bunch of stages 
hcl_ivey_dwan_garrett_dense_096,https://www.youtube.com/watch?v=bG7K_zq0MoQ&t=14969s,14969,15179,needs_manual_verification,"saying chish on the button with 10 between 10 Hearts nice little hand going to raised to 1.4 what up bro how you doing [Applause] well 97's open-ended here from Dy Chris drills trips he's going to play it's going to slow play it and there's a straight and 97 checks again here so I could imagine the Dylan's going to go for a check race here Nick so this could get big I mean it really depends on the amount so Chris checks back trips M now he bets the turn, 1400 got to think Dylan's going to go for"
hcl_ivey_dwan_garrett_dense_097,https://www.youtube.com/watch?v=bG7K_zq0MoQ&t=15070s,15070,15280,needs_manual_verification,and a half of the show when he back raised with pocket threes free flop had E King suited and they ran it once and ace high won it's weird man he just had that dirty thought look in his eye Bo got counterfeit yeah double paired who lost I don't know trying to think about who lost the somebody um yeah
hcl_ivey_dwan_garrett_dense_098,https://www.youtube.com/watch?v=bG7K_zq0MoQ&t=15274s,15274,15484,needs_manual_verification,things going on here obviously the board favors him he's definitely going to bet obviously we're going to see chrish [Applause] continue there's a spade here for berky see if he continues to apply pressure [Applause] here fr's kicker no longer going to play with the pair of nines out there too I think this is a spot where people will kind of start to over fold Nick because they were like well am I just calling a chop yeah 15K here so Burke with a full
hcl_ivey_dwan_garrett_dense_099,https://www.youtube.com/watch?v=bG7K_zq0MoQ&t=15410s,15410,15620,needs_manual_verification,flushers like King and Jack 10 my opinion this is a call but well it looks like ra no he called oh he just did call oh okay a just a call so funny everyone's like reaching out to me about this weird yeah is seen that's the end yeah just like his top hair it popped up on like bleach ESPN like I'll just look it up I don't have my phone didn't you just smack his hand or didn't that guy just smack his hand out of his face oh that's what it was just gave a lot back of his winnings on the 10 uh
hcl_ivey_dwan_garrett_dense_100,https://www.youtube.com/watch?v=bG7K_zq0MoQ&t=15656s,15656,15866,needs_manual_verification,way so D's going to bring it in for a raise here and Garrett just flat calls on the button King jack off he's usually going to do a fair amount of three betting take that one and call and going to see the blinds come in look I saw I saw the story briefly and Garrett drills trip Jacks here once you got you got to slow down doesn't look like anyone really has any on wait what do you mean when you get in the NBA the NBA you got to slow down the spending like you're they're used to spending so much 
hcl_ivey_dwan_garrett_dense_101,https://www.youtube.com/watch?v=bG7K_zq0MoQ&t=15763s,15763,15973,needs_manual_verification,Garrett had a hand like five or six fing on the Buton and maybe he would fold on turn not thinking that Garrett was going to have a jack there FL calling but obviously doesn't even really matter how much you like poker if you go to playing like games much worse and much smaller you can't really give a [Applause] right this top three just in general yeah like if you play one level and then you start playing a game much smaller it's hard to car you know [Applause] yeah um I don't know I don't know
hcl_ivey_dwan_garrett_dense_102,https://www.youtube.com/watch?v=bG7K_zq0MoQ&t=15856s,15856,16066,needs_manual_verification,"what durr's going to do there's a call where if we see some Diamond here on the turn oh the turns a king the turns a king and Garrett makes the hidden nuts here dur with Jack Jack and he can't really be scared of King King no three bet pre flop and you wouldn't even think Garrett has Ace Queen here just a run good 5,000 here from this might be is going to make a move too I'm sure he had planned on check raising at some point but now he's just going to call so he obviously has outs and the river "
hcl_ivey_dwan_garrett_dense_103,https://www.youtube.com/watch?v=bG7K_zq0MoQ&t=15984s,15984,16194,needs_manual_verification,sign of strength I think personally speaking you got to make that that raise and decision before you put the time chip in I I don't know how I see it again this is a single rais pot Garrett flattered the field dur check called The Flop check called the turn and he's made quads on the river he's checked the river Garett is back make a massive over massive TR trying to get a read here he's got those 5K chips out no defense score I think the bigger he goes the better chance he has of getting called
hcl_ivey_dwan_garrett_dense_104,https://www.youtube.com/watch?v=bG7K_zq0MoQ&t=16116s,16116,16326,needs_manual_verification,seen aigg I also don't think Nick dur would ever turn just one Jack into a bluff sometimes we see that on flushing boards where somebody will turn trips into gra a full house I think he would just check call down call so I think he can take that out the fact that dur ever has trip Jacks here [Applause] only especially when Garrett over bet the river I think that would be a square call for danan with like a hand like Queen Jack going to have to go to another time chip this is this is a big this t
hcl_ivey_dwan_garrett_dense_105,https://www.youtube.com/watch?v=bG7K_zq0MoQ&t=16248s,16248,16458,needs_manual_verification,know it's just so strong when dur check raises the overb by Garrett bet 25k in 50 [Applause] do I think I think Garr himself into this go [Applause] right fold oh and he F he goes I'll just pay him and then he says fold goat versus goat what a fold by Garrett well we saw him make an incorrect fold last night but here he makes the correct fold and I I think if he had used smaller River sizing instead of the overb he would have more likely been to
hcl_ivey_dwan_garrett_dense_106,https://www.youtube.com/watch?v=bG7K_zq0MoQ&t=16350s,16350,16560,needs_manual_verification,"takes one push let's go I got 23,000 probably just going to jam it all in Ace H hand I mean I think that if that hand plays out as a three betat pre like I said Garrett does 95% of the time St might get in there yeah yeah Ted doesn't feel good I [Applause] understand other than that I'm out performing all you guys lucky here with Kings he's going to limp in balanced limping range cuz he's limping with a lot of hands he might get somebody to try to ISO raise him and"
hcl_ivey_dwan_garrett_dense_107,https://www.youtube.com/watch?v=bG7K_zq0MoQ&t=16452s,16452,16662,needs_manual_verification,"possibly do something crazy here 23,000 yeah oh just a call just a call so a bet and a call 83,000 the r fourth Club unbelievable it runs out four clubs and Dylan's still going for Value off chips D how much is it no need 28,000 no straight flushes out there no sets King of Clubs is the nuts he's going to want to puke when when lucky puts it all in what you got look how deep they are I really think this hurts him when he starts this what do you got yeah this is come on 28,000 talk like that do t"
hcl_ivey_dwan_garrett_dense_108,https://www.youtube.com/watch?v=bG7K_zq0MoQ&t=16546s,16546,16756,needs_manual_verification,another club out there you bet the river fold your hand I'm I'm going to I said don't put another club out there same time yesterday this guy's got a garbage hand with a club what did you have I have a flush on the turn I'm taking all your money well now you fo I'll take your money I'm taking all your money but I'm GNA use the time clock if you need to think I'll give him one guess what you're not capable of offing all right thanks man well just like we thought I cosigned the guy who DM
hcl_ivey_dwan_garrett_dense_109,https://www.youtube.com/watch?v=bG7K_zq0MoQ&t=16642s,16642,16852,needs_manual_verification,"got a nice value bet yeah damn this is good TV isn't it I love you J coming in Sev I made a 177,000 that was cool with I was trying to win the blind two are going to go again here after dur won that hand with quads and Garrett made the unbelievable lay down had a sweet King king83 so not the best flop here for either player Garrett here with some back door straight draws he's going to [Applause] call"
hcl_ivey_dwan_garrett_dense_110,https://www.youtube.com/watch?v=bG7K_zq0MoQ&t=16768s,16768,16978,needs_manual_verification,what wow you okay I am so pissed about that River bro you know uh bery has really disciplined the last two days not the M ber that uh sometimes you see Mickey got me then after I lost he he blew up and gave yeah and winning was he playing today uh he wasn't got he's a he's the world's fourth largest bck player or [Applause] something if he's not Chinese that can't be true he CLA he makes like uh maybe outside China to1 million bets apparently he's all he has an Instagram that he we he does that 
hcl_ivey_dwan_garrett_dense_111,https://www.youtube.com/watch?v=bG7K_zq0MoQ&t=16901s,16901,17111,needs_manual_verification,do you define energy that when you got the nuts on the river and someone bets in about like his conversation's good that's that big dick energy he's looking for what big dick energy oh my goodness 1200 W see another raise by dwan this time queens and another flap by Garrett with a pair so these two are ated again ber coming in too so three ways between dur Garrett and bery here dur with queens and berky's flop top two so we got an over pair here against top two 1093 and dur is gonna check and Ga
hcl_ivey_dwan_garrett_dense_112,https://www.youtube.com/watch?v=bG7K_zq0MoQ&t=16996s,16996,17206,needs_manual_verification,"check thinks that like a Jack X might FL and obviously this is clear value bet here for Tom got you dog it's part of the game winning and losing like come on you win 100 lose 100 on 8,000 [Applause] here one I think Berk's going to flick in the chip [Applause] here Y and chock up another one for dur what a sick flop Che I wish I had bet it yeah you would want way bigger [Applause] P he sorry you back yeah all right yo"
hcl_ivey_dwan_garrett_dense_113,https://www.youtube.com/watch?v=bG7K_zq0MoQ&t=17424s,17424,17634,needs_manual_verification,"watching these guys with Millions like how the hell Berk's going to bet in a very quick call here chrish calls down for 16,000 16,000 at the end a full pot siiz bet berki with a nice value bet there with the 108 you know the chips they're like plastic they're blue white red what do you mean you just buy them bicycle $6 $7 it's all that's all you Lauren to you going the 400 thank you"
hcl_ivey_dwan_garrett_dense_114,https://www.youtube.com/watch?v=bG7K_zq0MoQ&t=17533s,17533,17743,needs_manual_verification,pot get a home run one time oh chrish is going to call with Jack tenah Hearts next to act here could be a little bit on [Applause] tilt turn is in eight and chish now turns open ended there we go I told you I told you it's going be a home run look at and dwan's going to take a card river is a nine either player with a pair and I think the first one that's going to Bluff at it's going win and I think Christian incredibly represent he's got a nine here and he'll win
hcl_ivey_dwan_garrett_dense_115,https://www.youtube.com/watch?v=bG7K_zq0MoQ&t=17624s,17624,17834,needs_manual_verification,bro Garrett here on the button bring it in here for a race to [Applause] 1200 luy swap the flush draw here we've seen a lot of this from these two h b going at it all night Garrett's got some back doors here with his King Queen of Diamonds turn is a nine now lucky with a nine Garrett does turn though a gut her check check he takes a card 100 and a little oneir bet here by lucky and I can actually see all three options being open here for
hcl_ivey_dwan_garrett_dense_116,https://www.youtube.com/watch?v=bG7K_zq0MoQ&t=17806s,17806,18016,needs_manual_verification,are 100 big lines everyone's super studied up yo got to fold every hand yo quit eating your eggs if no one can answer it no one can answer the question I no I'm just telling you I can answer the question what's yours me SE us three the spots you three are on the sharks I'm a spot luck he said I'm not a spot or is that chrisan not a spot but I mean like I don't even know if this is what Tom's saying it's probably not but I don't really look at someone as good or bad it's I don't see as black and 
hcl_ivey_dwan_garrett_dense_117,https://www.youtube.com/watch?v=bG7K_zq0MoQ&t=18000s,18000,18210,needs_manual_verification,"call tell there there's a three bet mid defend check check turn here is a seven I want to pay you money to River is a here, I don't know it was just a call by Garrett in the small blind did not fre bet off now Dylan's going to go for some value Garrett's going to release thank you nice to win one still Hur you your back back in the day when was back in"
hcl_ivey_dwan_garrett_dense_118,https://www.youtube.com/watch?v=bG7K_zq0MoQ&t=18170s,18170,18380,needs_manual_verification,the hand you want to play and you're like oh got to fold it again got you know like I always like playing way more hands than I should I don't care if I'm losing small on but limp in here with a jack of diamonds is he going to limp toring a lot up see a couple of these guys limp raay out of the blinds like they're going Lim with a lot of hands and you can't just are so good in China now they're not that good I mean like your guys game is good but I'm sure if I asked maybe I could get one or two 
hcl_ivey_dwan_garrett_dense_119,https://www.youtube.com/watch?v=bG7K_zq0MoQ&t=18291s,18291,18501,needs_manual_verification,thank you check out check out our YouTube channel too I take calls for hands over on Crush live poker it's pretty fun sweet have me call in a hand one time let's do it oh no no it's not like it's 3 hours so but that means all the chat no uh here going to raise it up with pocket Force yo can you guys mute that that I said the last minute uh too late no they they turned it down cuz we didn't hear yeah I heard him oh you did I was listening can you I was interested in what he was saying done I forg
hcl_ivey_dwan_garrett_dense_120,https://www.youtube.com/watch?v=bG7K_zq0MoQ&t=18443s,18443,18653,needs_manual_verification,"from Lucky to 4,000 and Dylan just Flats the button with Queen Jack and diamonds and Dylan here has flopped the flush draw these two love to seem to go at it Lucky's just checked I don't know if this is going to be enough for him to continue though 5300 5,300 yeah he's just going to get away from [Applause] it again if you're new to the show we stream cash games every Monday through Friday for five hours 6 hours on Friday and then of course we have special shows like this one yeah where we'll go"
hcl_ivey_dwan_garrett_dense_121,https://www.youtube.com/watch?v=bG7K_zq0MoQ&t=18542s,18542,18752,needs_manual_verification,"call what is that how bet I think lucky gave him a blind bet here Nick yeah a blind 4,000 on the turn it's an ace so that's kind of interesting here dwan's just going to call and I assume dwan is setting up a River Bluff if it gets checked no purpose other than that what a terrible card though horrible y I think I think 6 is going to have to give up I think the worst card ever I think because lucky blind bet and then the ace came Juan was going to call and bomb the river if checked to but not on"
hcl_ivey_dwan_garrett_dense_122,https://www.youtube.com/watch?v=bG7K_zq0MoQ&t=18632s,18632,18842,needs_manual_verification,lucky hasn't started telling him to call he called he called what' he call with he called with with what with nine High I I don't understand it he called with nine high he must put him on like 3 four or something like that he called with nine High here I don't know that's it's either a level I'm not I mean that is unbelievable that's a high stakes poker call nine high he called with nine High um very rarely speechless which is probably a good thing for everybody I mean it's got to be he just tho
hcl_ivey_dwan_garrett_dense_123,https://www.youtube.com/watch?v=bG7K_zq0MoQ&t=18723s,18723,18933,needs_manual_verification,there the way the hand down the worst he he blind the turn and he to bet the riv is that the game that's like 50 100 win uh that only happens when it's like 124 I mean if you're going to do an interview do it on that hand the thought proc you come it's not 50 100 ever when I come it's not 50 lucky you just demands the stakes are double 200 what is standing me it's a pretty good game a you a everyone starts standing you only sit after you one top and then they play actually one of my biggest um p
hcl_ivey_dwan_garrett_dense_124,https://www.youtube.com/watch?v=bG7K_zq0MoQ&t=19040s,19040,19250,needs_manual_verification,"everything so almost 50,000 in the pot here this three bet pot like Garrett's going to go for full pot here 50,000 there's no way that dur can continue and there's one for Garrett any hands up so I get a couple announcements here that ryed to runs like a normal game flop but your hold them hand split up hold them hands play against hold them hands and we're going hours tonight how you split it actually the so we've got four more hours but heads up is probably not that good right it's better bett"
hcl_ivey_dwan_garrett_dense_125,https://www.youtube.com/watch?v=bG7K_zq0MoQ&t=19156s,19156,19366,needs_manual_verification,"starting over 200,000 7,000 pis going have bet 7,000 now Stinger we saw lucky fold top top about a half an hour ago but he's going to continue oh he's going this in the dirt Trick me oh the river is just so bad for chish runs out really one L to a straight here set [Applause] up how 84 is still going to bet he's going to 8,000 here he's not scared of the straight I mean he might get paid was tough I lived ins though I just re streets with trip"
hcl_ivey_dwan_garrett_dense_126,https://www.youtube.com/watch?v=bG7K_zq0MoQ&t=19253s,19253,19463,needs_manual_verification,"way when when the board comes you know I think splitting after the Flop might be better or sorry before the Flop I mean well it is splitting before the Flop no I'm saying after after before the oh that's interesting 400 2000 call well good news is real to be changed people made that up 2,000 yeah you ow 400 for oh right you made it you made a 200 cool so berky's going to open here we got an 800 straddle going going to open to to the 2K with clean n of D gar calls in between with four five of"
hcl_ivey_dwan_garrett_dense_127,https://www.youtube.com/watch?v=bG7K_zq0MoQ&t=19382s,19382,19592,needs_manual_verification,"pocket fours maybe A4 maybe A9 bet 50,000 big over bat is just done with it it's a split box where you actually have to use all the cards in your hand making some things happen essentially make uh whatever's remaining to make a hold them head and you have to look at the bottom uh these flip rot is where the number of points in your hand that's left so if you have only two cards left you or only one card left then you're going to win uh the second pop does that make sense mean there are some guys"
hcl_ivey_dwan_garrett_dense_128,https://www.youtube.com/watch?v=bG7K_zq0MoQ&t=19474s,19474,19684,needs_manual_verification,has an ace A6 in the third BL 4600 and Dylan here going to go 4600 as a cab bet let's see what dur does just a call and we know that Luck's going to come come on in and he does turn is the case Ace that is bad news for Lucky dur is full and lucky has trip Aces and lucky and dur is going to check it back he does not bet so obviously this is going to go bet Rays at the end 7300 7300 here from lucky and now it's just a question of
hcl_ivey_dwan_garrett_dense_129,https://www.youtube.com/watch?v=bG7K_zq0MoQ&t=19575s,19575,19785,needs_manual_verification,that thing with lucky though is if he had just a 10 he might still call the turn a decent bet so I think against that particular player you might want to go every street sure and of course dir doesn't know NE I mean he's only seen Lucky from what we've seen right there you go whatever you want should be don't fold you're the eight that's true yeah I think uh Tom left some money on the table there 2500 berky with Jack here Garrett 2500 bery going a three bat Dylan here king
hcl_ivey_dwan_garrett_dense_130,https://www.youtube.com/watch?v=bG7K_zq0MoQ&t=19729s,19729,19939,needs_manual_verification,"have away D squeez here out of the straddle had just in but he's going to call like a gargantuan task but they clearly have a way right sevenk and Tom here has a back door flush dra back door straight Dr he going to start a bet Dylan here with bottom pair these two had a $200,000 pot all in Pre flop earlier in the night Dylan continues and dur picks up his back door [Applause] 19,000 there it is W structured"
hcl_ivey_dwan_garrett_dense_131,https://www.youtube.com/watch?v=bG7K_zq0MoQ&t=19831s,19831,20041,needs_manual_verification,leave but res should be here by then Dylan's going to call got lucky and dwan are in there too so four ways Garrett with Kings D West Hollywood oh yeah and Gary checks back the overpair and drill toop set seen a lot of overair checks yeah so cool nobody has anything this hand though check check Che do you have a good Garett checks again yeah yeah yeah I know the owners you want to come by tonight just stop by and I'll introduce you checks again checks my name one time I had a table there was no 
hcl_ivey_dwan_garrett_dense_132,https://www.youtube.com/watch?v=bG7K_zq0MoQ&t=20037s,20037,20247,needs_manual_verification,him so Chris here still with top pair checks the turn by the way let's get the open I think Rick Solomon you 8700 here from lucky with bottom pair I think that's probably going to get dwan out of there but I don't think Chris is going anywhere seen a lot of Limp Hots here tonight y7 too many luy only uh right right around right around a little less than half it's a lot of games I think that's a good number though I like that have a lot of fun at the game yeah it's F CH is going to do that thing 
hcl_ivey_dwan_garrett_dense_133,https://www.youtube.com/watch?v=bG7K_zq0MoQ&t=20445s,20445,20655,needs_manual_verification,"call 3200 where did the 800 come from I Str I have to strle great 20,800 whoa and Chris's limp reraised here to 20,000 with 95 offit takes it down wi all the win all you made a 20,000 it's not full what are we doing is it my button then or no"
hcl_ivey_dwan_garrett_dense_134,https://www.youtube.com/watch?v=bG7K_zq0MoQ&t=20722s,20722,20932,needs_manual_verification,40000 no River this [Applause] time I'd be so much more content if you did flop it to be fair the AG had a hard time pretty much flopping [Applause] Che and chish has backed into a [Applause] straight thank you and here we go buckle your seat belts resa is in the game how about a couple of big matchups between how much you in for Resa and Tom
hcl_ivey_dwan_garrett_dense_135,https://www.youtube.com/watch?v=bG7K_zq0MoQ&t=20923s,20923,21133,needs_manual_verification,"chips here too so D's going to open on the button it's going to get called here by Garrett lucky and [Applause] Reza R's cards are not registering now but he's going to lead right into dur I don't know if durr's seen a player like this four 2400 Luck's going to make a call here with a [Applause] four lucky now [Applause] open-ended res is going to bet here after checking back the turn 6,000 thank don't know what he has I he's going to f"
hcl_ivey_dwan_garrett_dense_136,https://www.youtube.com/watch?v=bG7K_zq0MoQ&t=21047s,21047,21257,needs_manual_verification,diamonds here and Garrett flop top pair Thomas actually the opener Garrett flatted with a 108 might have had that backwards but Garrett here with top two pair with 108 Berk's going to call here with the three a back door draw so Garrett with top two ber here with off sounds like a good group they're really good group really you know him a long time you know time reasonable all like same one group or a few group one eight it's a lot 8 most of our friends are at EDC right
hcl_ivey_dwan_garrett_dense_137,https://www.youtube.com/watch?v=bG7K_zq0MoQ&t=21157s,21157,21367,needs_manual_verification,"[Applause] 11,000 and berky going to thre bet the King Nine off here against luy's much okay all it's an easy way to get me to check that's put in all the [Applause] chips 800 800 800 800 on the yes they changed the rul yesterday we just let Mickey do it goad cool go ahead nobody cares"
hcl_ivey_dwan_garrett_dense_138,https://www.youtube.com/watch?v=bG7K_zq0MoQ&t=21247s,21247,21457,needs_manual_verification,straddle resel with King 10ub 5000 the call Jack versus a gut shot Europe Ceramics he said they're not Ceramics they injection molding I was still correct myself Lu's going to be really paying attention value with the jack that that one was for you Greg so I guess you're the guy when casinos want poker chips they should ask huh I'm getting for full design made not built but we're only going to do 500 enough uh they don't want to change out
hcl_ivey_dwan_garrett_dense_139,https://www.youtube.com/watch?v=bG7K_zq0MoQ&t=21344s,21344,21554,needs_manual_verification,all that is not disposable Lucky's going to raise him here everything else is not mine uh and I don't think he's coming back wow look at this dur is going to continue with East 10 all Dy but like yeah to the small R is coming back he is okay where did he go oh he's coming back think the sh I thought he said he was done luy is going to bet here on the turn and he'll take it down saw lucky fire in three streets decid he got the is than the dealer said that Dylan is coming back where's Eli Eli El y
hcl_ivey_dwan_garrett_dense_140,https://www.youtube.com/watch?v=bG7K_zq0MoQ&t=21445s,21445,21655,needs_manual_verification,"7,000 from chish res is going to call and there's the diamonds Resa makes flush you got his information Chris is going to continue to bet here 13,000 13,000 here with E9 and how's res going to play it you're in trouble oh I want it two men on nobody El they about to get a double they got a triple play call 13 just a call in 50,000 to the river River's a queen first three bet this hand out of the B and he's still going to"
hcl_ivey_dwan_garrett_dense_141,https://www.youtube.com/watch?v=bG7K_zq0MoQ&t=21552s,21552,21762,needs_manual_verification,"$134,000 pot very surprised that chrish bet all three streets here 10 seconds adding one minute Chris is going to use time extension again it's 30 seconds for action but players get one minute time [Applause] extensions kind an instinct I call and he makes the call right away Reza is going to win $178,000 pot and double through chish one of the biggest pots we've seen here so far tonight"
hcl_ivey_dwan_garrett_dense_142,https://www.youtube.com/watch?v=bG7K_zq0MoQ&t=21687s,21687,21897,needs_manual_verification,1500 so berky going to raise it up here here with pocket [Applause] whole [Applause]
hcl_ivey_dwan_garrett_dense_143,https://www.youtube.com/watch?v=bG7K_zq0MoQ&t=21831s,21831,22041,needs_manual_verification,"triples wow chrish putting in the $1,600 straddle well I know you had just walked in at the end there but boy what a hand was not expecting chish to call down there and we talked about that who doubled through chrish Rea oh Rea yeah we talked about that that tilt Factor Nick that can come into play yeah yes and I missed the hand because like you said I just got back what did uh Resa had a flesh and what did chish chrish just had Ace n he just had one pair he squeezed out of the blinds and bet al"
hcl_ivey_dwan_garrett_dense_144,https://www.youtube.com/watch?v=bG7K_zq0MoQ&t=21977s,21977,22187,needs_manual_verification,no limit 5000 and look at this dur here just making the call with the ace T of diamonds and we're going to see a squeeze here from lucky with Queen Jack and the chips are flying around now yeah it's heating up 5K from Lucky four-way action times five here we go two queen Jacks Ace 10 and two queen Jacks drill the nuts wow lucky and Reza both have the nuts chish is going to bet here with Queen eight and dwan's going to be let off the hook chrish leads into the three better and Lucky's not slow pl
hcl_ivey_dwan_garrett_dense_145,https://www.youtube.com/watch?v=bG7K_zq0MoQ&t=22077s,22077,22287,needs_manual_verification,"was raise by Lucky yeah we by Resa I hate seeing it and chis forbat all in yeah I got to go yeah it's a blow up but we talked about it well I think it comes back to that East 9 we talked about it yeah yep unbelievable I was absolutely not expecting that so Reza going to add to his stack I mean they're just lucky and res are going to make half of Chris's stack that's a lot Chris had 138,000 yeah re's up 147,000 in one orbit in one orbit he's up 147,000 for preza man 67 one"
hcl_ivey_dwan_garrett_dense_146,https://www.youtube.com/watch?v=bG7K_zq0MoQ&t=22185s,22185,22395,needs_manual_verification,"kids you coming back where's the button the butt re are creeping up into the number two spot lucky up 119,000 by the way bery up 87 Tom you want a hand or now Chris Dylan and Garrett in the negative I don't think Tom smoke what a time for Dylan to leave the game now one of the dealers had said that he was coming back I don't know if that's true or not but 265 just knew that FL was coming huh I just building the pot I knew once he didn't make it 20,000 they always was calling no one had aces like"
hcl_ivey_dwan_garrett_dense_147,https://www.youtube.com/watch?v=bG7K_zq0MoQ&t=22395s,22395,22605,needs_manual_verification,got B's going to bet here at King for Value take dwan a little bit to Value town you guys nice meeting youis good you use your already and there's this really Ron in the background there I have no idea what he's going to buy in for usually doesn't play this high but he's coming oh you get a full six every two hours so we got isra Ron coming to the table add you guys want to uh keep the 800 going anyone have a problem with that 400 500 okay so sometimes I don't care but uh we'll be off for now I 
hcl_ivey_dwan_garrett_dense_148,https://www.youtube.com/watch?v=bG7K_zq0MoQ&t=22506s,22506,22716,needs_manual_verification,"off River seduced double pairs the board well this is going to get snapped off here I'm sure 7,000 here from Resa bery here with the ace high on this double played board there's a nice little poot for bery go ahead you think this game will run more uh this one depend I'll tell you shut down I I don't know how they did it you have a problem getting a seat when want I mean the 51 I'm not making the truck G"
hcl_ivey_dwan_garrett_dense_149,https://www.youtube.com/watch?v=bG7K_zq0MoQ&t=22645s,22645,22855,needs_manual_verification,2017 during the Super High Roller Bowl per and I made a bet versus him getting laid I think 30 to one Luck's going to piece off here with a four yeah I think that's [Applause] right check check here on the turn theall you got it you got it you got it so I think Robo lat is either 30 1 or 51 on 30k I can't recall that uh Perkins and I wanted to bet that somebody from the super high roller bow field of 2017 would win the main event so I think it was like 55 players and we got laid either 30 or 35
hcl_ivey_dwan_garrett_dense_150,https://www.youtube.com/watch?v=bG7K_zq0MoQ&t=22739s,22739,22949,needs_manual_verification,okay so what oh Luck's going to three bet here with a legit hand and toman's going to defend look how deep these guys are ju on the button 4000 I just have a feeling that are you joining us dur or Garrett open from the button they're going to call at this time take it easy on this queen Deuce against these guys 35 25k 35 you do to me all the I don't want I can do it let's play two four okay cool all right I'm going to buy for 4K if I
hcl_ivey_dwan_garrett_dense_151,https://www.youtube.com/watch?v=bG7K_zq0MoQ&t=22864s,22864,23074,needs_manual_verification,"continue see Garrett might represent a heart river is an eight and lucky is tonight he got called down by nine high from Tom dwan last hour 8,000 here from lucky and maybe Garrett's going to get curious here Nick thinking that lucky might just be betting the Ace of Hearts the whole way yeah yeah that could be cuz he continued to bet on the turn nine and again Garett getting in these little 6,000 6800 69009 I've been wrong every time right anytime I put money in the podt against here I've been wr"
hcl_ivey_dwan_garrett_dense_152,https://www.youtube.com/watch?v=bG7K_zq0MoQ&t=22980s,22980,23190,needs_manual_verification,device Lucky Sevens just a limp and berky here is going to raise it up a 10 diamonds rookie one of the shorter Stacks at the table with 200k and dur is getting involved here do four clubs in Pocket sevens and Ace 10 of diamonds and dur got a flush draw here very dry flush draw Jack 109 checked around ber still not putting money in here turn is a jack he's got the best of it here with Ace 10 and dwan now is going to take a shot this might get called in both spots let's see could get a call from l
hcl_ivey_dwan_garrett_dense_153,https://www.youtube.com/watch?v=bG7K_zq0MoQ&t=23114s,23114,23324,needs_manual_verification,checked was thinking about it that's for sure dwan didn't bet the Flop checked I I mean occasionally dwan can have a jack but that's definitely a different look that is unbelievable I mean it's like I have a FR I got to do something right yeah family in I mean if these guys are coming yeah Ron bought in for 50k if we're playing 800 Nick he's going to be super short for this
hcl_ivey_dwan_garrett_dense_154,https://www.youtube.com/watch?v=bG7K_zq0MoQ&t=23351s,23351,23561,needs_manual_verification,now think you're an idiot what were you doing with threes why' you bet the river there with the 10 I time like d here's going to defend we go with these two All Stars she said 10 I FL you had against that guy what are you an idiot I got very lucky so bar just a real quick finish question how do you unless you run really good when you're playing up big time way more than you used to if you run really good you're going to do well but generally speaking you're going to miss bets you're not going to
hcl_ivey_dwan_garrett_dense_155,https://www.youtube.com/watch?v=bG7K_zq0MoQ&t=23504s,23504,23714,needs_manual_verification,uh we got a lot of lot of good years to come together did he raise to a th000 yeah thank hereat diamond on the button got pretend that every I just lost's to come in there Jack n off out of new game my vamp yo danan I must say Bro you've been playing sharp I mean that I swear to God I I've not seen you make one bad play check did he see the N High I don't know he see that he was
hcl_ivey_dwan_garrett_dense_156,https://www.youtube.com/watch?v=bG7K_zq0MoQ&t=23699s,23699,23909,needs_manual_verification,first name as we go three ways to the Flop too many 2 lucky get a better a 10 and take it down by the way Resa eaten cheesecake with wh cream and I'm going to tell you if you come to the Hustler order it is so good B I know you don't need that is really wrong wow that there's Garr the power tuned into the show a few times I recognized Garrett and then you well if you recognize him there more than enough I'm nothing compared to him but thank you Garrett AKA Soul Ron you are not nothing you are a 
hcl_ivey_dwan_garrett_dense_157,https://www.youtube.com/watch?v=bG7K_zq0MoQ&t=23807s,23807,24017,needs_manual_verification,incredible going to bring it in here for a raise he's not playing scary couple of dunks from early position that was close watch that in the game he like he like fights off the fast up and in look at this pitch is look at this that was a good hit Garrick here completing in the straddle or in the third blind he's flop trip Aces Ron's fire here directly and re is going to call Garrett's got to be obviously aware that Ron could have a very strong hand hand here from up
hcl_ivey_dwan_garrett_dense_158,https://www.youtube.com/watch?v=bG7K_zq0MoQ&t=23964s,23964,24174,needs_manual_verification,"these guys are 200,000 effective here Jack n versus queen 9 in a four bet pot and bery here has flopped a double gutter a six would be a disaster for Dylan because bery would make us make uh excuse me I'm sorry a 10 here would be a disaster but Gill it would have to be a six out there sorry it's been a long night here Berk's got a double gutter let's see if he's going a check [Applause] rise we about to score another run if the six were to come bery would have redraw to a higher straight and ber"
hcl_ivey_dwan_garrett_dense_159,https://www.youtube.com/watch?v=bG7K_zq0MoQ&t=24113s,24113,24323,needs_manual_verification,him 10 seconds and he is he's going to check ra Allen in a four bet pot see River or no has a semi left and he takes deep deep breath was n out [Applause] there I said I thought the bery might do that on the Flop but you don't see check R all in on the turn all that much in forette pots just a rare spot but bery gets it done yeah bad at that call [Applause] CH the question is if Dylan ad Kings race is what you as we take a look here at the chip
hcl_ivey_dwan_garrett_dense_160,https://www.youtube.com/watch?v=bG7K_zq0MoQ&t=24211s,24211,24421,needs_manual_verification,"berky here going to raise it up to 2,000 over the top of run into big hand dur Tom D here with pocket kings on the button and Lucky's got Queens wow and he's just going to call here I'll tell you what we get a a small cardboard nothing connecting it's uh going to get gross and it he forb actually he's actually forb here so the cold forb bet has come in WoW it was just a call to me and a call here only a call by dwan what an amazing feeling Kings on the button with AIT CAU he just called boy luck"
hcl_ivey_dwan_garrett_dense_161,https://www.youtube.com/watch?v=bG7K_zq0MoQ&t=24303s,24303,24513,needs_manual_verification,"card and the river double pairs the board lucky just has no no breaks doesn't matter what comes he's going to bet 20,000 here so 25% of the pot here this just a call by dur we'll see yeah he has fired lucky he's fired all three streets after four betting you know that Tom's thinking about whether he's going to raise or just call in one minute he's going to put a Time chip"
hcl_ivey_dwan_garrett_dense_162,https://www.youtube.com/watch?v=bG7K_zq0MoQ&t=24395s,24395,24605,needs_manual_verification,he's like why didn't I five bet pre he knows it but you know it's Kings and they're super deep and the guy fired all three streets I'm okay with the the just calling the four bet on the button not that of course a five bet would be just fine but um it's just clean one time just a guy like lucky man he has any piece he's just not going anywhere but you know you don't know what he has and I mean the only thing I would say though is lucky I think that's the first time he scored bet Prix yeah so he'
hcl_ivey_dwan_garrett_dense_163,https://www.youtube.com/watch?v=bG7K_zq0MoQ&t=24486s,24486,24696,needs_manual_verification,7000 Lu's a dream come true you know call yep full call to three that in between going to check call [Applause] here usually in this spot you would think someone would have a king calling next to act in a three bet pot but lucky has a seven here and obviously Gary is very observant and he's going to fire again but it's and it's going to he's going to take it down Garrett picking up those those pots picked up a lot of he's made things happen much more than the other post here at the table tonight
hcl_ivey_dwan_garrett_dense_164,https://www.youtube.com/watch?v=bG7K_zq0MoQ&t=24671s,24671,24881,needs_manual_verification,sizes Dylan informing bery that his hand was a fold with the Jack n bery saying I know that exploitable 100% exploitable I don't know if he's talking about pre floper on the turn could be either one but I'm telling you Dylan's a he's a classic he really is he just says's what he thinks kind of refreshing and berky's spped a huge combo draw here against lucky lucky race with Ace King berky here with the flush draw on a double gutter here and he just calls just a call turn ASI is still good here b
hcl_ivey_dwan_garrett_dense_165,https://www.youtube.com/watch?v=bG7K_zq0MoQ&t=24863s,24863,25073,needs_manual_verification,310000 call call 3100 no uh here you still have 200 oh no no no never mind I'm sorry oh yeah yeah yeah yeah you do um that so lucky here might be steaming a bit Nick going to raise it up with way going to get called here three play in a few spots Dylan here's got a hand to play with him okay 64 54 Deuce lucky with top pair top kicker here with the ace
hcl_ivey_dwan_garrett_dense_166,https://www.youtube.com/watch?v=bG7K_zq0MoQ&t=24975s,24975,25185,needs_manual_verification,"35,000 and here comes the rise and I don't know if luy's in the mood to fold here now we saw lucky fold top top yeah he's just going to snap call here with Ace five so 80,000 here we're approaching just about one pot siiz bet turn is a spade which could be a good bluff card here for Dylan if he knew what luck he had he's going to check here 25000 and Lucky's going to bet he's not going to give up a free card and Dylan is done with it there's one back for Lucky Ace [Applause] thanks for the 35,00"
hcl_ivey_dwan_garrett_dense_167,https://www.youtube.com/watch?v=bG7K_zq0MoQ&t=25105s,25105,25315,needs_manual_verification,"G's going to start a bluff here for 3K lucky will call with his flush draw and dwan has trips king queen here durr's got trips and it's a bet and a call and it looks like he's going to check race 14,000 14,000 obviously Garrett's going to get out of the way but is lucky going to continue here with the flush draw the answer is yes trips versus a flush dra 40,000 in there go to the turn"
hcl_ivey_dwan_garrett_dense_168,https://www.youtube.com/watch?v=bG7K_zq0MoQ&t=25241s,25241,25451,needs_manual_verification,level Von's got the best hand here with the nine and he bets it well we don't see what dur has I would imagine that dur if durr's calling he probably has Ron beat unless dur has a flush draw or a gut shot check check here River brings in the club and it's an ace I bet you dur has a king here
hcl_ivey_dwan_garrett_dense_169,https://www.youtube.com/watch?v=bG7K_zq0MoQ&t=25440s,25440,25650,needs_manual_verification,lucky bets 3500 here just don't think there's really much yet for Dylan to do he's going to [Applause] fold and again if you're new to the show we stream live cash games every Monday through Friday every night for 5 hours six on Fridays generally on Fridays and he usually starts at 6 pafic but on Fridays we go an hour earlier I'm picking up yeah officially now oh Dylan is out of here believe we start at five Pacific Five Pacific excuse me it's okay he's out again yeah he's out I've never this gu
hcl_ivey_dwan_garrett_dense_170,https://www.youtube.com/watch?v=bG7K_zq0MoQ&t=25534s,25534,25744,needs_manual_verification,"picks up a back door Club draw with that optimistic Flop Call and the river is a club call with the back door and get there he's going to bet 10,000 now at the end and by the way Garrett has rivered two pair yeah pretty sick Garrett has rivered n and threes and lucky gets there with the back door flush lucky may get paid here well I think he's going to get paid at least I think Garrett is thinking bomb and this is going to be value owned City here Garrett thinks that lucky has an ace boy I think"
hcl_ivey_dwan_garrett_dense_171,https://www.youtube.com/watch?v=bG7K_zq0MoQ&t=25661s,25661,25871,needs_manual_verification,button bery flopping the best of it here with a king might do it like you I have to say something what you in bet 2200 what I got no but yeah here and the river is a five and Reza Rivers two pair and he's going to bet real small here 6K into 22 and this is a unfortunate one here for bery and
hcl_ivey_dwan_garrett_dense_172,https://www.youtube.com/watch?v=bG7K_zq0MoQ&t=25820s,25820,26030,needs_manual_verification,"a couple calls obviously the game is Big so when you put the 800 on and make a call I mean that's yeah 3,000 right there 2500 3,000 oh Lucky's going to tip the dealer 100 bucks very nice of him again the gratui is already worked in so anything extra that the players give the dealers are on top of that as we get a dealer change and here's our C St Tom D over50 really over a quar million so yeah Garrett's you know cuz like you said he chipped away at a lot of creative thoughts that he he yeah for "
hcl_ivey_dwan_garrett_dense_173,https://www.youtube.com/watch?v=bG7K_zq0MoQ&t=25949s,25949,26159,needs_manual_verification,wow Tom DW in there with 10 dece off luy's flop top pair berky the pre flop Razer with ace deuce so Lu's got the best of it minutes for the The Collection 190
hcl_ivey_dwan_garrett_dense_174,https://www.youtube.com/watch?v=bG7K_zq0MoQ&t=26041s,26041,26251,needs_manual_verification,"position and he's going to call with 56 offit 350,000 effective here queens versus 56 offit Jack 46 so D's got a piece of it Garrett Queens with the Queen of Hearts he's going to bet 5,000 here dwan here middle pair some back doors I expect him to continue there's the call 23.8k to the turn turn is an eight dur picks up a gut shot here to a seven back door diamonds appear see if Garrett might play some clot control on this sticky Turn"
hcl_ivey_dwan_garrett_dense_175,https://www.youtube.com/watch?v=bG7K_zq0MoQ&t=26149s,26149,26359,needs_manual_verification,of great shot of that all red board this is a three bet pot where dur defended on the button opened and defended to a three bet he I Tom hold it so many times here I might be oh for the field I might be 0 for what can he beat can we find a Bluff here from dur would dur ever take like the small pocket Pairs and turn great board from my hand I got to
hcl_ivey_dwan_garrett_dense_176,https://www.youtube.com/watch?v=bG7K_zq0MoQ&t=26260s,26260,26470,needs_manual_verification,[Applause] guess I'm going to fold again no he did it nice nice fold Garrett wow oh it's over yeah two of these are yeah makes the right decision yet again he's been doing a lot of holding this weekend mostly right sometimes wrong [Applause] right you don't take that you just pray it happens to one of those that's just such a it's such a bad run out yeah it really was you're good oh don't no don't apologize you're just doing your job you do me a favor and never apologize for that okay I'm all go
hcl_ivey_dwan_garrett_dense_177,https://www.youtube.com/watch?v=bG7K_zq0MoQ&t=26410s,26410,26620,needs_manual_verification,maybe if it's not suited he's just going to play a limp call here we talked about this spot before kind of similar to a tournament with all these blinds Garrett here with nine seven of Spades and dur flopped an a here Garrett with bottom pair third blind versus straddle here we go again with these two fly most of the time here dwan does not have an ace has played pre flop he's going to check call yeah seen a lot of double barrels here yeah from Garrett is he going to try to Barrel dwan off a que
hcl_ivey_dwan_garrett_dense_178,https://www.youtube.com/watch?v=bG7K_zq0MoQ&t=26551s,26551,26761,needs_manual_verification,2K there's a call I'll show you don't worry I thought this might happen both players end up with nothing and lucky just Ms his hand in position nothing happened boy what a gift what a gift for iron wow nothing happened on the river you play that amazing Ron's got 10 high and lucky he didn't from up front he mocked in position I have um honest to four five something like that got a oh my God got air no I have Noir I didn't I had a flash on the turn yeah yeah you had seven High yeah I know had thr
hcl_ivey_dwan_garrett_dense_179,https://www.youtube.com/watch?v=bG7K_zq0MoQ&t=26642s,26642,26852,needs_manual_verification,"going to lead into berky lucky calls and bery is out pipped here by one bery overalls Queen 85 Here and Now Garrett's got top two 910 here is also come in berki could lose some here yeah he's going to lose time I've seen Garrett lead into the pre- Flop Razer in a long time here but he did it multi-way he's going to bet 15,000 now berky's got to be thinking what is going on here what is Garrett leading into me twice bery is definitely going to continue here so 50,000 here to the river river is an"
hcl_ivey_dwan_garrett_dense_180,https://www.youtube.com/watch?v=bG7K_zq0MoQ&t=26742s,26742,26952,needs_manual_verification,"multiway maybe this River saves pery as another hand that he loses to nope nope looks like he's going to flick in the call Garrett chews a little bit into Burks win but he's going to survive by the way someone asked me earlier I saw in the live chat if Tom dwan possibly called with nine High against Lucky from a couple hours ago for information there is no way that Tom dwan put in $6,000 from information come"
hcl_ivey_dwan_garrett_dense_181,https://www.youtube.com/watch?v=bG7K_zq0MoQ&t=26857s,26857,27067,needs_manual_verification,dur opens here on the button this is really where we're going to see if dur wants to play super wide deep cuz he's going to have position over Garrett he opens with 98 Garrett three bets with 10 how wide is dur going to play Here We call we saw him call with 5 six off now he's not going to call it the 98 off oh he would have flopped top here you can do it D rabbit hunting gut shot no it didn't get there all the didn't get there we could have seen a pot there though if he had called thank you all
hcl_ivey_dwan_garrett_dense_182,https://www.youtube.com/watch?v=bG7K_zq0MoQ&t=26952s,26952,27162,needs_manual_verification,"streets bur can bery get two streets here 300 going to bet half the size of the pot here on the turn obviously Garrett's going to call now and we're up to 12,000 the rivers of Deuce that's a very good card for berki and I think he can go maybe 8,000 here 6 to 8,000 let's see there it is 8,000 and here we go again for Garrett yep here we go again Garrett in the Box again he's in the blender again easy one for him huh wow oh no he called it yeah oh he did call was one motion I was going to say wow"
hcl_ivey_dwan_garrett_dense_183,https://www.youtube.com/watch?v=bG7K_zq0MoQ&t=27065s,27065,27275,needs_manual_verification,call I assume that Tom show up for the main event at the World Series but he hasn't been around at all this this year what do you want he changed it already Okay so what do you want to do that's yours right no I didn't that's mine F I didn't put I don't think [Applause] so what am I you guys like sitting right I'm 90% sure I'm Str or not no just around right
hcl_ivey_dwan_garrett_dense_184,https://www.youtube.com/watch?v=bG7K_zq0MoQ&t=27162s,27162,27372,needs_manual_verification,bucks what oh wow oh he's still in a call yeah I guess it's Su why do you like it you want a big pot with it once or you just like it it's a silly story many 20 years ago maybe playing 100 200 whatever and I got into a part with a queen Club Ace Queen D and I won but the guy went berserk like how you getting you know this King and need a queen D and then I keep telling the stories for years just because every time I get it I used to say and then one day like maybe 8 years ago by the way lucky ju
hcl_ivey_dwan_garrett_dense_185,https://www.youtube.com/watch?v=bG7K_zq0MoQ&t=27291s,27291,27501,needs_manual_verification,Lucky Now turns the best the handy check rais me to 68k folds doesn't show me his head just looks me dead in the eye goes what you have I BL oh my God stop information grinding hey bro isn't it on all right do you want to trade hands or what we can trade hands if you I has it showed already I have no idea probably right I I don't know what you had oh wow ber I'm surprised that this probably did lucky leads the turn calls and ber is going to continue to call here with an we can trade hands if you
hcl_ivey_dwan_garrett_dense_186,https://www.youtube.com/watch?v=bG7K_zq0MoQ&t=27420s,27420,27630,needs_manual_verification,pop Carr's going to raise it up here with the ace Jackal hearts and take it down got about 50 minutes left in this epic 8 Hour [Applause] show you're with me no you're with me that's cool no no I was no no I know you're with me that's cool you got you got me I would never do you I was just trying to figure out where I
hcl_ivey_dwan_garrett_dense_187,https://www.youtube.com/watch?v=bG7K_zq0MoQ&t=27521s,27521,27731,needs_manual_verification,"last one I ever play you just like lead into me in spot hand that can go call Liv in town he stays we like him here sure don't don't quit him I'll bet $1,200 see that's why we love him I would have said you could have won a bigger pot if you checked but yeah I think it would have been the exact same well Garrett is in just a printing spot here now he's open once dwan folds he's got the Button he's got he does have bir in the last Garrett opening King seven here and couple good hands in the blind"
hcl_ivey_dwan_garrett_dense_188,https://www.youtube.com/watch?v=bG7K_zq0MoQ&t=27651s,27651,27861,needs_manual_verification,that's kind of my point that's generally what happens that's a three bet there all day long Ron's got the over pair Reza with a three and Reza is going to come out and Lead here what's interesting here is it no I thought dwan might do something that might get IR Ron out of the hand but dwan just folds and D's got a pretty good Hammer lock on this hand he's going to [Applause] it just continuing to fire with a three yeah and it just puts Ron in a tough spot and he's probably going to make this ca
hcl_ivey_dwan_garrett_dense_189,https://www.youtube.com/watch?v=bG7K_zq0MoQ&t=27792s,27792,28002,needs_manual_verification,"sure Garrett's going to raise it up here to 2400 after Rea and B ber complete Berk's going to get in there you giving money out you giving money [Applause] out Queen 69 Garrett here hits top pair bery with bottom pair four thousand 4,000 no you heard the bet I assume is going to fold and I think Berk's going to continue here 76 with the 7even you going to call after I at four thousand are you serious snap I'm losing it here snap there's a nine giving Garrett top two berky open-ended"
hcl_ivey_dwan_garrett_dense_190,https://www.youtube.com/watch?v=bG7K_zq0MoQ&t=27939s,27939,28149,needs_manual_verification,a lucky here is linted in with 95 suited reso raises with Ace King cette Ni Call Lu's got a gut shot straight draw he rips it on the turn and re's got the Ace of Hearts here but Resa takes a card and Lucky's going to bet 2K at the end and Resa calls with a double paired board there's another one for lucky with the straight raise Razer good RA [Applause] who I just didn't feel like it I don't know why yeah I know I so in a in in a second here I think we're going to do a exit interview with Tom dw
hcl_ivey_dwan_garrett_dense_191,https://www.youtube.com/watch?v=bG7K_zq0MoQ&t=28051s,28051,28261,needs_manual_verification,"Once a Night I say I call no once a night I do no call oh going to take a look like I said we can always you can always rewind the live stream I'm rewinding back to our last stat lucky is up now 140,000 may be call it after that hand he I think he lost 50,000 last night Nick something like that uh no I think it was his full buying so it was 100,000 I think so if I remember right yeah yeah Ron just calling here with nines out of the small line against Garrett Garrett's open F been telling me that"
hcl_ivey_dwan_garrett_dense_192,https://www.youtube.com/watch?v=bG7K_zq0MoQ&t=28164s,28164,28374,needs_manual_verification,yeah just a call yeah just a call probably with the you know back to uh the wins and losses I mean you know uh Luck's been a fun player he's great for the show I'm sure he wins often just throwing this out but you know a lot of times people watching poker are so results oriented per session and what they just don't understand is no matter what class of a player you are you're going to have those nights and you're just not going to win every time you play and of course we know that I know I'm sta
hcl_ivey_dwan_garrett_dense_193,https://www.youtube.com/watch?v=bG7K_zq0MoQ&t=28322s,28322,28532,needs_manual_verification,berky Garrett's going to raise it up here 86 of clubs Ron's going to defend here with the King Jack and this is where Ron might get a little bit overmatched here well he is going to take off but you wonder if Garrett sort of picked up on that hesitation call Garrett now picks up a [Applause] pair this is where Ron just sort doesn't do a ton of bluffing but he is going to bet so he does the float with the King Jack and he is going to bet here on the
hcl_ivey_dwan_garrett_dense_194,https://www.youtube.com/watch?v=bG7K_zq0MoQ&t=28412s,28412,28622,needs_manual_verification,"he's he Flats a lot when he's got big hands he raises sometimes when he doesn't um he leads uh sometimes with really big hands sometimes he leads without he's uh sometimes tough to tough to figure out and it depends how he's feeling and how he's running yeah well guys we did make it over 7,000 likes tonight we had close to 20,000 viewers at one point we both dur and uh so ivy in the game this weekend was a"
hcl_ivey_dwan_garrett_dense_195,https://www.youtube.com/watch?v=bG7K_zq0MoQ&t=28526s,28526,28736,needs_manual_verification,"with Jack 10 he's dominated lucky going to call 260,000 effective here we've seen lucky call with less on boards like this but it goes check check and now he might release berky puts in a bet here on the turn you got it you got it you got it you got it got yep this goes to show you the power of having the betting lead in aggression yes last time you said that I bet extra just in case"
hcl_ivey_dwan_garrett_dense_196,https://www.youtube.com/watch?v=bG7K_zq0MoQ&t=28624s,28624,28834,needs_manual_verification,gar just going to Barrel R off this hand 12K to the turn that's a breaking CH for your draw scary thinks that Ron is floating with like or just capable betting you know calling with ace high the river Ron's going to call again and I think Garrett's probably going to put on the brakes here unless we see an overcard well the river's a queen I could see Garrett going like 25 30k here to try to get Ron off of the Jack it's going to be really interesting here oh he's dangerous man he makes hands he's
hcl_ivey_dwan_garrett_dense_197,https://www.youtube.com/watch?v=bG7K_zq0MoQ&t=28721s,28721,28931,needs_manual_verification,yeah kind of went nut like it was bet rais R ra he still Jam that was was wait did you oh it this is the purle I didn't see the great one sorry Garrett's picked up Jack here going to take it down one's good what time it is no CL 15 to 9 9 9:00 15 to 9 yeah iy played looking at some live chat comments Ivy did some uh you call them very very tight things yes that's why I think I agree with you Nick that he might have been distracted flat calling with ECE King a couple times M
hcl_ivey_dwan_garrett_dense_198,https://www.youtube.com/watch?v=bG7K_zq0MoQ&t=28871s,28871,29081,needs_manual_verification,in to uh to put Ron to the test and is that a call I mean ra you know see what I'm rooting for Ron I hope he books a win here you got lucky lucky got lucky man it's a good thing they didn't force that I'm live I didn't have Ace I'm live might have lost both boards I had seven might have lost both boards one more round of straddle I'm in for that let's do it yeah come on we got just a few minutes lucky pushing the straddles lucky having a good night luy is through the Hustler roof I am yeah I'm d
hcl_ivey_dwan_garrett_dense_199,https://www.youtube.com/watch?v=bG7K_zq0MoQ&t=29011s,29011,29221,needs_manual_verification,"with us I call sorry I didn't know wow Reza my man good job job today so far good job today where up 91,000 all that always fun to come in and win a lot quick first orbit right first I've done it before too it's a great [Applause] feeling res comes in the pinch hit and just knocks one out brings in a couple runs Lucky's got bottom two here and Garrett this is Lim poot Garrett's got top pair and Garrett checked it so Luck's going to get one over here on Garrett again and the question is will"
hcl_ivey_dwan_garrett_dense_200,https://www.youtube.com/watch?v=bG7K_zq0MoQ&t=29159s,29159,29369,needs_manual_verification,"speaking Garrett here 3200 with Ace Queen Ron going to call 64 clubs and Lu's in there with Jack n of 10K Garrett here hits top pair Lucky's got second pair which is probably going to make him stick around here for one street y 3,000 in a call and the turn is a nine lucky gets lucky Garr 15,000 15,000 15,000 so Garrett checks here lucky 15,000 here Garrett has the ace of"
